"cancel","取消， 废除； 删去， 删除； 抵消","The concert was cancelled at the last minute due to the storm.","由於暴風雨，音樂會在最後一刻被取消了。"
"recline","向后倚靠， 斜倚","He reclined his chair to take a short nap.","他把椅子向後斜躺，以便小睡片刻。"
"explosive","爆炸的，爆发的；使人冲动的; 炸药","The news of his resignation had an explosive impact on the company.","他辭職的消息對公司產生了爆炸性的影響。"
"prepare","准备， 预备","You need to prepare well for the upcoming exam.","你需要為即將到來的考試做好充分準備。"
"crusade","加入十字军， 投身正义运动; 十字军；斗争，运动","She led a crusade for equal rights in her community.","她在社區中領導了一場爭取平等權利的運動。"
"supplant","取代， 代替","Electric cars are expected to supplant gasoline-powered vehicles in the future.","電動汽車預計將在未來取代燃油車。"
"surgeon","外科医师","The surgeon performed a life-saving operation on the patient.","外科醫生為病人進行了一場挽救生命的手術。"
"abrupt","突然的， 意外的； 唐突的， 鲁莽的","The car came to an abrupt stop at the red light.","汽車在紅燈前突然停了下來。"
"discourage","使泄气， 使灰心； 阻止， 劝阻","Don't let a small failure discourage you from trying again.","不要因為一次小小的失敗而灰心，不敢再試。"
"predispose","事先影响某人； 易受感染","A lack of sleep can predispose you to catching a cold.","睡眠不足會使你更容易感冒。"
"spontaneous","自发的， 自然产生的； 自然的， 无雕饰的","Her decision to travel the world was completely spontaneous.","她環遊世界的決定完全是自發的。"
"convection","对流； 传送","Heat is transferred through the room by convection.","熱量透過對流在房間裡傳遞。"
"wreck","使失事；破坏; 沉船； 失事","The ship was wrecked during the violent storm.","船在猛烈的風暴中失事了。"
"twinkling","闪光的; 瞬间，一眨眼","In the twinkling of an eye, the magician disappeared.","一眨眼的功夫，魔術師就消失了。"
"gloomy","忧郁的， 令人沮喪的； 昏暗的， 阴暗的， 阴沉的","The gloomy weather perfectly matched her sad mood.","陰沉的天氣與她悲傷的心情正好相符。"
"reproach","指责， 斥责， 批评","He looked at his son with a mixture of reproach and disappointment.","他用一種責備和失望交織的眼神看著兒子。"
"customs","关税， 进口税； 海关","You have to go through customs when you enter a foreign country.","當你進入一個外國時，必須通過海關。"
"warrant","授权，批准；许可证；委任状，执行令; 保证， 担保； 使正当","The police have a warrant for his arrest.","警方有對他的逮捕令。"
"sake","缘故， 理由； 好处","For the sake of your health, you should quit smoking.","為了你的健康著想，你應該戒菸。"
"conceal","隐蔽； 隐瞒； 覆盖","He tried to conceal the truth from his parents.","他試圖對父母隱瞞真相。"
"solid","固体的；实心的；结实的，稳固的；可靠的；连续的; 固体","The table is made of solid oak.","這張桌子是實心橡木製成的。"
"narrative","叙述性的; 叙述；记叙体，叙述技巧","The novel has a complex narrative structure with multiple timelines.","這部小說有多條時間線，敘事結構複雜。"
"coincide","同时发生； 一致， 相符； 重合","My vacation plans coincide with the national holiday.","我的假期計畫與國定假日恰好重合。"
"circular","圆形的， 环形的； 循环的； 绕行的","The ancient stone monument has a circular shape.","那座古老的石頭紀念碑是圓形的。"
"scratch","刮擦，划；抓，搔; 划痕； 挠痒","The cat accidentally scratched my arm.","貓不小心抓傷了我的手臂。"
"require","需要； 要求， 命令","This job requires at least five years of experience.","這份工作要求至少五年經驗。"
"cooperative","合作的，协作的；配合的; 合作企业","We made a cooperative effort to finish the project on time.","我們同心協力，按時完成了專案。"
"willow","柳， 柳树； 柳木制品","A beautiful willow tree grew by the riverbank.","一棵美麗的柳樹生長在河岸邊。"
"corporeal","肉体的， 身体的； 物质的； 实体的","Humans are corporeal beings, subject to physical limitations.","人類是肉體的存在，受制於物理限制。"
"irritable","急躁的， 易怒的； 易受刺激的； 过敏的","He becomes very irritable when he hasn't had enough sleep.","當睡眠不足時，他會變得非常易怒。"
"triple","增至三倍; 三部分的； 三方的； 三倍的","The company's profits have tripled in the last year.","公司利潤在去年增至三倍。"
"temper","脾气，性情; 缓和， 调节","He needs to learn to control his temper.","他需要學會控制自己的脾氣。"
"legible","清楚的； 易读的","Her handwriting is so neat and legible.","她的字跡非常工整易讀。"
"tickle","发痒；使高兴，逗乐; 痒","The feather started to tickle my nose.","羽毛弄得我的鼻子癢癢的。"
"cardiac","心脏的； 心脏病的","The patient was admitted to the cardiac unit for observation.","病人被送入心臟科病房進行觀察。"
"accessible","易接近的； 可得到的； 可进入的","The museum is easily accessible by public transportation.","搭乘大眾運輸工具可以輕鬆到達這家博物館。"
"ageism","年龄歧视","Ageism is a serious problem in the workplace, affecting both young and old employees.","年齡歧視是職場中的一個嚴重問題，影響著年輕和年長的員工。"
"cliff","悬崖， 峭壁","We stood at the edge of the cliff and looked down at the sea.","我們站在懸崖邊，俯瞰著大海。"
"roll","滚动，转动；卷，绕；摇摆，摇晃; 卷； 卷形物； 名单， 花名册","The ball rolled down the hill.","球滾下了山坡。"
"notable","值得注意的，明显的；显著的；著名的；重要的; 名人， 要人","One of the city's most notable features is its historic architecture.","這座城市最顯著的特色之一是其歷史建築。"
"concede","承认； 让步； 允许","After a long debate, he finally conceded the point.","經過長時間的辯論，他最終承認了那一點。"
"unparalleled","空前的， 无比的","The company has achieved a level of success that is unparalleled in its industry.","該公司取得了在其行業內無與倫比的成功。"
"evaporate","蒸发； 消失， 不复存在","His hopes of winning the lottery quickly evaporated.","他中樂透的希望很快就破滅了。"
"luminosity","亮度， 发光度； 光明","The luminosity of the star made it visible even from a great distance.","那顆恆星的亮度使其在很遠的地方也清晰可見。"
"commission","授权，委任；委员会；佣金，回扣; 委托， 授权","She received a 10% commission on every sale she made.","她每做成一筆銷售，就能得到10%的佣金。"
"policy","政策， 方针； 原则； 保险单","The company has a strict policy against smoking in the office.","公司有嚴格的辦公室禁菸政策。"
"resume","重新开始， 继续","Let's take a short break and then resume our work.","讓我們稍作休息，然後繼續工作。"
"provocative","挑衅的， 煽动性的； 惹人讨厌的； 挑逗的","The article was written in a provocative style to generate discussion.","這篇文章以挑釁的風格寫成，旨在引發討論。"
"address","作讲话； 写姓名地址; 地址；讲话","He gave a formal address to the conference attendees.","他向與會者發表了正式講話。"
"spiral","盘旋；盘旋上升；急剧增长; 螺旋形的; 螺旋形； 螺旋式的上升","The price of housing has been in an upward spiral for years.","多年來，房價一直處於螺旋式上升狀態。"
"artistic","艺术的； 富有艺术性的， 精美的； 有艺术天赋的","Her paintings show great artistic talent.","她的畫作展現了極高的藝術天分。"
"ramble","漫游；漫谈，闲聊; 漫步","He tends to ramble when he's nervous.","他緊張的時候說話容易語無倫次。"
"vocation","职业； 使命感； 圣召","She believes that nursing is her true vocation.","她相信護理是她真正的使命。"
"halt","停住， 停下; 停止，阻止；暂停","The project came to a halt due to a lack of funding.","由於缺乏資金，該專案陷入停頓。"
"throw","投，掷，抛；丢，扔；使陷入，使处于；使困惑，使吃惊; 投， 掷， 抛； 投掷的距离","Don't throw stones at the window!","別朝窗戶扔石頭！"
"sunset","日落， 傍晚","We watched the beautiful sunset over the ocean.","我們觀看了海上美麗的日落。"
"stature","身材， 身高； 地位， 声望， 名望","He is a politician of considerable stature and influence.","他是一位地位和影響力都相當可觀的政治家。"
"dogged","顽强的， 坚持不懈的； 顽固的， 固执的","Her dogged determination helped her overcome many obstacles.","她頑強的決心幫助她克服了許多障礙。"
"plasma","血浆； 等离子体","Plasma is the liquid component of blood.","血漿是血液的液體成分。"
"exorbitant","过高的， 不合理的","The hotel charges exorbitant prices for its rooms.","這家酒店的房價高得離譜。"
"surgery","外科手术； 外科学； 手术室， 诊疗室","He will need surgery to repair the damaged knee.","他需要動手術來修復受損的膝蓋。"
"violent","暴力的； 感情强烈的， 激情的； 强烈的， 激烈的","The movie was too violent for young children.","這部電影對幼兒來說太暴力了。"
"inaccessible","难达到的， 不可及的； 不能得到的","The remote village is inaccessible by car during the winter.","在冬季，汽車無法到達那個偏遠的村莊。"
"resolve","解决；决定，决心；分解；显现; 决心， 决议","We need to resolve this issue as soon as possible.","我們需要盡快解決這個問題。"
"choreograph","设计舞蹈动作， 编舞","She was hired to choreograph the dance scenes for the musical.","她被聘請為這部音樂劇編排舞蹈場景。"
"nonverbal","非语言的","Body language is a powerful form of nonverbal communication.","肢體語言是一種強有力的非語言溝通方式。"
"deploy","部署， 调度； 利用","The company plans to deploy its new software across all branches.","該公司計劃在所有分支機構部署其新軟體。"
"reproduce","繁殖， 生育； 复制； 再现","The artist was able to reproduce the famous painting with amazing accuracy.","這位藝術家能夠以驚人的準確度複製這幅名畫。"
"skeleton","梗概， 提纲； 骨架， 骨骼； 框架","The human skeleton is composed of 206 bones.","人體骨骼由206塊骨頭組成。"
"huddle","聚集在一起， 挤作一团； 蜷缩， 缩成一团， 蜷缩; 挤在一起的人","The penguins huddle together for warmth during the cold winter.","企鵝們在寒冷的冬天擠在一起取暖。"
"syntactic","句法的； 按照句法的","The computer program checks for syntactic errors in the code.","這個電腦程式會檢查代碼中的語法錯誤。"
"rendition","表演， 演唱； 提供， 给予； 翻译","Her rendition of the classic song was breathtaking.","她對那首經典歌曲的演繹令人屏息。"
"intersection","交点； 十字路口， 道路交叉口","Be careful when you cross the busy intersection.","過這個繁忙的十字路口時要小心。"
"scholarship","奖学金； 学问， 学识","She won a scholarship to study at a prestigious university.","她贏得了在一所著名大學學習的獎學金。"
"myriad","无数的； 大量的; 无数；大量","The night sky was filled with a myriad of stars.","夜空中佈滿了無數的星星。"
"besides","而且， 还有; 除…之外","Besides being a talented musician, he is also an excellent painter.","他不僅是一位才華橫溢的音樂家，也是一位出色的畫家。"
"disperse","分散， 散开； 疏散； 散布","The police used tear gas to disperse the crowd.","警察使用催淚瓦斯來驅散人群。"
"incinerate","焚化， 焚毁","The factory was built to incinerate industrial waste safely.","這家工廠的建立是為了安全地焚燒工業廢料。"
"fantasy","想象， 幻想","He lives in a fantasy world and refuses to face reality.","他活在一個幻想世界裡，拒絕面對現實。"
"capillary","毛状的； 毛细血管的; 毛细血管","Capillaries are the smallest blood vessels in the body.","毛細血管是體內最小的血管。"
"deform","变形","The intense heat caused the plastic bottle to deform.","高溫導致塑膠瓶變形。"
"informative","提供消息的， 给予知识的； 见闻广博的","The documentary about ancient Egypt was very informative.","那部關於古埃及的紀錄片內容非常豐富。"
"check","支票；账单；","Can I pay by check?","我可以用支票付款嗎？"
"frustrate","使感到灰心， 挫败； 阻止","His inability to solve the problem began to frustrate him.","他因無法解決問題而開始感到沮喪。"
"sparse","稀疏的， 稀少的； 贫乏的","The vegetation in the desert is sparse.","沙漠裡的植被很稀疏。"
"gorgeous","漂亮的； 令人愉快的； 华丽的， 灿烂的","She looked gorgeous in her wedding dress.","她穿著婚紗看起來美極了。"
"pragmatic","务实的， 注重实效的， 实用的","We need a pragmatic approach to solve this complex issue.","我們需要一個務實的方法來解決這個複雜的問題。"
"erosion","腐蚀， 侵蚀； 削弱， 减少","Soil erosion is a major environmental problem in many parts of the world.","水土流失是世界許多地區的主要環境問題。"
"methane","甲烷， 沼气","Methane is a powerful greenhouse gas.","甲烷是一種強效的溫室氣體。"
"tectonic","地壳构造的","The earthquake was caused by the movement of tectonic plates.","地震是由地殼構造板塊的運動引起的。"
"superstitious","迷信的， 受迷信思想支配的","Many people are superstitious about the number 13.","許多人對數字13很迷信。"
"ascend","上升， 升高； 攀登","The climbers slowly began to ascend the mountain.","登山者們開始緩慢地攀登那座山。"
"elasticity","弹力； 弹性","The material's elasticity allows it to return to its original shape.","這種材料的彈性使其能夠恢復到原來的形狀。"
"proactive","积极主动的； 先发制人的","Instead of waiting for problems to happen, we should take a proactive approach.","我們應該採取積極主動的方法，而不是等待問題發生。"
"aboriginal","原始的；土著的，土生土长的; 土著","The museum has a fascinating exhibition on Aboriginal art and culture.","博物館有一個關於原住民藝術和文化的迷人展覽。"
"indispensable","必不可少的","A good dictionary is indispensable for learning a new language.","一本好字典對於學習一門新語言是必不可少的。"
"lens","透镜； 镜头； 镜片","The photographer used a wide-angle lens to capture the landscape.","攝影師使用廣角鏡頭來拍攝風景。"
"embody","表达， 体现； 含有","She embodies the spirit of kindness and generosity.","她體現了善良與慷慨的精神。"
"verifiable","可证实的， 可核实的","All claims in the report must be supported by verifiable evidence.","報告中的所有主張都必須有可核實的證據支持。"
"comprehensible","可理解的， 能懂的， 能充分理解的","He explained the complex theory in a clear and comprehensible way.","他以一種清晰易懂的方式解釋了那個複雜的理論。"
"motive","发动的； 导致运动的; 动机，目的","The police are still investigating the motive for the crime.","警方仍在調查犯罪動機。"
"elliptical","椭圆的； 隐晦的； 省略的， 简略的","The planets move in elliptical orbits around the sun.","行星沿著橢圓軌道圍繞太陽運行。"
"emancipate","解放， 解除","The new law was intended to emancipate the workers from unfair conditions.","新法律旨在將工人從不公平的條件中解放出來。"
"romantic","爱情的； 浪漫的， 富有情调的； 多情的； 不切实际的， 幻想的； [R-]浪漫主义的","They went for a romantic walk on the beach at sunset.","他們在日落時分去海灘進行了一次浪漫的散步。"
"motivate","激励； 激发","A good coach knows how to motivate the team to perform at their best.","一位好的教練知道如何激勵團隊發揮出最佳水平。"
"spoil","破坏； 宠坏， 溺爱； 变质","Don't leave the milk out of the fridge, or it will spoil.","不要把牛奶放在冰箱外面，否則它會變質。"
"multiply","增加； 繁殖； 乘","The bacteria can multiply rapidly in warm conditions.","在溫暖的條件下，細菌可以迅速繁殖。"
"pasture","牧场，草原；","The sheep were grazing peacefully in the green pasture.","羊群在綠色的牧場上安詳地吃草。"
"conducive","有助于…的， 有益于…的","A quiet environment is conducive to studying.","一個安靜的環境有助於學習。"
"pilot","试验性的; 飞行员，领航员；领导人; 驾驶， 领航； 试行， 试用； 使通过， 引导","The company is launching a pilot program to test the new software.","公司正在啟動一個試點計畫來測試新軟體。"
"curative","有助于治疗的，有疗效的; 药物","Some people believe in the curative powers of certain herbs.","有些人相信某些草藥具有療效。"
"cartilage","软骨","The shark's skeleton is made of cartilage, not bone.","鯊魚的骨骼是由軟骨而非骨頭構成的。"
"snide","伪造的； 不诚实的； 讽刺的， 挖苦的， 含沙射影的","He made a snide remark about her new haircut.","他對她的新髮型發表了尖酸刻薄的評論。"
"multiple","多样的；多重的; 倍数","The victim suffered multiple injuries in the accident.","受害者在事故中遭受了多處傷害。"
"expose","暴露， 显露； 揭露， 揭穿； 使接触， 使面临","The investigation exposed a major corruption scandal.","這次調查揭露了一樁重大的腐敗醜聞。"
"magnet","磁铁， 磁体； 有吸引力的人","The city has become a magnet for young artists and musicians.","這座城市已成為吸引年輕藝術家和音樂家的地方。"
"versatile","多才多艺的； 多用途的","This is a versatile tool that can be used for many different tasks.","這是一個可用於許多不同任務的多功能工具。"
"concentrate","集中，专心；","I can't concentrate on my work with all this noise.","在這麼嘈雜的環境下，我無法專心工作。"
"versus","对， 对抗； 与…相对， 与…相比","Tonight's game is the home team versus their biggest rivals.","今晚的比賽是主隊對抗他們最大的對手。"
"penmanship","书法","He was praised for his excellent penmanship.","他因其出色的書法而受到稱讚。"
"tundra","苔原， 冻原， 冻土地带","The arctic tundra is a harsh environment with very few trees.","北極苔原是一個幾乎沒有樹木的嚴酷環境。"
"explosion","爆炸； 爆发； 激增","There was a sudden explosion of interest in vintage fashion.","人們對復古時尚的興趣突然激增。"
"tinker","做焊锅匠；做拙劣修补; 补锅匠","He likes to tinker with old cars in his garage.","他喜歡在他的車庫裡修補舊汽車。"
"populate","居住于","The island is populated by a variety of rare bird species.","島上居住著各種珍稀鳥類。"
"puncture","刺穿；泄气，挫伤; 小孔； 刺伤","A sharp nail punctured the tire of my bicycle.","一根尖銳的釘子刺穿了我的自行車輪胎。"
"permit","允许， 许可; 许可证， 执照","You need a permit to fish in this lake.","在這個湖裡釣魚需要許可證。"
"translation","翻译； 译文， 译本","The novel has been published in several different translations.","這部小說已經出版了幾種不同的譯本。"
"personnel","全体人员， 员工","All personnel are required to attend the safety training.","所有人員都必須參加安全培訓。"
"splash","溅， 泼; 重点文章；溅上的液体；斑点","The car drove through the puddle, splashing muddy water everywhere.","汽車駛過水坑，把泥水濺得到處都是。"
"fountain","喷泉； 丰富来源， 源泉","The hotel lobby features a beautiful marble fountain.","酒店大廳中央有一座美麗的大理石噴泉。"
"catalog","目录","You can order the items from our latest catalog.","您可以從我們最新的目錄中訂購商品。"
"part-time","兼职的； 部分时间的","She works part-time at the local bookstore.","她在當地的書店做兼職工作。"
"pioneer","开拓，开创; 开拓者， 创始人","He was a pioneer in the field of computer science.","他是計算機科學領域的先驅。"
"chilly","寒冷的； 冷淡的， 不友好的","It's a bit chilly today, so you should wear a jacket.","今天有點冷，你應該穿件夾克。"
"flagellum","[昆] 鞭毛；鞭子；鞭状匍匐枝","Bacteria use their flagellum to move through liquid.","細菌利用其鞭毛在液體中移動。"
"rhinoceros","犀牛","The rhinoceros is known for the large horn on its nose.","犀牛以其鼻子上的大角而聞名。"
"implication","含义； 暗示， 暗指； 卷入， 牵连","The implication of his statement was that he was not satisfied.","他聲明的言外之意是他並不滿意。"
"fierce","凶猛的， 残忍的； 狂热的， 强烈的； 激烈的， 猛烈的","The two teams have a fierce rivalry.","這兩支隊伍之間有著激烈的競爭關係。"
"reservation","预约， 预订； 保留意见， 疑惑； 居留地","I'd like to make a dinner reservation for two people.","我想預訂兩個人的晚餐座位。"
"block","阻塞；阻碍，妨碍; 大块； 街区； 障碍物","A fallen tree is blocking the road.","一棵倒下的樹擋住了路。"
"cordial","亲切的， 热诚的","We received a cordial welcome from our hosts.","我們受到了主人的熱情歡迎。"
"odorous","有气味的， 难闻的； 香的， 芬芳的","The durian fruit is known for its strong, odorous smell.","榴槤以其強烈的氣味而聞名。"
"cooperation","合作， 协作","This project requires close cooperation between all departments.","這個專案需要所有部門之間的密切合作。"
"conceit","自负， 自大","His conceit was so great that he couldn't see his own mistakes.","他的自負如此之大，以至於他看不到自己的錯誤。"
"modulate","调整， 调节； 调制","She can modulate her voice to express different emotions.","她可以調節自己的聲音來表達不同的情感。"
"mottled","有杂色的， 斑驳的","The bird's eggs were a pale blue, mottled with brown spots.","鳥蛋是淡藍色的，上面有棕色的斑點。"
"morphology","形态学， 形态论","The scientist is studying the morphology of insects.","這位科學家正在研究昆蟲的形態學。"
"distant","远离的， 遥远的； 疏远的， 冷淡的； 久远的； 不同的","In the distant future, we may be able to travel to other galaxies.","在遙遠的未來，我們或許能夠旅行到其他星系。"
"resonance","共振， 共鸣； 回声， 反响","His speech had a deep resonance with the audience.","他的演講在聽眾中引起了深刻的共鳴。"
"propose","建议， 提议； 提名， 推荐； 打算， 计划； 求婚","I propose that we postpone the meeting until next week.","我提議我們將會議推遲到下週。"
"spearhead","先锋，前锋，先头部队; 为…作先锋； 带头做","She spearheaded the campaign to save the local library.","她帶頭發起了拯救當地圖書館的運動。"
"seismograph","地震仪， 测震仪","A seismograph is an instrument used to detect and record earthquakes.","地震儀是用於探測和記錄地震的儀器。"
"reform","改革， 改造， 革新； 改正， 改过自新","The new government promised to reform the education system.","新政府承諾改革教育體系。"
"angular","有角的， 尖角的； 消瘦的， 瘦骨嶙峋的","The modern building had a very angular design.","那座現代建築有著非常棱角分明的設計。"
"daylight","日光； 白昼","We should make the most of the daylight hours.","我們應該充分利用白天的時間。"
"podium","讲坛， 讲台； 指挥台","She stepped onto the podium to accept her award.","她走上講台領取她的獎項。"
"binary","二进制的； 二元的； 由两部分组成的","Computers operate using a binary system of zeros and ones.","電腦使用由零和一組成的二進制系統運行。"
"ensue","继而发生， 接着发生","A heated argument ensued after the decision was announced.","在決定宣布後，隨即發生了激烈的爭論。"
"crazy","疯狂的， 不理智的； 狂热的， 热衷的； 精神失常的","That's a crazy idea, but it just might work!","那真是個瘋狂的想法，但說不定能行！"
"microscopic","用显微镜可见的； 极小的","Bacteria are microscopic organisms that cannot be seen with the naked eye.","細菌是用肉眼無法看見的微小生物。"
"homage","尊敬， 敬意","The film is a homage to the classic horror movies of the 1950s.","這部電影是向1950年代的經典恐怖片致敬。"
"penicillin","青霉素， 盘尼西林","The discovery of penicillin revolutionized medicine.","青黴素的發現徹底改變了醫學。"
"pine","憔悴； 难过， 悲伤; 松树","She was pining for her homeland.","她思念著自己的故鄉。"
"enlightenment","启发， 教化， 启迪； [the E-]启蒙运动","The 18th century is known as the Age of Enlightenment.","十八世紀被稱為啟蒙時代。"
"irony","反话， 讽刺， 嘲弄； 具有讽刺意味的事","In a strange irony, the fire station burned down.","真是諷刺，消防站竟然燒毀了。"
"caterpillar","毛毛虫","The caterpillar will eventually transform into a beautiful butterfly.","毛毛蟲最終會變成一隻美麗的蝴蝶。"
"hypertext","超文本","Hypertext allows you to link from one document to another.","超文本允許你從一個文件連結到另一個文件。"
"bedrock","基础， 根基； 基岩","Trust is the bedrock of any strong relationship.","信任是任何穩固關係的基石。"
"syndrome","综合征； 典型表现","Chronic fatigue syndrome can be a debilitating condition.","慢性疲勞綜合症可能是一種使人衰弱的病症。"
"newsprint","新闻纸","Newsprint is a low-cost paper used for printing newspapers.","新聞紙是用於印刷報紙的低成本紙張。"
"tow","拖， 牵引","The car broke down and had to be towed to the nearest garage.","汽車拋錨了，不得不被拖到最近的修車廠。"
"harmonic","泛音；","The singer's voice had a rich, harmonic quality.","那位歌手的聲音具有豐富的和聲質感。"
"haul","拖，拖运; 拖， 拉， 拖运； 一次获得的数量； 旅行的距离","The fishermen were pleased with their large haul of fish.","漁民們對他們捕獲的大量魚感到高興。"
"energetic","精力充沛的， 积极的","The children were very energetic after eating all that candy.","孩子們吃了那些糖果後變得精力充沛。"
"quilt","缝被；缝制; 被褥","My grandmother made me a beautiful quilt for my birthday.","我祖母為我的生日做了一床漂亮的被子。"
"premier","第一的， 首要的； 最著名的; 首相，总理","He is considered the premier expert in his field.","他被認為是其領域內首屈一指的專家。"
"allergic","过敏的， 变态反应的； 对…讨厌的","I'm allergic to cats, so I start sneezing when I'm near them.","我對貓過敏，所以靠近牠們時就會開始打噴嚏。"
"oceanographer","海洋学者","The oceanographer is studying the effects of climate change on marine life.","海洋學家正在研究氣候變遷對海洋生物的影響。"
"anecdote","秘闻； 轶事， 趣闻","He told a funny anecdote about his first day at work.","他講了一個關於他第一天上班的有趣軼事。"
"officious","爱发号施令的， 爱指手画脚的","The officious security guard ordered everyone to move back.","愛管閒事的保全人員命令所有人後退。"
"infiltrate","渗入， 渗透； 悄悄进入， 潜入","The spy managed to infiltrate the enemy's headquarters.","間諜成功潛入了敵方總部。"
"hostile","不友好的， 敌意的； 敌方的","The two countries have had a hostile relationship for decades.","這兩個國家幾十年來一直處於敵對關係。"
"flora","植物群","The Amazon rainforest has an incredibly diverse flora.","亞馬遜雨林擁有極其多樣的植物群。"
"celestial","天空的， 天上的","Ancient astronomers studied the movement of celestial bodies.","古代天文學家研究天體的運行。"
"decode","译， 解， 破译","It took a team of experts to decode the ancient script.","專家團隊花了很大力氣才破譯了古代文字。"
"bruise","出现伤痕；挫伤; 伤痕， 擦痕， 青肿","He got a large bruise on his leg after falling off his bike.","他從自行車上摔下來後，腿上出現了一大塊瘀青。"
"crawl","缓慢行进；爬行; 缓慢的速度","The baby is just learning to crawl.","嬰兒剛學會爬行。"
"identical","相同的； 同一的","The twins were so identical that even their parents had trouble telling them apart.","這對雙胞胎長得如此相像，連他們的父母都很難分辨。"
"unaided","未受协助的， 独立的","He climbed the mountain unaided.","他獨力登上了那座山。"
"ambitious","有雄心的， 有野心的","She is an ambitious young lawyer who wants to become a partner in the firm.","她是一位雄心勃勃的年輕律師，想成為事務所的合夥人。"
"coral","珊瑚色的， 红色的; 珊瑚","The coral reefs are home to a vast array of marine life.","珊瑚礁是大量海洋生物的家園。"
"delinquency","行为不良； 过失， 失职","Juvenile delinquency is a growing concern in the city.","青少年犯罪是該市日益關注的問題。"
"pliant","柔软的； 温顺的； 易受影响的","The young tree had a pliant stem that bent in the wind.","那棵小樹有著柔軟的莖，在風中彎曲。"
"revere","尊敬， 敬畏","She is revered as one of the country's greatest poets.","她被尊為該國最偉大的詩人之一。"
"sneaky","偷偷摸摸的， 鬼鬼祟祟的","The sneaky cat stole a fish from the kitchen counter.","那隻鬼鬼祟祟的貓從廚房櫃檯上偷走了一條魚。"
"pigeon","鸽子","A pigeon landed on the windowsill outside my apartment.","一隻鴿子落在我公寓外的窗台上。"
"hatch","孵化，孵出; 开口； 舱门","The chicks are expected to hatch in a few days.","預計小雞將在幾天內孵出。"
"patriot","爱国者","He was remembered as a true patriot who fought for his country's freedom.","他被銘記為一位為國家自由而戰的真正愛國者。"
"pernicious","有害的， 恶性的","The pernicious effects of smoking are well-documented.","吸煙的有害影響已有詳細記載。"
"revert","恢复； 归还， 归属","After the experiment, the system will revert to its original state.","實驗結束後，系統將恢復到其原始狀態。"
"cohabitation","同居， 同住","The study looks at trends in cohabitation before marriage.","該研究著眼於婚前同居的趨勢。"
"herbivore","食草动物","Cows, sheep, and deer are all examples of herbivores.","牛、羊和鹿都是食草動物的例子。"
"successive","接替的， 继承的； 接连的， 连续的","The team has won five successive games.","該隊已連續贏得五場比賽。"
"ceremony","典礼， 仪式； 礼节","The graduation ceremony will be held in the main auditorium.","畢業典禮將在主禮堂舉行。"
"improve","改善， 改进， 增进； 好转， 进步","He is taking classes to improve his English skills.","他正在上課以提高自己的英語能力。"
"idyllic","田园诗般的， 田园风光的， 牧歌的","They live an idyllic life in a small cottage in the countryside.","他們在鄉村的一間小木屋裡過著田園詩般的生活。"
"hawk","鹰，隼；主战分子; 叫卖， 兜售","The hawk soared high in the sky, searching for prey.","老鷹在天空中高飛，尋找獵物。"
"speckle","弄上斑点；点缀; 斑点； 色斑","The bird's eggs are speckled with brown and grey marks.","這種鳥的蛋上帶有棕色和灰色的斑點。"
"emanate","散发； 表现， 显示","A wonderful smell emanated from the kitchen.","廚房裡散發出美妙的香味。"
"captivity","囚禁， 拘留","The animals were born in captivity at the zoo.","這些動物是在動物園的人工飼養環境中出生的。"
"levy","征收; 征收额； 税款； 征兵","The government decided to levy a new tax on luxury goods.","政府決定對奢侈品徵收新稅。"
"generous","慷慨的， 大方的； 大量的， 丰富的； 宽厚的， 宽宏大量的","Thank you for your generous donation to our charity.","感謝您對我們慈善機構的慷慨捐贈。"
"jelly","果冻， 胶状物","She served fruit and jelly for dessert.","她端上了水果和果凍作為甜點。"
"crescent","新月形的；逐渐增强的; 新月； 新月形， 月牙形","The moon was a thin crescent in the night sky.","月亮在夜空中呈一彎細細的新月。"
"clue","线索； 提示","The detective found a crucial clue at the crime scene.","偵探在犯罪現場找到了一條至關重要的線索。"
"meteorite","陨石","Scientists are studying the composition of the meteorite.","科學家們正在研究這塊隕石的成分。"
"molten","熔化的， 熔融的","The volcano spewed molten lava down the mountainside.","火山將熔化的岩漿噴下山腰。"
"radius","半径； 周围， 范围","The search area has a radius of five miles.","搜索區域的半徑為五英里。"
"signal","发信号，示意；标志; 显要的， 重大的; 信号，暗号；标志","A red light is a signal to stop.","紅燈是停止的信號。"
"scruffy","不整洁的， 邋遢的","He was wearing a scruffy old pair of jeans.","他穿著一條邋遢的舊牛仔褲。"
"impair","削弱； 损害","Lack of sleep can seriously impair your ability to drive.","睡眠不足會嚴重損害你的駕駛能力。"
"sumptuous","奢华的， 豪华的","They enjoyed a sumptuous banquet at the palace.","他們在宮殿裡享用了一頓奢華的宴會。"
"stray","迷路；分心，走神；离题; 迷路的；","A stray dog was wandering the streets.","一隻流浪狗在街上徘徊。"
"static","静态的， 静止的； 静电的； 静力的; 静电噪音；静电；[-s]静力学","The price of the product has remained static for the past year.","該產品的價格在過去一年中保持不變。"
"kinship","血缘关系， 亲属关系","There is a strong sense of kinship among the members of the small community.","這個小社區的成員之間有很強的親密感。"
"soluble","可溶的； 可解决的","Salt is soluble in water.","鹽可溶於水。"
"varied","各式各样的","The restaurant offers a varied menu with dishes from around the world.","這家餐廳提供各式各樣的菜單，菜餚來自世界各地。"
"intriguing","引起兴趣的， 吸引人的","She has a very intriguing personality.","她有著非常迷人的個性。"
"strap","带; 用带捆扎， 束牢； 用绷带包扎","He tightened the strap on his backpack.","他拉緊了背包的帶子。"
"diversify","多样化， 不同","The company is trying to diversify its range of products.","該公司正試圖使其產品範圍多樣化。"
"graph","图表","The graph shows a sharp increase in sales over the last quarter.","圖表顯示上個季度的銷售額急劇增長。"
"feast","尽情享用; 节日；盛宴，宴会","The villagers prepared a great feast to celebrate the harvest.","村民們準備了一場盛大的宴會來慶祝豐收。"
"sodium","钠","This food is high in sodium, so you shouldn't eat too much of it.","這種食物鈉含量很高，所以你不應該吃太多。"
"imbibe","喝； 吸收， 接受","She imbibed the local culture during her year abroad.","她在國外的一年裡吸收了當地的文化。"
"impermeable","不可渗透的， 不透水的","This jacket is made of an impermeable material to keep you dry in the rain.","這件夾克由不透水材料製成，可讓你在雨中保持乾爽。"
"precautionary","预防的","As a precautionary measure, the school was closed during the snowstorm.","作為預防措施，學校在暴風雪期間關閉。"
"pretentious","自负的","He's so pretentious, always using big words to sound smart.","他太自負了，總是用大詞來顯得聰明。"
"tackle","对付，处理；阻截；抢球; 拦截； 用具","The government is determined to tackle the problem of unemployment.","政府決心處理失業問題。"
"solvent","有溶解力的； 有偿付能力的; 溶剂","The company is no longer solvent and must declare bankruptcy.","該公司已無償付能力，必須宣布破產。"
"nude","裸体的","The artist was famous for his paintings of nude figures.","這位藝術家以其裸體人物畫而聞名。"
"distract","分散注意力， 使分心","The loud music distracted me from my studies.","嘈雜的音樂分散了我學習的注意力。"
"palate","上腭； 味觉， 品尝力","The chef creates dishes that appeal to a sophisticated palate.","這位廚師創造出能吸引高雅味覺的菜餚。"
"influenza","流行性感冒","The annual influenza vaccine is recommended for all age groups.","建議所有年齡層的人每年都接種流感疫苗。"
"loan","贷款；出借，借出；暂借的东西; 借出； 贷给","He took out a loan to buy a new car.","他貸款買了一輛新車。"
"virtual","模拟的， 虚拟的； 实际上的， 事实上的","With virtual reality, you can experience visiting another planet.","透過虛擬實境，你可以體驗造訪另一個星球。"
"squeeze","挤压；挤入；挤过，塞入；压榨，榨取；","She squeezed the orange to get some juice.","她擠壓柳橙以取得一些果汁。"
"endless","无止境的， 无穷尽的","The journey through the desert seemed endless.","穿越沙漠的旅程似乎永無止境。"
"pound","猛击；捣碎；怦怦跳; 磅； 英镑","My heart was pounding with excitement.","我的心因興奮而怦怦直跳。"
"load","负荷，负担；装载; 装载， 使负担","The truck was carrying a heavy load of bricks.","卡車上載著沉重的磚塊。"
"plantation","种植园； 人造林","The region is famous for its large coffee plantations.","該地區以其大型咖啡種植園而聞名。"
"ignore","忽视； 不顾， 不理","He chose to ignore my advice and do it his own way.","他選擇忽略我的建議，用自己的方式去做。"
"hemisphere","半球； 大脑半球","Australia is in the Southern Hemisphere.","澳大利亞位於南半球。"
"continuation","延长， 延续， 持续； 延长物， 扩建物； 延续部分","This movie is a continuation of the story from the first film.","這部電影是第一部電影故事的延續。"
"applaud","鼓掌， 喝彩； 称赞","The audience applauded loudly at the end of the performance.","表演結束時，觀眾熱烈鼓掌。"
"lunar","月亮的","The lunar eclipse was a spectacular sight.","月食是一場壯觀的景象。"
"poetry","诗歌； 诗集； 诗意","She enjoys reading poetry in her free time.","她喜歡在空閒時間閱讀詩歌。"
"arrogant","傲慢的， 自大的","His arrogant attitude made him unpopular with his colleagues.","他傲慢的態度使他在同事中不受歡迎。"
"relay","转播； 传达， 转述; 接替人员， 轮换者； 接力赛； 中继设备","The final event of the track meet is the 4x100 meter relay.","田徑運動會的最後一個項目是4x100米接力賽。"
"permission","允许， 同意； 许可证， 书面许可","You need to ask for permission before you leave the classroom.","在離開教室前，你需要先請求允許。"
"monogamous","一夫一妻制的； 单配的","Many bird species are monogamous and mate for life.","許多鳥類是一夫一妻制的，並且終生配對。"
"schedule","安排，预定; 时刻表， 日程表； 清单， 明细表","What is your schedule for tomorrow?","你明天的行程是什麼？"
"apprehend","逮捕； 领会， 理解","The police managed to apprehend the suspect after a long chase.","經過長時間的追捕，警方成功逮捕了嫌疑人。"
"crippling","令人震惊的； 严重损害身体的； 极其有害的","The accident left him with a crippling injury.","那次事故給他留下了嚴重的傷害。"
"inherit","继承， 遗传而得","She inherited her mother's beautiful blue eyes.","她遺傳了母親美麗的藍眼睛。"
"arduous","费力的， 艰巨的","Climbing Mount Everest is an arduous task.","攀登珠穆朗瑪峰是一項艱鉅的任務。"
"interpret","解释， 说明； 理解； 翻译","How would you interpret this poem?","你會如何解讀這首詩？"
"faction","派别， 派系， 小集团； 派系斗争","The political party was split into several different factions.","該政黨分裂成幾個不同派系。"
"beach","海滩， 湖滩， 河滩","We spent the afternoon relaxing on the beach.","我們在海灘上放鬆了一個下午。"
"universe","宇宙； 世界","Scientists believe the universe is constantly expanding.","科學家相信宇宙正在不斷擴張。"
"blanket","毯子； 覆盖物","She covered the sleeping child with a warm blanket.","她用一條溫暖的毯子蓋住了熟睡的孩子。"
"grant","给予，授予；允许，同意；承认; 拨款； 津贴； 授予物","The university granted him a scholarship to continue his studies.","大學授予他獎學金以繼續他的學業。"
"recoup","收回， 弥补","The company is trying to recoup its losses from last year.","公司正試圖彌補去年的虧損。"
"aquifer","含水土层","Many communities rely on underground aquifers for their drinking water.","許多社區依賴地下含水層獲取飲用水。"
"append","附加， 增补","Please append your signature to the bottom of the document.","請在文件底部附上您的簽名。"
"newsletter","时事通讯","The company sends out a monthly newsletter to its customers.","該公司每月向其客戶發送一份時事通訊。"
"copilot","副驾驶员","The copilot assisted the captain during the flight.","副駕駛在飛行期間協助機長。"
"frigid","寒冷的； 冷淡的","The explorers faced frigid temperatures in the Antarctic.","探險家們在南極面臨嚴寒的氣溫。"
"relic","遗物， 遗迹， 遗风","The museum contains many ancient relics from the Roman Empire.","博物館裡收藏了許多來自羅馬帝國的古老文物。"
"bellows","风箱","The blacksmith used a bellows to heat the fire.","鐵匠用風箱來加熱火爐。"
"convert","改变； 转变， 转化","The old warehouse was converted into modern apartments.","舊倉庫被改造成了現代公寓。"
"construct","建造； 创立; 构想， 观念","They plan to construct a new bridge across the river.","他們計劃在河上建造一座新橋。"
"attempt","尝试； 努力","He made a successful attempt to break the world record.","他成功地嘗試打破了世界紀錄。"
"rivalry","竞争 ； 敌对","There is a friendly rivalry between the two brothers.","兩兄弟之間存在著友好的競爭關係。"
"charisma","超凡魅力； 感召力； 号召力","The political leader was known for his charisma and powerful speeches.","那位政治領袖以其超凡的魅力和有力的演講而聞名。"
"division","除， 除法； 分开， 分隔； 分配； 部分； 分歧， 分裂； 部门","The division of tasks among team members is crucial for efficiency.","在團隊成員之間分配任務對於效率至關重要。"
"balance","使平衡，使均衡; 天平， 秤； 平衡； 差额； 余款","It's important to find a balance between work and personal life.","在工作和個人生活之間找到平衡非常重要。"
"stalk","偷偷接近； 跟踪； 趾高气扬地走; 茎，梗，柄","The lion stalked its prey through the tall grass.","獅子穿過高高的草叢，悄悄地跟蹤它的獵物。"
"pancreas","胰腺","The pancreas produces insulin, which regulates blood sugar levels.","胰腺產生調節血糖水平的胰島素。"
"supplier","供应者， 供应商， 供货方","We need to find a new supplier for our raw materials.","我們需要為我們的原材料尋找一個新的供應商。"
"patriarchic","家长的， 族长的； 德高望重的","The society had a patriarchal structure, with men holding most of the power.","這個社會是父權結構，男性掌握著大部分權力。"
"mimic","模仿的， 模拟的; 模仿；像; 模仿者；小丑","The parrot can mimic human speech.","那隻鸚鵡能模仿人類說話。"
"pitch","音高，音调；倾斜度；沥青，柏油；","The singer has perfect pitch.","那位歌手有絕對音感。"
"feat","功绩， 壮举","Climbing Mount Everest is an incredible feat of human endurance.","攀登珠穆朗瑪峰是人類耐力的一項不可思議的壯舉。"
"incessant","不断的， 不停的","The incessant noise from the construction site was very annoying.","建築工地持續不斷的噪音非常惱人。"
"torrent","洪流， 急流； 爆发， 迸发","After the heavy rain, a torrent of water flowed down the street.","大雨過後，一股洪流沿著街道奔湧而下。"
"appreciation","欣赏； 理解， 体谅； 感激； 鉴定， 评价","She has a deep appreciation for classical music.","她對古典音樂有著深刻的欣賞力。"
"statue","雕像","The Statue of Liberty is a famous landmark in New York City.","自由女神像是紐約市的著名地標。"
"sense","觉得， 意识到; 感官，官能；感觉；判断力；意义，意思","I have a good sense of direction, so I rarely get lost.","我的方向感很好，所以很少迷路。"
"brew","酿造；冲泡；酝酿，行将发生; 冲泡的饮料； 啤酒","She brewed a fresh pot of coffee for her guests.","她為客人們煮了一壺新鮮的咖啡。"
"pretension","要求， 主张； 自命不凡； 虚饰","He spoke with a lack of pretension that was very refreshing.","他說話毫不做作，讓人耳目一新。"
"deflect","偏斜， 转向","The shield was able to deflect the arrow.","盾牌成功地使箭偏斜了。"
"virtuous","有道德的， 品行端正的， 品德高的； 〈贬〉自命清高的， 自以为是的","She is known for her virtuous character and kind heart.","她以其高尚的品格和善良的心而聞名。"
"invalid","无效的； 无可靠根据的， 站不住脚的; 病弱者， 残疾者","The contract is invalid because it was not signed by both parties.","由於雙方都未簽字，該合約無效。"
"legitimate","合法的， 法定的； 正当合理的， 合情合理的","The company has a legitimate claim to the property.","該公司對該財產擁有合法的所有權。"
"whereby","借以， 凭","The company created a system whereby employees can share their ideas.","公司創建了一個系統，員工可以藉此分享他們的想法。"
"evaluate","评价， 估计","It is important to evaluate the results of the experiment carefully.","仔細評估實驗結果非常重要。"
"status","身份， 地位； 情况","What is the current status of your application?","您的申請目前處於什麼狀態？"
"ooze","渗出，慢慢流出；洋溢着，充满; 泥浆； 缓慢渗出","Thick mud oozed from the bottom of the lake.","濃稠的泥漿從湖底滲出。"
"renown","名望， 声誉","He is an actor of great renown.","他是一位聲名顯赫的演員。"
"semantic","语义的","The two words are similar in meaning but have different semantic nuances.","這兩個詞意思相近，但在語義上有細微的差別。"
"upset","心烦意乱的； 不适的; 使心烦意乱； 颠覆， 推翻； 搅乱; 困扰， 麻烦； 出乎意料的结局； 苦恼","The unexpected defeat was a major upset for the team.","這場意想不到的失利對球隊來說是個重大的打擊。"
"diffusion","散布， 扩散； 传播","The diffusion of new ideas can be slow in a traditional society.","在新思想的傳播在傳統社會中可能很緩慢。"
"curve","弄弯，成曲线形; 曲线； 曲线图； 弯曲","The road has a sharp curve ahead.","前方的道路有一個急轉彎。"
"dot","星罗棋布于；打点于；点缀; 点， 圆点； 小数点","Remember to put a dot at the end of the sentence.","記得在句子結尾加上一個句點。"
"skim","撇去； 掠过， 擦过； 浏览， 略读","He skimmed through the newspaper to see the headlines.","他瀏覽報紙看標題。"
"skip","跳；跳过，略过，漏过；不出席; 跳； 跳过","She decided to skip the meeting and finish her report instead.","她決定跳過會議，改為完成她的報告。"
"disseminate","散布， 传播","The internet is a powerful tool to disseminate information quickly.","網路是快速傳播資訊的強大工具。"
"liquefy","溶解， 液化","Heating the solid wax will cause it to liquefy.","加熱固體蠟會使其液化。"
"exodus","大批离去， 成群外出","There was a mass exodus from the city to the countryside during the holiday.","假期期間，出現了從城市到鄉村的大規模遷徙。"
"stream","涌; 溪流； 串， 股","A small stream runs through the bottom of the valley.","一條小溪流過谷底。"
"laundry","洗衣店， 洗衣房； 洗好的衣服； 待洗的衣服","I need to do the laundry this weekend.","我這個週末需要洗衣服。"
"digression","离题， 扯到枝节上； 题外话， 枝节内容","After a brief digression, the speaker returned to the main topic.","在短暫地離題後，演講者回到了主題。"
"grudge","勉强做； 不情愿地给; 怨恨，积怨","He has held a grudge against his former boss for years.","多年來，他一直對他的前老闆心懷怨恨。"
"herald","预示；宣布，宣告; 信使； 预示， 预兆","The blooming of cherry blossoms heralds the arrival of spring.","櫻花的盛開預示著春天的到來。"
"accumulate","积累， 积聚， 堆积","Over the years, he has accumulated a vast fortune.","多年來，他積累了巨大的財富。"
"coalition","联盟， 同盟； 结合， 联合","The two political parties formed a coalition government.","兩個政黨組成了聯合政府。"
"crime","犯罪； 罪行","The police are working to reduce crime in the city.","警方正在努力減少城市中的犯罪。"
"leisure","空闲， 闲暇","What do you like to do in your leisure time?","你在閒暇時間喜歡做什麼？"
"surround","包围， 圈住； 围绕， 环绕","The castle is surrounded by a deep moat.","城堡被一條深深的護城河環繞。"
"mar","损坏， 损毁","The beautiful view was marred by the construction of a new factory.","美麗的景色因一座新工廠的建設而受到破壞。"
"mat","垫子","Please wipe your feet on the mat before you come inside.","進來前，請在墊子上擦擦你的腳。"
"forward","向前；; 发送；转交，转递","I look forward to hearing from you soon.","我期待很快能收到您的來信。"
"melanin","黑色素","Melanin is the pigment that gives human skin, hair, and eyes their color.","黑色素是賦予人類皮膚、頭髮和眼睛顏色的色素。"
"assimilate","透彻理解， 吸收， 消化； 同化","It can be difficult for immigrants to assimilate into a new culture.","對於移民來說，融入新文化可能很困難。"
"ethical","道德的","Doctors must adhere to a strict ethical code.","醫生必須遵守嚴格的道德準則。"
"zealous","狂热的， 热烈的， 充满激情的","She is a zealous supporter of animal rights.","她是動物權利的熱心支持者。"
"comparable","可比较的， 类似的； 比得上的","The quality of their products is comparable to that of the leading brands.","他們產品的品質可與領先品牌相媲美。"
"bait","鱼饵，诱饵; 下诱饵； 激怒","The fisherman used worms as bait to catch fish.","漁夫用蠕蟲作餌釣魚。"
"mail","邮件; 邮寄","Did you get any mail today?","你今天收到郵件了嗎？"
"dimensional","…度空间的","A cube is a three-dimensional object.","立方體是三維物體。"
"subject","受…支配的; 主题；对象; 使服从","The main subject of the debate was climate change.","辯論的主要主題是氣候變遷。"
"recognition","承认， 认同； 认出， 识别， 辨认； 赏识","She received an award in recognition of her achievements.","她因其成就而獲獎，以示表彰。"
"disinterest","无兴趣， 冷漠； 客观， 公正","He showed a complete disinterest in the conversation.","他對這次談話表現出完全的漠不關心。"
"lunge","猛冲， 猛扑","The dog lunged at the stranger who entered the yard.","那隻狗向進入院子的陌生人猛撲過去。"
"convene","召集， 召开； 聚集， 集合","The committee will convene next week to discuss the issue.","委員會將於下週召開會議討論此問題。"
"revenue","收入； 税收","The company's revenue has increased by 10% this year.","該公司今年的收入增長了10%。"
"strip","剥夺，剥掉；脱去…的衣服; 条， 带状物； 条纹","He stripped the old paint from the furniture.","他剝去了家具上的舊漆。"
"monopoly","垄断， 专卖； 垄断商品， 专卖商品； 独占， 专利","The company has a monopoly on the telecommunications market in the country.","該公司壟斷了國內的電信市場。"
"negotiation","商议， 谈判； 流通","The negotiations between the two countries are still ongoing.","兩國之間的談判仍在進行中。"
"grain","谷物； 颗粒； 纹理； 少量","Whole grain bread is healthier than white bread.","全麥麵包比白麵包更健康。"
"credit","把…归于; 荣誉； 学分； 信用； 贷款","She deserves credit for all the hard work she has done.","她為所有辛勤工作應得的讚譽。"
"oxygen","氧， 氧气","Plants produce oxygen through photosynthesis.","植物通過光合作用產生氧氣。"
"combine","联合， 结合","The two companies decided to combine to form a larger corporation.","兩家公司決定合併成一家更大的公司。"
"alter","改变","They had to alter their plans because of the bad weather.","由於天氣不好，他們不得不改變計劃。"
"fraudulent","欺诈的， 欺骗性的","He was arrested for making fraudulent insurance claims.","他因提出欺詐性保險索賠而被捕。"
"waste","无用的，废弃的；荒芜的; 浪费；废料，废弃物; 浪费， 消耗","Don't waste your money on things you don't need.","不要把錢浪費在你不需要的東西上。"
"approximation","接近； 近似值","The result is only an approximation, not an exact value.","這個結果只是一個近似值，不是確切值。"
"syllable","音节","The word 'beautiful' has three syllables.","「beautiful」這個詞有三個音節。"
"comedy","喜剧； 喜剧性， 滑稽， 幽默","I enjoy watching stand-up comedy.","我喜歡看脫口秀喜劇。"
"literacy","有文化， 有教养； 读写能力","The government has launched a campaign to improve adult literacy.","政府發起了一場提高成人識字率的運動。"
"originate","起源； 发起； 创立","The custom is believed to have originated in ancient Rome.","據信這種習俗起源於古羅馬。"
"compass","罗盘，罗盘仪；","A compass is used to find direction.","指南針是用來尋找方向的。"
"soloist","独奏者， 独唱者， 单独表演者","The soloist played the violin concerto beautifully.","獨奏家優美地演奏了小提琴協奏曲。"
"nonetheless","虽然如此， 但是， 依然","The hike was difficult, but it was a great experience nonetheless.","這次遠足很困難，但儘管如此，它仍然是一次很棒的體驗。"
"dispose","安排， 布置； 使倾向于","Please dispose of your trash in the proper receptacle.","請將您的垃圾丟棄在適當的容器中。"
"disconcert","使惊慌， 使不安； 使困惑","His sudden question disconcerted me for a moment.","他突然的問題讓我一時感到困惑。"
"constitution","宪法， 章程； 体质； 构成","The constitution guarantees the basic rights of all citizens.","憲法保障所有公民的基本權利。"
"paradigm","范例， 典范","The discovery of DNA created a new paradigm in biology.","DNA的發現為生物學創造了一個新的典範。"
"blend","混合，混杂; 混合； 混合物","The smoothie is a blend of various fruits and yogurt.","這款冰沙是多種水果和優格的混合物。"
"overact","把表演得过火； 表现做作","The actor tended to overact in emotional scenes.","那位演員在情感戲中往往表演過火。"
"fidelity","忠诚， 忠实； 精确， 逼真","He swore his fidelity to the king.","他發誓效忠國王。"
"conceive","构思， 构想， 设想； 怀孕","It's difficult to conceive of a world without the internet.","很難想像一個沒有網路的世界。"
"incursion","袭击， 突然入侵； 介入","The army repelled the enemy's incursion.","軍隊擊退了敵人的入侵。"
"nonsense","胡说， 废话； 冒失的行为","Stop talking nonsense and tell me what really happened.","別胡說八道了，告訴我到底發生了什麼。"
"stain","沾污；留下污渍; 污点， 污渍","The red wine left a stain on the white carpet.","紅酒在白地毯上留下了一塊污漬。"
"balk","畏缩； 阻止； 妨碍; 障碍","He balked at the idea of investing all his money in one stock.","他對將所有資金投資於一支股票的想法感到畏縮。"
"electrode","电极","An electrode is a conductor through which electricity enters or leaves an object.","電極是電流進入或離開物體的導體。"
"airborne","空气传播的； 空运的","The pollen is airborne, causing allergies for many people.","花粉在空氣中傳播，導致許多人過敏。"
"reckless","轻率的， 鲁莽的， 无所顾忌的","His reckless driving caused a serious accident.","他魯莽的駕駛導致了一場嚴重的事故。"
"oversleep","睡过头； 睡得过久","I overslept this morning and was late for work.","我今天早上睡過頭了，上班遲到了。"
"bald","光秃的， 秃头的； 简单的， 单调的","He started going bald in his early twenties.","他二十出頭就開始禿頭了。"
"paradox","似非而是的论点； 自相矛盾的话","It's a paradox that in a country with so much food, many people are still hungry.","在一個擁有如此多糧食的國家，許多人仍然飢餓，這是一個悖論。"
"oratorio","清唱剧， 宗教剧","Handel's 'Messiah' is a famous oratorio often performed at Christmas.","韓德爾的《彌賽亞》是一部著名的清唱劇，經常在聖誕節期間演出。"
"X-ray","X射线， X光； X光照片","The doctor took an X-ray of my chest to check for any problems.","醫生為我的胸部照了X光，以檢查是否有任何問題。"
"physical","物理的；物质的，有形的；身体的，肉体的; 体检","Regular physical exercise is important for good health.","定期的體育鍛鍊對身體健康很重要。"
"categorize","将…分类， 把…加以分类","The books in the library are categorized by subject.","圖書館裡的書是按主題分類的。"
"mania","躁狂； 狂热； 癖好","The new video game has created a mania among teenagers.","新款電玩遊戲在青少年中掀起了一股狂熱。"
"poetic","诗歌的； 诗意的","The film was praised for its poetic visuals and beautiful soundtrack.","這部電影因其詩意的視覺效果和優美的配樂而受到讚揚。"
"opposed","反对的； 截然不同的","I am completely opposed to the new plan.","我完全反對這項新計劃。"
"familiarize","使熟悉","You should familiarize yourself with the company's policies.","你應該讓自己熟悉公司的政策。"
"apportionment","分派， 分摊， 分配","The apportionment of seats in the parliament is based on population.","議會席次是根據人口分配的。"
"thread","穿；穿过，通过; 线； 线索； 思路","She used a needle and thread to sew the button back on.","她用針線把鈕扣縫回去。"
"enrollment","登记， 注册； 入学","Enrollment for the new semester begins next week.","新學期的註冊將於下週開始。"
"tyrannical","专制的， 残暴的， 专横的","The people rebelled against the tyrannical ruler.","人民反抗專制的統治者。"
"stake","股份；赌注；利害关系; 以…打赌， 拿…冒险","The company has a large stake in the new project.","公司在新專案中有重大利益關係。"
"fortify","支持， 给…以勇气； 加强， 增强； 筑防御工事于","The castle was fortified with high walls and a deep moat.","城堡用高牆和深溝加固。"
"due","到期的； 预期的； 应得的； 恰当的， 适当的； 应支付的","The rent is due on the first of every month.","租金應在每月的第一天支付。"
"ripen","成熟","The fruits will ripen in the sun.","水果會在陽光下成熟。"
"bake","烘， 烤， 焙","I love the smell of freshly baked bread.","我喜歡現烤麵包的香味。"
"authentic","真正的， 真实的； 逼真的； 可靠的","This restaurant serves authentic Italian food.","這家餐廳供應正宗的義大利菜。"
"opal","蛋白石","She wore a beautiful necklace with a large opal.","她戴著一條鑲有大蛋白石的漂亮項鍊。"
"lodge","正式提出； 租住， 借宿； 为…提供住宿； 寄存; 巢穴；旅社；乡间小屋","We stayed in a cozy lodge in the mountains.","我們住在山裡一間舒適的小屋裡。"
"threat","恐吓， 威胁； 坏兆頭， 危险迹象","Climate change poses a serious threat to our planet.","氣候變遷對我們的星球構成嚴重威脅。"
"rayon","人造丝， 人造纤维","Rayon is a smooth fabric that is often used for clothing.","人造絲是一種常用於服裝的光滑布料。"
"mercy","宽恕； 仁慈； 恩惠， 幸运","The judge showed mercy and gave him a lighter sentence.","法官表示仁慈，給了他較輕的判決。"
"curl","卷曲，蜷缩; 卷发； 卷曲状； 卷曲物","Her hair has a natural curl.","她的頭髮天生卷曲。"
"inform","通知， 通告； 了解， 熟悉； 告发， 检举， 告密","Please inform us of any changes to your contact information.","如果您的聯絡方式有任何變更，請通知我們。"
"depend","依靠， 依赖； 取决于","Our success depends on everyone's hard work.","我們的成功取決於每個人的努力。"
"dearth","缺乏， 短缺","There is a dearth of skilled workers in the industry.","該行業缺乏技術工人。"
"commit","承诺； 犯错； 犯罪； 忠于","He committed a serious crime and was sent to prison.","他犯了重罪，被送進了監獄。"
"patch","修补，打补丁; 小片， 小块； 补丁； 小块土地","She sewed a patch onto the knee of her son's jeans.","她在兒子牛仔褲的膝蓋處縫上了一塊補丁。"
"presidency","职位； 任期","He announced his candidacy for the presidency.","他宣布競選總統職位。"
"scurry","急跑， 疾行","The mouse scurried across the floor and disappeared into a hole.","老鼠迅速地跑過地板，消失在一個洞裡。"
"scornful","轻蔑的， 鄙视的","She gave him a scornful look and walked away.","她輕蔑地看了他一眼，然後走開了。"
"cholesterol","胆固醇","Eating too much fatty food can raise your cholesterol levels.","吃太多油膩的食物會提高你的膽固醇水平。"
"magnetic","磁的， 磁石的； 有磁性的； 有吸引力的","The Earth has a magnetic field that protects it from solar radiation.","地球有一個保護它免受太陽輻射的磁場。"
"stick","刺，戳，插；粘住，粘贴；放置；卡住; 棍， 棒； 手杖","The poster won't stick to the wall.","這張海報黏不到牆上。"
"orbit","作轨道运行; 轨道；势力范围","The Earth orbits the Sun once every 365 days.","地球每365天繞太陽公轉一圈。"
"band","联合，集合; 乐队； 群， 伙； 带； 波段， 频带","My favorite band is playing a concert tonight.","我最喜歡的樂團今晚要開演唱會。"
"beneficent","有益的； 行善的， 慈善的","The beneficent queen was loved by all her subjects.","仁慈的女王受到所有臣民的愛戴。"
"moderate","适度的； 温和的； 普通的; 缓和，使适中; 持温和意见的人","He has a moderate view on politics.","他對政治持溫和的看法。"
"resident","常驻的；居住的; 居民； 住宿者， 旅客； 住院实习医生","She is a resident of New York City.","她是紐約市的居民。"
"upheaval","剧变， 动乱， 大变动","The country is going through a period of political upheaval.","該國正在經歷一段政治動盪時期。"
"receiver","接收器； 听筒； 接收者； 官方接管人","Please pick up the phone receiver.","請拿起電話聽筒。"
"gilding","镀金； 贴金层， 镀金层； 金色涂层","The picture frame had a beautiful gold gilding.","相框上有美麗的鍍金。"
"execute","执行， 履行， 实施； 将…处死， 处决； 完成","The plan was executed perfectly.","計劃被完美地執行了。"
"substantial","实质的； 坚固的； 可观的， 大量的","He made a substantial contribution to the project.","他對這個專案做出了巨大的貢獻。"
"balm","香脂油， 药膏； 镇痛剂， 安慰剂","Lip balm can help soothe dry, chapped lips.","潤唇膏可以幫助舒緩乾燥、龜裂的嘴唇。"
"Paleolithic","旧石器时代的; 旧石器时代","The Paleolithic era is also known as the Old Stone Age.","舊石器時代也被稱為舊石器時代。"
"benefit","受益； 得益于; 益处，好处；恩惠；津贴","Regular exercise has many benefits for your health.","定期運動對你的健康有很多好處。"
"quality","优良的， 优质的; 质，质量；品德，品质；性质，特性","This brand is known for its high-quality products.","這個品牌以其高品質的產品而聞名。"
"unique","唯一的； 独特的， 罕见的； 特有的","Each person's fingerprint is unique.","每個人的指紋都是獨一無二的。"
"boost","提高，推进；替…做广告，宣扬; 增加， 帮助","The new marketing campaign helped to boost sales.","新的行銷活動有助於提升銷售。"
"sober","清醒的，未醉的；持重的，冷静的；素净的; 清醒； 变得冷静","He has been sober for over a year now.","他已經一年多沒有喝酒了。"
"male","雄的，公的；","The male lion has a large mane.","雄獅有著巨大的鬃毛。"
"maternal","母亲的， 母系的","She has a strong maternal instinct.","她有很強的母性本能。"
"prolific","多产的； 富有创造力的","Charles Dickens was a prolific author who wrote many classic novels.","查爾斯·狄更斯是一位多產的作家，寫了許多經典小說。"
"shelter","掩蔽处，庇护所；居所，住所；掩蔽，保护; 保护， 掩蔽； 躲避","They found shelter from the storm in an old barn.","他們在一座舊穀倉裡找到了躲避風暴的地方。"
"externality","外部性， 外界效应","Pollution is a negative externality of industrial production.","污染是工業生產的負外部性。"
"latitude","纬度；","The city is located at a latitude of 40 degrees north.","該城市位於北緯40度。"
"vigor","活力， 精力","He is a man of great vigor and enthusiasm.","他是一個充滿活力和熱情的人。"
"scan","细察，审视；扫描；粗略地看，浏览; 扫描检查； 浏览","She quickly scanned the document for any important information.","她迅速掃描文件以尋找任何重要資訊。"
"industry","勤劳， 勤奋； 工业， 行业","The tourism industry is a major part of the country's economy.","旅遊業是該國經濟的重要組成部分。"
"eliminate","消除； 淘汰","The new filter can eliminate harmful bacteria from the water.","新的過濾器可以消除水中的有害細菌。"
"augment","增加， 提高","He took a part-time job to augment his income.","他找了一份兼職工作來增加收入。"
"tangent","切线的， 相切的; 切线；正切","The line is a tangent to the circle at point P.","這條線是圓在P點的切線。"
"benign","良性的； 有利的； 善良的， 和蔼的","The tumor was found to be benign, not cancerous.","腫瘤被發現是良性的，不是癌性的。"
"destruction","毁坏， 毁灭","The earthquake caused widespread destruction.","地震造成了廣泛的破壞。"
"acquit","宣告无罪； 表现","The jury acquitted him of all charges.","陪審團宣告他所有罪名不成立。"
"stiff","极其， 非常； 僵硬地; 硬的，僵直的；呆板的；拘谨的；艰难的，费劲的；强烈的","My muscles are stiff after the long hike.","長途跋涉後我的肌肉很僵硬。"
"prosper","繁荣， 兴旺； 成功","We hope the new business will prosper.","我們希望新事業能夠繁榮興旺。"
"blizzard","暴风雪， 大风雪","The town was completely snowed in by the blizzard.","暴風雪將整個小鎮都覆蓋了。"
"appeal","上诉，起诉；呼吁，恳求；吸引; 上诉， 申诉； 呼吁， 恳求； 感染力， 吸引力","The charity made an appeal for donations to help the victims.","該慈善機構呼籲捐款以幫助受害者。"
"swamp","沼泽地，湿地; 使陷入， 淹没； 使应接不暇， 使疲于应对","The small boat was swamped by a large wave.","小船被一個巨浪吞沒了。"
"entrepreneur","企业家； 承包人","He is a successful entrepreneur who started his own tech company.","他是一位成功的企業家，創立了自己的科技公司。"
"transportation","运输； 运输系统， 运输工具","Public transportation in this city is very efficient.","這個城市的公共交通非常有效率。"
"dedicate","致力于， 奉献给； 题献词于上","She dedicated her life to helping the poor.","她將自己的一生奉獻給幫助窮人。"
"dye","染色; 颜料，染料","She decided to dye her hair red.","她決定把頭髮染成紅色。"
"extensive","广大的， 广阔的； 广泛的， 大量的","The professor has extensive knowledge of ancient history.","這位教授對古代史有著廣博的知識。"
"monotonous","单调的， 无聊的","He has a very monotonous voice, which makes his lectures boring.","他的聲音非常單調，使得他的講座很無聊。"
"negate","取消； 否定","The new evidence negated the previous theory.","新的證據否定了先前的理論。"
"impart","传授； 传达； 给予","A good teacher can impart a love of learning to their students.","一位好老師可以將對學習的熱愛傳授給學生。"
"inspire","鼓舞， 激励； 给…以灵感","His story of overcoming adversity inspired millions of people.","他克服逆境的故事激勵了數百萬人。"
"bureaucracy","官僚主义， 官僚作风； 政府机构， 官僚机构","It took weeks to get through the university's bureaucracy.","花了數週時間才走完大學的官僚程序。"
"geometry","几何， 几何学","In geometry class, we learned about shapes, lines, and angles.","在幾何課上，我們學習了關於形狀、線條和角度的知識。"
"devote","为…付出； 献身于","She devotes two hours every day to practicing the piano.","她每天都花兩個小時來練習鋼琴。"
"delectable","美味可口的； 有吸引力的； 令人喜爱的， 赏心悦目的","The bakery offered a range of delectable pastries.","那家麵包店提供各式各樣美味的糕點。"
"barb","鱼钩， 倒钩； 挖苦的话","His comments were full of sharp barbs.","他的評論充滿了尖銳的挖苦。"
"alumnus","校友，毕业生","He is a proud alumnus of Harvard University.","他是哈佛大學引以為傲的校友。"
"far-fetched","牵强的","The plot of the movie was too far-fetched to be believable.","電影的情節太牽強了，難以置信。"
"approximate","大约的， 近似的; 接近， 近似","The approximate cost of the project will be around ten thousand dollars.","該專案的大約成本將在一萬美元左右。"
"craftsman","能工巧匠， 手艺人， 工艺师","The beautiful wooden chair was made by a skilled craftsman.","這把漂亮的木椅是由一位技藝精湛的工匠製作的。"
"project","放映； 规划； 预测， 推想; 方案； 课题， 项目； 工程","They are working on a new research project.","他們正在進行一個新的研究專案。"
"aberrant","越轨的； 异常的","This result is aberrant and does not fit the pattern of the other data.","這個結果是異常的，與其他數據的模式不符。"
"lope","轻松地大步跑; 轻快的步伐","The wolf loped through the forest.","狼輕鬆地大步跑過森林。"
"lateral","侧面的， 旁边的； 横向的","The coach taught the players a lateral pass technique.","教練教了球員們一種橫向傳球的技巧。"
"hinterland","内地， 腹地； 内地贸易区","The port serves a vast hinterland rich in agricultural products.","這個港口服務於一個富含農產品的廣闊腹地。"
"nominate","任命， 指定； 提名， 推荐","She was nominated for the Best Actress award.","她被提名為最佳女主角獎。"
"tread","踏，践踏；行走; 轮胎面； 脚步声； 步法","Be careful not to tread on the wet paint.","小心不要踩到濕油漆。"
"diameter","直径","The circle has a diameter of 10 centimeters.","這個圓的直徑是10公分。"
"stationary","静止的； 固定的， 稳定的， 不变的","The car remained stationary at the red light.","汽車在紅燈前保持靜止。"
"barn","谷仓； 牲口棚","The farmer stores hay in the red barn.","農夫把乾草儲存在紅色的穀倉裡。"
"bark","吠叫； 厉声质问; 树皮；犬吠声","The dog started to bark when the stranger approached.","當陌生人靠近時，狗開始吠叫。"
"kennel","狗窝； 养狗场","We left our dog at a kennel while we were on vacation.","我們去度假時，把我們的狗留在了狗舍裡。"
"ellipse","椭圆， 椭圆形","An ellipse is a shape that resembles a stretched circle.","橢圓是一種類似拉長圓形的形狀。"
"bare","赤裸的；光秃的，无遮盖的；最基本的; 脱掉； 显露","The trees are bare in winter.","冬天的樹木是光禿禿的。"
"sidewalk","人行道","It's safer to walk on the sidewalk than on the road.","在人行道上走比在馬路上走更安全。"
"formidable","难对付的； 强大的； 令人敬畏的","The team faces a formidable opponent in the championship game.","球隊在冠軍賽中面臨一個強大的對手。"
"abound","富于； 大量存在； 充满","The lake abounds with fish.","湖裡盛產魚。"
"suitcase","手提箱， 衣箱","I need to pack my suitcase for the trip tomorrow.","我需要為明天的旅行打包行李箱。"
"discrete","分离的， 个别的； 离散的","The process can be broken down into several discrete steps.","這個過程可以分解成幾個獨立的步驟。"
"temperate","气候温和的， 温带的； 温和的， 自我克制的","This region has a temperate climate, with mild winters and warm summers.","這個地區氣候溫和，冬季溫和，夏季溫暖。"
"immutable","不可改变的， 永恒不变的","The laws of physics are considered immutable.","物理定律被認為是不可改變的。"
"disrupt","使中断； 扰乱； 使分裂， 使瓦解","The protest disrupted traffic in the city center for several hours.","抗議活動擾亂了市中心的交通好幾個小時。"
"scar","给…留下疤痕；给…留下精神创伤；损害…的外观; 疤痕； 创伤","The accident left a permanent scar on his arm.","那次事故在他的手臂上留下了一道永久的疤痕。"
"abort","夭折， 中止； 使流产","The mission had to be aborted due to technical problems.","由於技術問題，任務不得不中止。"
"hypothetical","假设的","Let's consider a hypothetical situation.","讓我們來考慮一個假設性的情況。"
"coefficient","系数","In the equation 2x, '2' is the coefficient of 'x'.","在方程式 2x 中，「2」是「x」的係數。"
"converse","交谈，会话; 逆向的，相反的; 相反的事物； 反面","She enjoys spending her evenings conversing with friends.","她喜歡在晚上和朋友交談。"
"gospel","准则， 信条； 绝对真理； [G-]福音； 福音音乐； 训示","He treats the words of his mentor as gospel.","他將他導師的話奉為圭臬。"
"eccentric","古怪的， 反常的; 古怪的人","The eccentric artist wore mismatched socks every day.","那位古怪的藝術家每天都穿著不匹配的襪子。"
"appliance","用具， 器具； 装置","The kitchen is equipped with modern appliances like a microwave and a dishwasher.","廚房配備了微波爐和洗碗機等現代電器。"
"alloy","合金; 使成合金","Bronze is an alloy of copper and tin.","青銅是銅和錫的合金。"
"defer","推迟， 延期","The company decided to defer the decision until the next meeting.","公司決定將決定推遲到下次會議。"
"lore","学问， 学识； 传说， 传统","The old book was filled with ancient lore and myths.","那本古老的書裡充滿了古老的傳說和神話。"
"mast","船桅； 旗杆； 天线塔","The ship's tall mast could be seen from the shore.","從岸上可以看到船的高大桅杆。"
"mass","大量的; 质量；块，团；众多；群众，平民百姓","A large mass of people gathered to protest.","一大群人聚集起來抗議。"
"muggy","闷热的","It was a hot and muggy summer day.","那是一個炎熱而悶濕的夏日。"
"revoke","撤销， 撤回； 取消， 废除","The government revoked his passport.","政府撤銷了他的護照。"
"proper","正确的； 合乎体统的， 适当的； 固有的， 特有的","Please use the proper tools for the job.","請使用適當的工具來完成這項工作。"
"renaissance","[the R-] 文艺复兴， 文艺复兴时期； 复兴， 再生","The city is experiencing a cultural renaissance.","這座城市正在經歷一場文化復興。"
"poisonous","有毒的， 有害的； 恶毒的","Some types of mushrooms are poisonous.","某些種類的蘑菇是有毒的。"
"auction","拍卖","The famous painting was sold at auction for a record price.","這幅名畫在拍賣會上以創紀錄的價格售出。"
"allot","分配， 配给， 拨给","The teacher will allot a specific task to each student.","老師將會給每位學生分配一個具體的任務。"
"admit","承认； 准许…进入， 接纳","He finally admitted his mistake.","他最終承認了自己的錯誤。"
"rampant","猖獗的， 肆虐的； 蔓生的","Corruption was rampant in the country's government.","腐敗在該國政府中十分猖獗。"
"uneven","不平均的； 不平坦的； 不规则的； 不势均力敌的； 不公平的","The old road was uneven and full of potholes.","那條舊路凹凸不平，到處是坑洞。"
"twig","嫩枝， 小枝","A bird was building its nest with small twigs.","一隻鳥正在用小樹枝築巢。"
"immature","未成熟的， 未充分发展的","His immature behavior is not appropriate for his age.","他幼稚的行為不符合他的年齡。"
"organic","有机的； 器官的； 有机体的","She only buys organic fruits and vegetables.","她只購買有機水果和蔬菜。"
"chaste","贞洁的； 简朴的， 朴实的","She was admired for her chaste and virtuous life.","她因其貞潔和有德行的生活而受到敬佩。"
"mask","面具；面罩；假面具，","He wore a mask to hide his identity.","他戴著面具來隱藏自己的身份。"
"evacuation","撤离","The evacuation of the city was ordered due to the flood.","由於洪水，城市下令撤離。"
"patron","资助人， 赞助人； 老主顾， 顾客","She is a generous patron of the arts.","她是一位慷慨的藝術贊助人。"
"apply","申请， 请求； 适用； 应用， 运用； 涂， 敷， 施","I would like to apply for the marketing position.","我想申請市場行銷的職位。"
"stew","炖， 煨； 思考； 不安， 担忧; 炖菜；不安，担忧","She is making a hearty beef stew for dinner.","她正在做一鍋豐盛的燉牛肉當晚餐。"
"overlook","俯瞰， 眺望； 忽略； 对…不予考虑","From the hotel window, you can overlook the entire city.","從飯店的窗戶，你可以俯瞰整個城市。"
"incredible","惊人的， 难以置信的","The view from the top of the mountain was incredible.","從山頂看出去的景色令人難以置信。"
"layout","编排， 版面设计； 规划， 布局","The layout of the new office is very open and modern.","新辦公室的佈局非常開放和現代。"
"landing","登陆； 着陆， 降落","The pilot made a smooth landing despite the bad weather.","儘管天氣惡劣，飛行員還是平穩地著陸了。"
"formula","公式， 方程式； 分子式； 配方","The formula for the area of a circle is πr².","圓面積的公式是πr²。"
"avalanche","雪崩； 山崩","The avalanche blocked the mountain road for several days.","雪崩堵塞了山路好幾天。"
"revolt","反叛，反抗；违抗；厌恶，反感; 起义， 叛乱， 反抗","The people revolted against the oppressive regime.","人民反抗壓迫的政權。"
"disgust","厌恶， 嫌恶","She looked at the rotten food with disgust.","她厭惡地看著腐爛的食物。"
"tribute","贡品； 颂词， 称赞； 悼念， 致哀； 礼物","The concert was a tribute to the legendary musician.","這場音樂會是向那位傳奇音樂家致敬。"
"endanger","危及， 危害","Pollution is endangering many species of wildlife.","污染正危及許多野生動物物種。"
"base","卑鄙的， 不道德的; 把设在；","That was a base and cowardly act.","那是一個卑鄙而懦弱的行為。"
"stem","阻止，遏制；起源; 茎， 干","The government is trying to stem the rise in inflation.","政府正試圖遏制通貨膨脹的上升。"
"trend","趋势， 倾向","There is a growing trend towards healthier eating habits.","健康飲食習慣的趨勢日益增長。"
"mechanic","技工， 机修工","I need to take my car to a mechanic to get it fixed.","我需要把我的車帶到技工那裡去修理。"
"revolution","革命； 巨变； 旋转","The invention of the internet caused a revolution in communication.","網路的發明在通訊領域引起了一場革命。"
"reliable","可靠的， 可信赖的","He is a very reliable employee who always gets his work done.","他是一位非常可靠的員工，總能完成他的工作。"
"incentive","刺激； 动机","The company offers a bonus as an incentive for employees to work harder.","公司提供獎金作為激勵員工更努力工作的誘因。"
"relate","叙述， 讲述； 有关联","The two events are closely related.","這兩個事件密切相關。"
"obstacle","障碍， 妨害物","Lack of funding is the biggest obstacle to the project's success.","缺乏資金是該專案成功的最大障礙。"
"leftover","剩余的","We had some leftover pizza from last night's party.","我們有一些昨晚派對剩下的披薩。"
"collaborative","合作的， 协作的","The project was a collaborative effort between several different teams.","這個專案是幾個不同團隊合作的成果。"
"constitute","组成； 设立； 制定","These ten members constitute the committee.","這十名成員組成了該委員會。"
"indict","控诉， 起诉， 控告","He was indicted on charges of fraud.","他被以詐欺罪名起訴。"
"courier","送急件的人， 信使； 旅游服务员","The documents were sent by a special courier.","文件由一名特別信差寄送。"
"convince","使确信， 说服","I tried to convince him, but he wouldn't change his mind.","我試圖說服他，但他不肯改變主意。"
"mate","交配; 配偶；朋友，伙伴；同事；大副","Birds of a feather flock together, as the saying goes, and mates often share similar traits.","俗話說，物以類聚，配偶之間常有相似的特徵。"
"stampede","狂奔，涌向；使仓促行事; 逃窜， 狂奔； 热潮， 风尚","A sudden noise caused the herd of cattle to stampede.","一聲巨響導致牛群驚逃狂奔。"
"gorge","狼吞虎咽; 山峡， 峡谷","We hiked through a beautiful gorge with a river at the bottom.","我們徒步穿越了一個美麗的峽谷，谷底有一條河流。"
"terminate","停止， 结束","The company decided to terminate his contract.","公司決定終止他的合約。"
"mannerism","怪癖， 癖性； 过分的独特风格","He has a peculiar mannerism of constantly adjusting his glasses.","他有一個不斷調整眼鏡的奇特習氣。"
"theory","理论， 原理； 学说； 见解， 看法","Einstein's theory of relativity changed our understanding of the universe.","愛因斯坦的相對論改變了我們對宇宙的理解。"
"flock","聚结，成群; 群； 一群； 大量","A flock of sheep was grazing in the field.","一群羊正在田裡吃草。"
"extension","延长； 延伸； 电话分机， 分机号码","I need to get an extension on the deadline for this assignment.","我需要延長這份作業的截止日期。"
"internal","内在的， 内部的； 国内的， 内政的； 内心的","The doctor is examining the patient's internal organs.","醫生正在檢查病人的內部器官。"
"gender","性别； 性","The company is committed to gender equality in the workplace.","該公司致力於實現工作場所的性別平等。"
"literary","文学的； 文人的， 书卷气的","She is a respected literary critic.","她是一位受人尊敬的文學評論家。"
"architect","建筑师； 设计师， 缔造者","The architect designed a beautiful modern house.","建築師設計了一棟漂亮的現代住宅。"
"excise","切除； 删去","The surgeon will excise the tumor tomorrow morning.","外科醫生將在明天早上切除腫瘤。"
"punch","拳打；打孔；按，压; 重拳击打； 冲床， 打孔机","He punched the wall in frustration.","他因沮喪而用拳頭捶牆。"
"across","横过；到对面，向对面; 穿过， 越过； 在对面","The pharmacy is just across the street.","藥局就在街對面。"
"flexibility","灵活性； 弹性， 韧性； 适应性","Yoga is a great way to improve your flexibility.","瑜珈是提高你柔韌性的好方法。"
"mortgage","抵押贷款，按揭；抵押证书; 用…作抵押","They took out a mortgage to buy their first home.","他們申請了抵押貸款來購買他們的第一套房子。"
"identity","身份； 特征， 特性； 同一性","The police are trying to determine the identity of the victim.","警方正試圖確定受害者的身份。"
"federal","联邦的； 联邦制的； 联邦政府的","The Federal Bureau of Investigation (FBI) is a famous US agency.","聯邦調查局（FBI）是美國一個著名的機構。"
"verify","检验， 核实","Please verify your password to continue.","請驗證您的密碼以繼續。"
"excursion","远足， 短途旅游","The school is planning an excursion to the local museum.","學校正計劃組織一次到當地博物館的短途旅行。"
"inaugurate","为…举行就职典礼； 为…举行开幕式； 开始， 开创","The new president will be inaugurated next month.","新總統將於下月舉行就職典禮。"
"cramp","痉挛，抽筋；; 阻碍， 阻止","I got a cramp in my leg while swimming.","我在游泳時腿抽筋了。"
"academy","学会， 研究院； 专科院校","She is a student at a prestigious music academy.","她是一所著名音樂學院的學生。"
"solitude","孤独， 单独； 独处， 独居； 隐居处","He enjoys the peace and solitude of the countryside.","他享受鄉村的寧靜與獨處。"
"reward","报答，奖赏，报酬; 奖赏， 奖励， 给以报酬","Hard work often brings its own reward.","辛勤工作往往會帶來它自己的回報。"
"hockey","曲棍球","Ice hockey is a popular sport in Canada.","冰上曲棍球在加拿大是一項很受歡迎的運動。"
"graze","吃草；放牧；擦伤; 擦伤","He fell off his bike and grazed his knee.","他從自行車上摔下來，擦傷了膝蓋。"
"swallow","吞，咽；吞没，侵吞；轻信，轻易接受；默默忍受；使不流露，抑制; 燕子； 吞， 咽","Take a sip of water to help you swallow the pill.","喝一小口水來幫助你吞下藥丸。"
"perquisite","津贴， 利益； 特权","A company car is one of the perquisites of the job.","配備公司車是這份工作的額外待遇之一。"
"hominid","灵长目的; 原始人类；人科动物","Fossils of early hominids were discovered in Africa.","早期原始人類的化石在非洲被發現。"
"nucleus","(原子)核","The nucleus is the central part of an atom.","原子核是原子的中心部分。"
"sting","刺，蜇；感觉刺痛; 尾刺； 刺痛","I was stung by a bee while I was in the garden.","我在花園裡時被蜜蜂蜇了。"
"juice","榨出汁液; 汁， 液","Would you like a glass of orange juice?","你想要一杯柳橙汁嗎？"
"haste","赶快， 匆忙; 急忙，急速，匆忙","In his haste to leave, he forgot his keys.","他匆忙離開時，忘了帶鑰匙。"
"nurture","养育，养护，培养；扶植，支持；滋长，助长; 养育， 培养","It's important to nurture a child's creativity.","培養孩子的創造力非常重要。"
"buckle","扣紧； 变形， 弯曲; 皮带扣环","Please buckle your seatbelt for safety.","為了安全，請繫好您的安全帶。"
"degenerate","退化， 衰退; 堕落的； 退化的","The discussion degenerated into a heated argument.","討論演變成了一場激烈的爭吵。"
"devout","虔敬的； 诚恳的","She is a devout follower of her religion.","她是她所信仰宗教的虔誠信徒。"
"censor","审查员; 审查， 检查","The government censors all films before they are released.","政府在所有電影上映前都會對其進行審查。"
"devour","狼吞虎咽地吃， 吞食； 吞没， 吞噬； 如饥似渴地读","The hungry lion devoured its prey.","飢餓的獅子吞食了它的獵物。"
"stir","搅拌；煽动；激发，打动；行动，活动; 搅拌， 搅动； 激动， 震动","Please stir the soup so it doesn't stick to the bottom of the pot.","請攪拌一下湯，以免黏在鍋底。"
"insult","侮辱， 凌辱; 侮辱， 凌辱","He felt insulted by her rude comments.","他因她粗魯的評論而感到被侮辱了。"
"existence","存在， 实在； 生存， 生活","The organization has been in existence for over 50 years.","該組織已經存在了50多年。"
"craft","手工制作; 手艺，工艺","She sells her handmade crafts at the local market.","她在當地市場出售她的手工藝品。"
"axis","轴； 轴线， 中心线","The Earth rotates on its axis once every 24 hours.","地球每24小時繞其軸自轉一次。"
"maze","迷宫；复杂难懂的细节；困惑，迷惘; 使混乱； 使困惑， 迷惑","We got lost in the maze of narrow streets.","我們在狹窄街道的迷宮中迷路了。"
"float","漂浮， 浮动； 飘动","An empty bottle will float on water.","一個空瓶子會浮在水上。"
"gaseous","气体的， 气态的","Oxygen and nitrogen are the main components of the gaseous atmosphere.","氧氣和氮氣是氣態大氣的主要成分。"
"negligent","忽略的； 疏忽的； 粗心大意的","He was found to be negligent in his duties.","他被發現在其職責上有所疏忽。"
"expressive","有表现力的， 富有表情的； 表示…的， 表现…的","She has a very expressive face.","她有著一張非常富有表情的臉。"
"conductivity","传导性； 传导率","Copper has high electrical conductivity.","銅具有很高的導電性。"
"desolate","荒凉的， 无人烟的； 不幸的， 忧伤的; 使感到悲惨， 使感到凄凉； 使荒芜","After the war, the city was a desolate wasteland.","戰爭過後，這座城市成了一片荒涼的廢墟。"
"coarse","粗糙的； 粗俗的","The coarse sand scratched my feet.","粗糙的沙子刮傷了我的腳。"
"evade","逃避， 回避； 躲开， 避开","He tried to evade the question by changing the subject.","他試圖透過轉移話題來迴避這個問題。"
"associative","联想的； 结合的； 关联的","The associative property in math states that (a+b)+c = a+(b+c).","數學中的結合律指出 (a+b)+c = a+(b+c)。"
"exaggerate","夸张， 夸大","He tends to exaggerate the difficulty of his problems.","他傾向於誇大自己問題的困難程度。"
"cortex","皮层， 皮质","The cerebral cortex is the outer layer of the brain.","大腦皮層是大腦的外層。"
"offset","分支；补偿；抵消; 补偿； 抵消","The salary increase was offset by the rise in the cost of living.","薪水的增加被生活成本的上升所抵消。"
"backhand","反手击球","The tennis player has a powerful backhand.","那位網球選手有著強力的反手擊球。"
"cascade","倾泻，流注; 小瀑布； 倾泻","A cascade of water flowed down the rocks.","一股瀑布般的水流順著岩石傾瀉而下。"
"cavity","腔； 洞， 穴， 窟窿； 龋洞","The dentist found a small cavity in one of my teeth.","牙醫在我的一顆牙齒上發現了一個小蛀洞。"
"sequence","一系列，一连串；顺序，次序，序列; 按顺序排列","The events occurred in a chronological sequence.","這些事件是按時間順序發生的。"
"provision","供应， 供应品； 条款； 准备， 预备","The contract includes a provision for early termination.","合約中包含一條可以提前終止的條款。"
"recruit","招募，征募; 新兵； 新成员","The company is trying to recruit new employees.","該公司正在試圖招募新員工。"
"thrust","挤；插；戳，刺; 戳， 刺； 要旨； 驱动力","She thrust the letter into his hand.","她把信塞進他手裡。"
"sporadic","偶发的， 间或出现的， 零星的","There were sporadic reports of violence throughout the city.","整個城市都有零星的暴力事件報告。"
"turnout","出席人数； 产量， 产额","The election had a surprisingly high turnout.","這次選舉的投票率出奇地高。"
"configuration","布局， 格局； 结构， 构造， 形状； 配置","You can change the configuration of the software to suit your needs.","你可以更改軟體的配置以滿足你的需求。"
"scientific","科学的； 细致严谨的","The research was conducted using a scientific method.","這項研究是採用科學方法進行的。"
"spherical","球形的， 球状的","The Earth is not a perfect sphere; it is slightly flattened at the poles.","地球並非一個完美的球體，它在兩極略為扁平。"
"chunk","厚片， 大块； 相当大的部分； 矮胖的人","I ate a large chunk of chocolate cake.","我吃了一大塊巧克力蛋糕。"
"asteroid","小行星","An asteroid is a small rocky body orbiting the sun.","小行星是圍繞太陽運行的小型岩石天體。"
"commonplace","普通的， 平凡的; 平凡的事；老生常谈","In the 21st century, smartphones have become commonplace.","在21世紀，智慧型手機已變得司空見慣。"
"libel","诽谤; 诽谤； 诽谤性文字","The politician sued the newspaper for libel.","那位政治家以誹謗罪起訴了該報社。"
"parameter","参量， 参数； 界限， 范围","We need to define the parameters of the study before we begin.","在開始之前，我們需要先界定研究的範圍。"
"forerunner","先驱者， 开路人； 先兆， 预兆","The development of the steam engine was a forerunner of the Industrial Revolution.","蒸汽機的發展是工業革命的先驅。"
"cubism","立体派； 立体主义","Cubism was a revolutionary art movement of the early 20th century.","立體主義是20世紀初的一場革命性藝術運動。"
"agonize","苦苦思索； 焦虑不已","She agonized for days over whether to accept the job offer.","她為是否接受這份工作機會而苦惱了好幾天。"
"percolate","过滤；渗入，渗透；逐渐流传，传开; 滤液","The news slowly percolated through the organization.","消息慢慢地在組織內部傳開。"
"opaque","不透明的， 不透光的； 难懂的， 晦涩的","The windows were opaque with steam.","窗戶因蒸汽而變得不透明。"
"assistant","辅助的，助理的；副的; 助手， 助教","He works as a personal assistant to the CEO.","他擔任執行長的私人助理。"
"humid","湿的， 潮湿的； 湿润的","The weather is hot and humid in the summer.","夏天天氣又熱又潮濕。"
"instead","代替， 顶替； 反而， 却","I'll have tea instead of coffee, please.","請給我茶，不要咖啡。"
"controversy","争论， 辩论","The new policy has caused a great deal of controversy.","新政策引起了極大的爭議。"
"command","命令； 指挥， 统率","The general commanded his troops to attack.","將軍命令他的部隊進攻。"
"compulsory","必须做的， 义务的； 强制性的； 必修的","In this country, military service is compulsory for all men.","在這個國家，服兵役是所有男性的義務。"
"abortive","落空的， 失败的","Their abortive attempt to climb the mountain ended in rescue.","他們攀登那座山的嘗試失敗了，最終以救援告終。"
"swarm","云集; 密集， 云集； 成群地飞行; 群，一大群","A swarm of bees flew out of the hive.","一群蜜蜂從蜂巢中飛出。"
"anticipate","预见， 预期； 先于…行动","We anticipate that sales will increase in the next quarter.","我們預期下個季度的銷售額將會增長。"
"variable","易变的；;","The weather in the mountains can be very variable.","山區的天氣可能非常多變。"
"slash","砍；大幅削减; 砍痕， 伤痕； 斜线号","The company was forced to slash prices to compete.","為了競爭，該公司被迫大幅降價。"
"fabricate","编造； 制造","He was accused of fabricating evidence to win the case.","他被指控為了贏得官司而偽造證據。"
"uproot","根除； 离开家园","The war uprooted thousands of families from their homes.","戰爭使成千上萬的家庭背井離鄉。"
"tally","吻合; 记录；账","The final vote tally was 200 in favor and 150 against.","最終的計票結果是200票贊成，150票反對。"
"landscape","风景，景色；地貌，地形；风景画; 美化…的环境","The landscape was dotted with small villages.","風景中點綴著小小的村莊。"
"exception","除外， 例外","Everyone must attend the meeting; there are no exceptions.","每個人都必須參加會議，沒有例外。"
"temporary","暂时的， 临时的","This is just a temporary solution to the problem.","這只是問題的一個臨時解決方案。"
"awful","不舒服的； 糟糕的； 可怕的； 非常的","The weather was awful, so we stayed indoors all day.","天氣很糟糕，所以我們整天都待在室內。"
"urge","促进，力劝；驱赶，驱策; 强烈的欲望， 冲动","I had a strong urge to laugh during the serious meeting.","在嚴肅的會議中，我有一股強烈的想笑的衝動。"
"handy","可用的； 易使用的， 便利的； 手巧的","A smartphone is a handy device for communication.","智慧型手機是一種方便的通訊設備。"
"anguish","极度痛苦; 极度痛苦","She was in anguish over her son's illness.","她為兒子的病痛感到極度痛苦。"
"refraction","折射","The refraction of light causes a pencil in a glass of water to look bent.","光的折射使得玻璃杯裡的水中鉛筆看起來是彎的。"
"visual","视觉的","The movie is known for its stunning visual effects.","這部電影以其驚人的視覺效果而聞名。"
"sanctuary","禁猎区， 动物保护区； 庇护所， 避难所； 圣所， 圣殿","The church provided sanctuary for the refugees.","教堂為難民提供了庇護。"
"aerobics","有氧运动","She does aerobics three times a week to stay in shape.","她每週做三次有氧運動來保持體形。"
"inviting","动人的， 诱人的； 引人注目的","The cool, clear water of the lake looked very inviting on a hot day.","在炎熱的一天，湖中清涼澄澈的水看起來非常誘人。"
"instruct","指示； 教授","The guide will instruct you on how to use the equipment safely.","導遊會指導你如何安全地使用設備。"
"agreeable","使人愉快的； 欣然同意的","We spent an agreeable evening with good food and conversation.","我們度過了一個愉快的夜晚，享用了美食和愉快的交談。"
"merchant","商人","He is a wealthy merchant who trades in silk and spices.","他是一位富有的商人，從事絲綢和香料貿易。"
"community","社会； 社团； 群落； 共同体","He is a well-respected member of the local community.","他是當地社區一位備受尊敬的成員。"
"ailment","小病","He suffers from a minor ailment that is not serious.","他患有一種不嚴重的小病。"
"version","译文， 译本； 版本","A new version of the software will be released next month.","新版本的軟體將於下月發布。"
"charismatic","蒙受神恩的； 有超凡魅力的","The charismatic leader inspired great loyalty among his followers.","那位富有魅力的領袖在他的追隨者中激發了極大的忠誠。"
"overload","使超载， 使过载； 使超负荷； 给…增加负担; 超载； 超负荷","Don't overload the washing machine, or it won't clean properly.","不要讓洗衣機超載，否則衣服會洗不乾淨。"
"bronze","青铜色的; 青铜；青铜色；青铜制品；铜牌","The statue is made of bronze.","這座雕像是青銅製的。"
"staunch","坚定的， 忠诚的","She is a staunch supporter of the new policy.","她是新政策的堅定支持者。"
"selection","选择， 挑选； 精选； 被挑选出来的人， 精选品； 可供选择的事物","The store has a wide selection of shoes.","這家商店有各式各樣的鞋子可供選擇。"
"adolescence","青春","Adolescence is the period of transition between childhood and adulthood.","青春期是童年到成年的過渡時期。"
"notch","等级，档次；","This new model is a notch above the previous one.","這個新型號比前一個檔次更高。"
"subculture","亚文化行为观念， 次文化","Punk rock was a powerful youth subculture in the 1970s.","龐克搖滾是1970年代一股強大的青年次文化。"
"exhale","呼出； 散发","Breathe in slowly, then exhale.","慢慢吸氣，然後呼氣。"
"appropriate","适当的; 拨款； 占用， 挪用","Please wear appropriate clothing for the formal dinner.","請穿著適合正式晚宴的服裝。"
"utility","功用， 效用； 公用事业","The monthly utility bills include electricity, water, and gas.","每月的公用事業帳單包括電費、水費和瓦斯費。"
"abrasion","表面磨损","He had a small abrasion on his knee from the fall.","他因摔倒在膝蓋上有輕微的擦傷。"
"symphony","交响乐， 交响曲； 和谐， 协调","The orchestra performed Beethoven's Fifth Symphony.","管弦樂團演奏了貝多芬的第五交響曲。"
"observatory","天文台， 天文观测站","We went to the observatory to look at the stars through a telescope.","我們去天文台透過望遠鏡看星星。"
"optimistic","乐观的","Despite the challenges, she remains optimistic about the future.","儘管面臨挑戰，她對未來依然保持樂觀。"
"insolvent","财力不足的， 破产的","The company was declared insolvent after months of losses.","在連續數月虧損後，該公司被宣布破產。"
"submarine","水下的， 海底的; 潜水艇","The submarine can travel deep beneath the ocean's surface.","潛水艇可以在海洋深處航行。"
"empiricism","经验论， 经验主义","Empiricism is the theory that all knowledge is based on experience.","經驗主義是認為所有知識都基於經驗的理論。"
"sleek","光滑而有光泽的；线条流畅的；时髦的; 使平整光亮","The new sports car has a sleek and aerodynamic design.","新款跑車擁有流線型且符合空氣動力學的設計。"
"particle","微粒， 颗粒； 【语】小品词","Dust particles were visible in the beam of sunlight.","陽光光束中可以看到塵埃微粒。"
"musician","音乐家， 乐师","He is a talented musician who plays both the piano and the guitar.","他是一位才華橫溢的音樂家，既會彈鋼琴也會彈吉他。"
"typify","是…的典范； 成为…的特征","The Parthenon typifies the architectural style of ancient Greece.","帕德嫩神廟是古希臘建築風格的典型代表。"
"stagnant","不景气的； 停滞的； 迟钝的； 因不流动而污浊的","The stagnant water in the pond attracted mosquitoes.","池塘裡不流動的死水吸引了蚊子。"
"perceptive","感知的， 知觉的； 有洞察力的， 理解力强的","She is a very perceptive critic who understands the deeper meaning of films.","她是一位非常有洞察力的評論家，能夠理解電影的深層含義。"
"annotation","注释， 注解","The book includes helpful annotations to explain difficult passages.","這本書包含了有用的註釋來解釋困難的段落。"
"minimize","将…减到最少， 使最小化； 降低， 贬低","We should take steps to minimize the risk of accidents.","我們應該採取措施將事故風險降到最低。"
"descend","遗传； 下降； 起源； 降临， 来临","The plane began to descend for landing.","飛機開始下降準備著陸。"
"mechanics","机械学， 力学； 技巧， 方法","He is studying the mechanics of how birds fly.","他正在研究鳥類飛行的力學原理。"
"toed","有趾的","The frog has long-toed feet, which help it swim.","青蛙有長趾的腳，這有助於它游泳。"
"maglev","磁力悬浮火车","The maglev train can reach incredibly high speeds.","磁浮列車可以達到令人難以置信的高速。"
"logical","逻辑的； 符合逻辑的， 合理的； 有逻辑头脑的","There must be a logical explanation for what happened.","所發生的事情一定有一個合乎邏輯的解釋。"
"characterize","以…为特征； 刻画； 描述","The region is characterized by its hot, dry summers.","該地區的特徵是炎熱乾燥的夏天。"
"descent","血统， 世系； 下降","The steep descent from the mountain was challenging.","從山上陡峭的下降路線很有挑戰性。"
"stunt","阻碍生长；遏制; 特技表演； 噱头； 愚蠢行为","The actor performed all his own stunts in the movie.","那位演員在電影中完成了所有自己的特技動作。"
"weird","怪异的， 神秘的","I heard a weird noise coming from the attic last night.","昨晚我聽到閣樓傳來奇怪的聲音。"
"farce","笑剧， 滑稽剧； 闹剧","The political situation has become a complete farce.","政治局勢已變成一場徹頭徹尾的鬧劇。"
"ridiculous","荒唐的， 可笑的","It's ridiculous to expect me to finish all this work in one day.","指望我在一天內完成所有這些工作是荒謬的。"
"intrusion","侵扰， 干扰； 侵犯； 侵入， 闯入","I apologize for the intrusion, but this is an urgent matter.","我為打擾您而道歉，但這是一件緊急的事情。"
"refute","反驳， 驳斥","The lawyer used new evidence to refute the prosecutor's argument.","律師用新證據反駁了檢察官的論點。"
"severe","严重的； 严厉的； 剧烈的； 严峻的， 艰巨的； 朴素的， 不加装饰的","He is suffering from a severe case of the flu.","他患有嚴重的流感。"
"exemplify","是…的典型； 例示， 举例证明","Her kindness and generosity exemplify the spirit of the community.","她的善良和慷慨是社區精神的典範。"
"emerge","显露， 暴露； 出来， 现出","The sun emerged from behind the clouds.","太陽從雲層後面露了出來。"
"lease","租约；租期; 出租","We signed a one-year lease for the apartment.","我們簽了一年的公寓租約。"
"exploit","开发； 利用； 剥削; 英勇行为， 业绩， 功绩","The company was accused of exploiting its workers.","該公司被指控剝削其工人。"
"eager","渴望的， 热切的","The children were eager to open their presents.","孩子們渴望打開他們的禮物。"
"evidence","证明; 证据； 迹象； 根据","The police are looking for evidence to solve the crime.","警方正在尋找證據來偵破這起罪案。"
"republic","共和国； 共和政体","France is a republic.","法國是一個共和國。"
"errand","差事， 差使","My mom sent me on an errand to the grocery store.","我媽媽派我去雜貨店辦事。"
"flamboyant","艳丽的， 绚丽夺目的； 炫耀的","He is known for his flamboyant style of dress.","他以其 flamboyant 的穿衣風格而聞名。"
"lethal","致命的； 破坏性极大的， 极其有害的","A dose of this poison is lethal to humans.","一劑這種毒藥對人類是致命的。"
"stun","使昏迷； 使震惊； 使…目瞪口呆， 给以深刻印象","The news of his sudden death stunned everyone.","他突然去世的消息震驚了所有人。"
"repetition","重复， 反复； 重复的事","The key to learning a new skill is practice and repetition.","學習新技能的關鍵是練習和重複。"
"sled","乘雪橇， 用雪橇运; 雪橇；摘棉机","The children enjoyed riding the sled down the snowy hill.","孩子們喜歡坐著雪橇從雪坡上滑下來。"
"polygamous","一夫多妻的， 一妻多夫的","Some cultures have historically practiced polygamous marriages.","一些文化在歷史上曾實行一夫多妻或一妻多夫制婚姻。"
"suspense","担心， 焦虑； 悬念， 不确定","The movie was full of suspense and kept me on the edge of my seat.","這部電影充滿懸念，讓我一直緊張不安。"
"gemstone","经雕琢的宝石","Rubies, sapphires, and emeralds are all precious gemstones.","紅寶石、藍寶石和祖母綠都是珍貴的寶石。"
"narrate","讲述， 叙述","The documentary was narrated by a famous actor.","這部紀錄片由一位著名演員擔任旁白。"
"spring","跳跃；涌现，突然出现；突然提出; 泉； 弹簧， 发条； 春天； 跳， 跃","A natural spring provided fresh water for the village.","一個天然泉水為村莊提供了淡水。"
"autonomy","自治， 自治权； 自主， 自主权","The region was granted autonomy to govern itself.","該地區被授予自治權以進行自我管理。"
"gibe","嘲弄， 讥笑","He ignored their gibes and continued with his work.","他無視他們的譏諷，繼續他的工作。"
"fitness","健康， 健壮； 适合","Regular exercise is essential for physical fitness.","定期運動對於身體健康至關重要。"
"shred","碎片，细条；些许，少量; 切碎， 撕碎","He shredded the secret documents before the police arrived.","在警察到達之前，他將秘密文件切碎了。"
"kindle","点燃， 开始燃烧； 激起","The speaker's passionate words kindled a sense of hope in the audience.","演講者熱情的話語點燃了聽眾的希望。"
"surrender","投降；放弃，交出; 投降； 屈服， 屈从； 放弃","The outnumbered army was forced to surrender.","寡不敵眾的軍隊被迫投降。"
"faint","昏厥，晕倒; 模糊的，不清楚的；无力的，虚弱的；眩晕的; 昏厥","The writing on the old letter was faint and difficult to read.","舊信上的字跡模糊，難以辨認。"
"elm","榆树","An old elm tree stood in the center of the park.","一棵老榆樹矗立在公園中央。"
"shade","阴凉处，遮光物；阴暗；色度；差别; 遮蔽， 遮光","Let's sit in the shade of this tree.","讓我們坐在這棵樹的樹蔭下吧。"
"collide","碰撞， 互撞； 冲突， 抵触","The two cars collided at the intersection.","兩輛車在十字路口相撞。"
"cardinal","主要的，最重要的; 红衣凤头鸟","Respect for others is a cardinal rule of our society.","尊重他人是我們社會的一條主要規則。"
"insist","坚持要求； 坚决主张","He insisted on paying for everyone's dinner.","他堅持要為大家付晚餐的錢。"
"evergreen","常绿的; 常绿树， 常青树","Pine trees are a type of evergreen.","松樹是一種常綠樹。"
"staggered","交错的， 错开的； 震惊的","She was staggered by the news of his resignation.","她對他辭職的消息感到震驚。"
"volume","体积， 容积， 容量； 音量； 卷， 册； 书","Please turn down the volume of the music.","請把音樂的音量調低。"
"transact","交易； 执行， 处理","Most of our business is transacted online.","我們大部分的業務都是在線上交易的。"
"catalyst","催化剂， 触媒； 促使变化的人","The new manager was a catalyst for positive change in the office.","新經理是辦公室積極變革的催化劑。"
"guideline","指导方针，指导原则","The company has strict guidelines regarding employee conduct.","公司對員工行為有嚴格的指導方針。"
"loose","松散的， 宽松的； 不精确的， 不严密的； 不牢固的； 自由的， 散漫的","My shoelaces are loose; I need to tie them.","我的鞋帶鬆了，我需要繫一下。"
"loathsome","令人厌恶的， 讨厌的","The villain in the story was a truly loathsome character.","故事中的反派是一個真正令人厭惡的角色。"
"flint","燧石， 打火石","Early humans used flint to create sparks and make fire.","早期人類使用燧石來產生火花生火。"
"preeminent","卓越的， 杰出的","She is the preeminent expert in her field of study.","她是其研究領域最卓越的專家。"
"indignant","愤慨的， 恼怒的","He was indignant at the unfair accusation.","他對不公平的指控感到憤慨。"
"decimal","十进位的，小数的; 小数","Please write the answer as a decimal, not a fraction.","請用小數而非分數寫出答案。"
"hardly","几乎不， 简直不； 刚刚， 仅仅","I could hardly hear what he was saying over the noise.","在噪音中，我幾乎聽不清他在說什麼。"
"lasting","持久的， 永久的","Their friendship had a lasting impact on his life.","他們的友誼對他的人生產生了持久的影響。"
"cynical","愤世嫉俗的， 冷嘲热讽的","He has a cynical view of politics and doesn't trust any politicians.","他對政治持憤世嫉俗的看法，不信任任何政治家。"
"technical","技术的， 工艺的； 专业的","The report is full of technical jargon that is hard to understand.","報告中充滿了難以理解的技術術語。"
"outermost","最外面的， 离中心最远的","The outermost planet in our solar system is Neptune.","我們太陽系最外層的行星是海王星。"
"companion","同伴， 共事者","His dog has been his faithful companion for many years.","他的狗是他多年來的忠實伴侶。"
"tortuous","折磨人的， 令人痛苦的； 曲折的， 蜿蜒的； 含混不清的， 拐弯抹角的","The tortuous mountain road was difficult to drive on.","那條蜿蜒曲折的山路很難駕駛。"
"paucity","极小量， 少量","There is a paucity of evidence to support his claim.","支持他主張的證據很少。"
"strand","股，缕；部分，方面; 使滞留； 使搁浅","A single strand of hair was found at the crime scene.","在犯罪現場發現了一根頭髮。"
"accomplish","达到； 完成； 实现","With hard work, you can accomplish anything you set your mind to.","只要努力，你可以完成任何你下定決心要做的事。"
"constituent","有宪法制定或修改权的； 组成的， 构成的; 选民；要素，成分","Water is a constituent element of all living things.","水是所有生物的組成要素。"
"intentionally","有意地， 故意地","I'm sorry, I didn't intentionally break your vase.","對不起，我不是故意打破你的花瓶的。"
"irritate","激怒， 使烦躁； 刺激","The constant noise from the street began to irritate me.","街上持續的噪音開始讓我煩躁。"
"havoc","混乱， 大破坏","The hurricane wreaked havoc on the coastal town.","颶風對沿海小鎮造成了嚴重破壞。"
"responsible","有责任感的， 负责的； 需负责任的； 责任重大的， 重要的","You are responsible for your own actions.","你要為自己的行為負責。"
"vagrant","漂泊的; 无业游民，流浪者","The city is trying to provide shelter for the vagrant population.","該市正試圖為流浪人口提供庇護所。"
"medal","奖牌， 奖章","She won a gold medal in the swimming competition.","她在游泳比賽中贏得了一枚金牌。"
"linen","亚麻织品； 亚麻布","The hotel provides fresh linen and towels every day.","酒店每天提供乾淨的床單和毛巾。"
"satellite","卫星； 人造卫星","A new communication satellite was launched into orbit.","一顆新的通訊衛星被發射進入軌道。"
"packed","拥挤的； 压紧的","The train was so packed that I could hardly move.","火車擠得我幾乎動彈不得。"
"illuminate","照亮； 启发， 启迪； 阐明， 说明","The streetlights illuminated the dark street.","路燈照亮了黑暗的街道。"
"lizard","蜥蜴","A small lizard was sunbathing on a rock.","一隻小蜥蜴正在岩石上曬太陽。"
"delirium","精神错乱， 神志失常","The patient was in a state of delirium due to the high fever.","病人因高燒而處於精神錯亂狀態。"
"preoccupation","主要考虑因素； 全神贯注","His preoccupation with video games is affecting his grades.","他對電玩的全神貫注正在影響他的成績。"
"vow","发誓; 誓约","The couple exchanged vows at their wedding ceremony.","這對新人在他們的婚禮上交換了誓言。"
"cipher","密码， 暗号","The spy used a secret cipher to send messages.","間諜使用密碼來發送訊息。"
"residue","剩余物， 残余物","A sticky residue was left on the table after he spilled the juice.","他打翻果汁後，桌子上留下了一層黏糊糊的殘留物。"
"noted","著名的","He is a noted expert on international law.","他是一位著名的國際法專家。"
"frenzy","狂暴， 狂热， 疯狂","The fans were in a frenzy of excitement at the concert.","粉絲們在演唱會上陷入了興奮的狂熱之中。"
"forum","论坛； 讨论会","The online forum is a good place to discuss different opinions.","線上論壇是討論不同意見的好地方。"
"contempt","轻视， 鄙视， 轻蔑","He showed his contempt for the rules by breaking them openly.","他公然違反規則，以示對規則的蔑視。"
"horizon","地平线；","We watched the sun sink below the horizon.","我們看著太陽沉入地平線下。"
"undertaking","任务， 项目； 事业， 企业； 承诺， 保证","Starting a new business is a risky undertaking.","開創新事業是一項有風險的任務。"
"figurative","比喻的， 借喻的， 象征的； 形象的","'My heart is broken' is a figurative expression.","「我的心碎了」是一種比喻的說法。"
"sweat","出汗; 汗；一身汗","He was covered in sweat after his morning run.","他晨跑後渾身是汗。"
"progressive","进步的； 逐步的， 渐进的； 【语】进行时的","The government implemented a progressive tax system.","政府實施了累進稅制。"
"betray","出卖， 泄露； 辜负， 对…不忠； 流露情感","He would never betray his friends.","他絕不會背叛他的朋友。"
"aloft","在高处； 在空中","The flag was flying aloft on the tall flagpole.","旗幟在高高的旗桿上飄揚。"
"contributory","贡献的； 捐助的； 促进的","Lack of sleep can be a contributory factor to poor health.","睡眠不足可能是導致健康不佳的一個因素。"
"deliberate","故意的， 蓄意的； 审慎的， 深思熟虑的; 深思熟虑","It was a deliberate attempt to mislead the public.","這是一次蓄意誤導公眾的行為。"
"swear","诅咒； 宣誓， 发誓","I swear that I am telling the truth.","我發誓我說的是實話。"
"atmosphere","大气， 大气层； 空气； 气氛， 氛围","The restaurant has a very romantic atmosphere.","這家餐廳有著非常浪漫的氛圍。"
"decorate","装饰， 布置","We decorated the room with balloons and streamers for the party.","我們用氣球和彩帶裝飾房間以準備派對。"
"career","生涯， 经历； 职业","She has a successful career in law.","她在法律領域有著成功的職業生涯。"
"slacken","松弛， 放松； 减缓， 放慢","The rope slackened, and the boat drifted away.","繩子鬆了，船漂走了。"
"release","释放； 发布， 公开； 发泄","The band will release their new album next month.","樂團將於下月發行他們的新專輯。"
"charter","特许设立，给予特权；包租; 纲领， 宣言； 宪章； 特许状","The city was granted a royal charter in the 12th century.","該市在12世紀獲得了皇家特許狀。"
"abiding","持久的， 永久的","She has an abiding interest in ancient history.","她對古代史有著持久的興趣。"
"liberate","解放； 释放","The soldiers fought to liberate the city from enemy control.","士兵們為將城市從敵人的控制下解放出來而戰。"
"moral","道德的，道义上的；有道德的，品行端正的；精神的","Stealing is not only illegal but also a moral issue.","偷竊不僅是違法的，也是一個道德問題。"
"diminution","减少， 缩减","There has been a significant diminution in the company's profits.","公司的利潤出現了顯著的減少。"
"aspire","有志于； 热望， 向往","She aspires to be a successful surgeon.","她立志成為一名成功的外科醫生。"
"outbreak","发作； 爆发","There was a sudden outbreak of the flu in the city.","該市突然爆發了流感。"
"nap","小睡， 打盹","I usually take a short nap after lunch.","我通常午飯後小睡一會兒。"
"ecological","生态的","The construction of the dam had a negative ecological impact on the river.","水壩的建設對河流產生了負面的生態影響。"
"digitize","数字化","The library is working to digitize its collection of old books.","圖書館正在努力將其收藏的古籍數位化。"
"partnership","合伙； 伙伴关系； 合伙人身份","The two companies have formed a strategic partnership.","兩家公司已結成戰略夥伴關係。"
"shape","形状，外形，样子；体形，身材；形式；幻象；情况，状况; 使成为…形状， 塑造； 决定…的形成","The clouds formed interesting shapes in the sky.","雲在天空中形成了有趣的形狀。"
"verbalize","用言语表达","It can be difficult to verbalize your feelings.","用語言表達你的感受可能很困難。"
"momentous","重大的， 重要的","The fall of the Berlin Wall was a momentous event in history.","柏林圍牆的倒塌是歷史上的一個重大事件。"
"specify","使具体化； 明确规定， 详细说明","The contract specifies the terms of payment.","合約中詳細說明了付款條款。"
"allegiance","忠诚， 效忠， 拥戴","Soldiers must swear allegiance to their country.","士兵必須宣誓效忠於他們的國家。"
"wanna","想要","I wanna go to the beach this weekend. (Informal)","這個週末我想去海灘。（口語）"
"crossing","十字路口， 人行横道； 过境处； 交叉点； 穿越， 横渡","Please use the pedestrian crossing to cross the street safely.","請使用人行橫道安全地過馬路。"
"relevance","有关， 相关； 中肯， 适当； 重大关系， 意义； 实用性","What he said has no relevance to the current discussion.","他說的話與當前的討論無關。"
"quarry","采石； 采集; 采石场，石矿；猎物，追捕的对象","The old quarry has now been filled with water and is a nature reserve.","舊的採石場現在已經被水填滿，成了一個自然保護區。"
"gravel","沙砾， 砾石","The driveway was covered with fine gravel.","車道上覆蓋著細小的礫石。"
"malnutrition","营养不良","Malnutrition is a serious problem in many developing countries.","營養不良是許多發展中國家的一個嚴重問題。"
"submerge","浸没， 淹没","The submarine can submerge to a depth of 500 meters.","潛水艇可以下潛到500米的深度。"
"pertinent","相关的； 恰当的， 贴切的","Please only ask questions that are pertinent to the topic.","請只問與主題相關的問題。"
"compose","创作； 组成； 使安定","He composed a beautiful piece of music for the piano.","他為鋼琴創作了一首優美的樂曲。"
"giraffe","长颈鹿","The giraffe is the tallest land animal.","長頸鹿是最高的陸地動物。"
"supersonic","超音速的，超声波的; 超音速， 超声波","The jet is capable of flying at supersonic speeds.","這架噴射機能夠以超音速飛行。"
"cell","细胞； 基层组织； 单人房间； 电池","The human body is made up of billions of cells.","人體由數十億個細胞組成。"
"remind","提醒； 使想起； 使发生联想","Please remind me to call my mother tomorrow.","請提醒我明天打電話給我媽媽。"
"withstand","经受住， 耐； 抵挡","The building was designed to withstand strong earthquakes.","這座建築的設計是為了抵禦強烈地震。"
"inertia","惯性； 惰性","It's hard to overcome the inertia of old habits.","很難克服舊習慣的惰性。"
"epitomize","成为…的缩影； 摘要， 概括， 缩写","This painting epitomizes the artist's early style.","這幅畫是這位藝術家早期風格的縮影。"
"wintry","冬天的； 寒冷的； 冷淡的","A wintry wind blew across the landscape.","一股寒冷的冬風吹過大地。"
"encourage","鼓励， 激励； 促进， 激发","My parents always encouraged me to follow my dreams.","我的父母總是鼓勵我追隨自己的夢想。"
"vacuum","真空；真空状态，空白，","Space is a near-perfect vacuum.","太空是一個近乎完美的真空。"
"administer","管理； 执行； 给予， 提供","The nurse will administer the medication to the patient.","護士將會給病人用藥。"
"transplant","移植； 使迁移， 使移居； 移栽， 移种; 移植","He received a heart transplant last year.","他去年接受了心臟移植手術。"
"deficit","不足额； 赤字， 逆差","The government is trying to reduce the budget deficit.","政府正試圖減少預算赤字。"
"cohere","连贯， 一致； 黏合； 齐心协力， 团结一致","His argument did not cohere and was full of contradictions.","他的論點不連貫，充滿了矛盾。"
"snowflake","雪花， 雪片","Each snowflake has a unique and intricate pattern.","每一片雪花都有著獨特而複雜的圖案。"
"linger","徘徊， 流连； 继续存留； 缓慢消失","The smell of her perfume lingered in the room.","她的香水味 lingering 在房間裡。"
"grasshopper","蚂蚱， 蝗虫","A grasshopper was chirping in the tall grass.","一隻螞蚱在高高的草叢中鳴叫。"
"dispel","驱散， 驱逐； 消除","The good news helped to dispel his fears.","這個好消息幫助消除了他的恐懼。"
"cascara","缓泻剂","Cascara is a natural laxative derived from the bark of a tree.","Cascara 是從樹皮中提取的天然瀉藥。"
"slip","滑倒，失足；滑落；悄悄疾行，溜；摆脱；下降，跌落；陷入; 差错， 纰漏； 滑倒； 纸片","Be careful not to slip on the wet floor.","小心不要在濕滑的地板上滑倒。"
"species","种类， 类群","Many species of animals are in danger of extinction.","許多動物物種正瀕臨滅絕。"
"anchor","抛锚；使固定；扎根，基于；主持; 锚； 给人安全感的物， 精神支柱","The ship dropped anchor in the harbor.","船在港口拋錨了。"
"manifesto","宣言， 声明","The political party published its manifesto before the election.","該政黨在選舉前發表了其宣言。"
"quench","扑灭， 熄灭； 解","A glass of cold water is perfect to quench your thirst on a hot day.","在炎熱的一天，一杯冷水是解渴的完美選擇。"
"spice","香料，调味品；趣味，情趣; 加香料于； 给…增添趣味","Variety is the spice of life.","變化是生活的調味品。"
"pedagogy","教育学， 教学法","The university offers a course on modern pedagogy.","這所大學提供一門關於現代教育學的課程。"
"screen","掩蔽；审查；筛选; 屏幕","The large screen in the cinema provides a great viewing experience.","電影院的大銀幕提供了極佳的觀影體驗。"
"autonomous","自治的； 独立自主的","The region has become an autonomous republic.","該地區已成為一個自治共和國。"
"naked","裸露的， 无遮盖的； 直白的， 露骨的， 不加掩饰的","It's important to protect your naked skin from the sun.","保護裸露的皮膚免受陽光照射非常重要。"
"vibration","振动， 颤动","We could feel the vibrations from the passing train.","我們能感覺到過往火車的震動。"
"aerial","空中的，地表以上的；从飞行器上的; 天线","The documentary included stunning aerial views of the mountains.","這部紀錄片包含了令人驚嘆的山脈航拍畫面。"
"trial","审讯； 试验， 试用； 令人伤脑筋的人","The new drug is undergoing clinical trials.","新藥正在進行臨床試驗。"
"perception","感知， 感觉； 认识， 观念； 洞察力","Our perception of reality is influenced by our personal experiences.","我們對現實的感知受到個人經歷的影響。"
"saturation","饱和； 饱和度","The market has reached saturation point, with too many similar products.","市場已達到飽和點，有太多相似的產品。"
"stylistic","风格上的， 文体上的","The author is known for her unique stylistic choices.","這位作家以其獨特的風格選擇而聞名。"
"undertake","承担； 进行， 从事","The company will undertake a major new construction project.","公司將承擔一個重大的新建設項目。"
"optimize","使最优化； 充分利用","We need to optimize our website for mobile devices.","我們需要為行動設備優化我們的網站。"
"indigenous","本地的， 本土的； 土产的； 土著的","The indigenous people have lived in this land for thousands of years.","原住民在這片土地上生活了數千年。"
"visualize","想象， 使形象化； 构思","Try to visualize your goals to help you achieve them.","試著將你的目標形象化，以幫助你實現它們。"
"rejuvenate","使年轻； 使恢复活力","A good night's sleep can rejuvenate your mind and body.","一夜好眠可以使你的身心恢復活力。"
"obituary","讣闻， 讣告","The newspaper published a lengthy obituary for the famous actor.","報紙為那位著名演員刊登了一篇長篇訃告。"
"bureau","局， 署； 办公室； 机构","He works for the Federal Bureau of Investigation (FBI).","他在聯邦調查局（FBI）工作。"
"moist","潮湿的； 多雨的","The cake was moist and delicious.","蛋糕濕潤可口。"
"cable","给…发电报， 用电报传送; 缆绳，钢索；电缆；电报","The bridge is supported by thick steel cables.","這座橋由粗大的鋼纜支撐。"
"intense","强烈的； 热切的； 激烈的","The competition between the two teams was very intense.","兩隊之間的競爭非常激烈。"
"thrifty","节省的， 节俭的","She is a thrifty shopper who always looks for the best deals.","她是一個節儉的購物者，總是在尋找最優惠的價格。"
"yelp","尖叫; 短而尖的叫声","The dog gave a yelp of pain when I accidentally stepped on its tail.","當我不小心踩到狗的尾巴時，牠發出了一聲痛苦的尖叫。"
"estate","地产； 庄园； 个人财产， 遗产","He owns a large country estate with a mansion and several acres of land.","他擁有一個帶有豪宅和數英畝土地的大型鄉村莊園。"
"acoustic","非电声乐器的， 原声的； 听觉的， 声音的","I prefer the acoustic version of this song.","我更喜歡這首歌的原聲版本。"
"articulate","善于表达的； 发音清晰的， 口齿清楚的; 明确表达， 清楚说明； 清晰地吐， 清晰地发； 用关节连接","She is an articulate speaker who can express her ideas clearly.","她是一位善於言辭的演講者，能夠清晰地表達自己的思想。"
"brass","铜管乐器； 黄铜","The trumpet and trombone are both brass instruments.","小號和長號都是銅管樂器。"
"dignify","使有尊严， 使高贵； 美化","He refused to dignify the rumor with a response.","他拒絕回應那個謠言，以免使其顯得重要。"
"bluster","虚张声势地恫吓； 猛刮","The wind blustered all night, rattling the windows.","風咆哮了一整夜，把窗戶吹得嘎嘎作響。"
"traverse","横穿， 横渡","The explorers had to traverse a vast desert.","探險家們必須橫越一片廣闊的沙漠。"
"rigorous","缜密的， 谨慎的； 严格的， 严厉的","The university has a rigorous academic program.","這所大學有著嚴謹的學術課程。"
"amino","氨基的","Amino acids are the building blocks of proteins.","氨基酸是蛋白質的組成部分。"
"secular","现世的； 世俗的； 非宗教的","The country has a secular government, separate from any religion.","該國有一個與任何宗教分離的世俗政府。"
"activate","刺激， 使活动","You need to activate your new credit card before you can use it.","在使用新信用卡之前，你需要先將其激活。"
"strenuous","费劲的， 费力的， 艰苦的； 精力充沛的； 奋力的","Avoid strenuous exercise for a few days after the surgery.","手術後的幾天內，請避免劇烈運動。"
"lethargy","死气沉沉； 无精打采， 倦怠","I felt a sense of lethargy after the big meal.","大餐過後，我感到一陣倦怠。"
"amusement","可笑； 娱乐， 消遣","The amusement park has many rides and attractions for all ages.","遊樂園有許多適合所有年齡層的遊樂設施和景點。"
"boundary","分界线； 边界","The river forms the boundary between the two countries.","這條河構成了兩國之間的邊界。"
"shame","羞耻，羞愧，耻辱；可耻的人; 使羞愧； 玷辱","He felt a deep sense of shame for what he had done.","他為自己所做的事感到深深的羞愧。"
"precipitate","使…突然降临；加速；降水；使突然陷入；; 仓促的， 鲁莽的","The announcement precipitated a sharp fall in the stock market.","這項宣布促使股市急劇下跌。"
"centrifugal","离心的","A centrifugal force pulls objects away from the center of rotation.","離心力將物體拉離旋轉中心。"
"mandate","强制执行； 授权; 授权；委托书，授权令；任期","The government was given a mandate to implement its new policies.","政府獲得了實施其新政策的授權。"
"slog","艰难行进； 埋头苦干； 猛击","It was a long, hard slog to the top of the mountain.","攀登到山頂是一段漫長而艱苦的跋涉。"
"financial","财政的， 财务的， 金融的","She sought financial advice before starting her own business.","在創業前，她尋求了財務建議。"
"respective","分别的， 各自的","The students returned to their respective classrooms.","學生們回到了各自的教室。"
"inactivate","使不活动， 使不活跃","The virus can be inactivated by heat.","病毒可以被熱力滅活。"
"media","媒介， 媒体","The story was widely reported in the national media.","這個故事在全國媒體上得到了廣泛報導。"
"plaudit","喝彩；赞美","The play received plaudits from the critics.","這部戲劇贏得了評論家們的喝采。"
"exalt","高度赞扬， 褒扬； 提升， 提拔","The book exalts the virtues of a simple country life.","這本書頌揚了簡樸鄉村生活的美德。"
"reversible","可逆的， 可翻转的； 正反两用的； 可恢复原状的","This jacket is reversible, so you can wear it on either side.","這件夾克是雙面的，所以你可以兩面穿。"
"define","定义， 解释； 限定","Can you define the word 'happiness'?","你能定義「幸福」這個詞嗎？"
"dictate","规定；决定；口述；支配; 命令， 规定","The terms of the contract were dictated by the larger company.","合約的條款是由那家較大的公司規定的。"
"flick","轻拍；移动; 轻拍； 浏览","She flicked the dust off her sleeve.","她輕彈掉袖子上的灰塵。"
"memorize","记住， 记忆， 熟记","He has a remarkable ability to memorize long poems.","他有記憶長詩的非凡能力。"
"render","给予， 提供； 致使； 递交， 呈献； 表达； 翻译","The new technology will render our old computers obsolete.","新技術將使我們的舊電腦過時。"
"haven","港口； 庇护所， 避难所； 栖息处","The park is a haven for wildlife.","這個公園是野生動物的庇護所。"
"neon","氖； 霓虹灯","The city was lit up by bright neon signs.","城市被明亮的霓虹燈照亮。"
manifest,"明显的, 表明，显示, 货物清单","His guilt was manifest on his face.","他的内疚明显地写在脸上。"
relieve,"缓解， 减轻； 使轻松， 使宽慰； 调剂； 接替， 换班","She was given morphine to relieve the pain.","她注射吗啡来减轻疼痛。"
buffalo,"水牛； 野牛","In the 19th century, the American buffalo was hunted to near extinction.","19世纪，美洲野牛被猎杀至濒临灭绝。"
endeavor,"努力， 尽力","Engineers are endeavoring to locate the source of the problem.","工程师们正努力查找问题的根源。"
quartz,"石英","Quartz is a hard, crystalline mineral composed of silicon and oxygen atoms.","石英是一种由硅和氧原子构成的坚硬的结晶矿物。"
prelude,"前奏曲， 序幕","The musical prelude to the main event was a beautiful piano solo.","主活动之前的音乐序曲是一段优美的钢琴独奏。"
adjacent,"邻近的， 毗连的","They lived in a house adjacent to the railway.","他们住在铁路附近的一所房子里。"
transport,"运输； 运输系统， 运载工具, 运输； 传播","The company will arrange for the transport of your belongings.","公司将安排运输您的物品。"
grump,"发脾气，发牢骚, 脾气不好的人","He's such a grump in the mornings.","他早上脾气很坏。"
specific,"明确的， 具体的； 特定的， 特有的","The doctor gave me specific instructions on how to take the medicine.","医生给了我关于如何服药的具体指示。"
sprain,"扭伤","I fell down the stairs and sprained my ankle.","我从楼梯上摔下来，扭伤了脚踝。"
prioritize,"划分优先顺序； 优先处理","You must learn to prioritize your work.","你必须学会优先处理你的工作。"
engage,"从事于， 忙于； 吸引； 订婚； 聘用","She is currently engaged in research on climate change.","她目前正从事气候变化的研究。"
adroit,"精明的， 干练的； 熟练的， 灵巧的","She is an adroit negotiator.","她是一位干练的谈判者。"
appetite,"胃口， 食欲； 欲望","All that exercise has given me a good appetite.","那么大的运动量让我胃口大开。"
frivolity,"轻浮； 愚蠢的行为","Her frivolity and lack of seriousness annoyed him.","她的轻浮和不严肃惹恼了他。"
strategy,"战略， 策略","The company's marketing strategy is to target young consumers.","该公司的营销策略是针对年轻消费者。"
remainder,"剩余物， 残余； 其他的人； 差数， 余数","I ate most of it and gave the remainder to the dog.","我吃了大部分，剩下的给了狗。"
clumsy,"笨拙的； 不得体的， 冒犯人的； 复杂难懂的， 难处理的","I'm so clumsy, I keep dropping things.","我太笨拙了，老是掉东西。"
territory,"领土， 版图； 领域， 地盘","The territory is disputed by two neighboring countries.","这片领土受到两个邻国的争议。"
summon,"传唤， 传讯； 召集， 召开； 鼓起， 振作","She was summoned to appear in court.","她被传唤出庭。"
grovel,"摇尾乞怜， 奴颜婢膝","He had to grovel to get his job back.","他不得不摇尾乞怜才保住了工作。"
maintain,"维持， 保持； 维修， 保养； 主张， 坚持； 赡养， 负担","The two countries have always maintained friendly relations.","两国一直保持着友好关系。"
shift,"转移；改变, 转移； 改变； 轮班","There has been a dramatic shift in public opinion.","公众舆论发生了戏剧性的转变。"
implore,"哀求， 恳求","She implored him to stay.","她恳求他留下来。"
rehabilitate,"使恢复原状， 修复； 改造， 使恢复正常生活； 恢复…的名誉","The program is designed to rehabilitate young offenders.","该计划旨在改造青少年罪犯。"
expertise,"专门知识， 专长","We need someone with expertise in financial management.","我们需要一位具有财务管理专业知识的人。"
bargain,"讨价还价, 特价商品，廉价货；协议；交易","The car was a bargain at that price.","那辆车那个价钱很便宜。"
elective,"选举的； 可选择的； 选修的","Students can choose two electives each semester.","学生每学期可选修两门选修课。"
pivot,"在枢轴上旋转, 枢轴；中心点；核心","The whole story pivots on the fact that he was in the wrong place at the wrong time.","整个故事的关键在于他在错误的时间出现在了错误的地点。"
dissuade,"劝阻， 阻止","I tried to dissuade him from leaving.","我试图劝他不要离开。"
sneaker,"鬼鬼祟祟的人， 卑鄙者； 运动鞋","He bought a new pair of sneakers.","他买了一双新运动鞋。"
conclusive,"确定的， 确凿的， 不容置疑的； 结论性的","The evidence was conclusive.","证据确凿。"
encompass,"包含； 环绕","The new curriculum will encompass a wide range of subjects.","新课程将涵盖广泛的学科。"
sustenance,"食物； 生计； 维持","He is looking for sustenance for his family.","他正在为家人寻找生计。"
allergy,"过敏性反应","I have an allergy to cats.","我对猫过敏。"
disinterested,"客观的， 无私的， 公正的； 无兴趣的， 不关心的","A disinterested observer is needed to settle the dispute.","需要一个公正的观察者来解决争端。"
envelope,"信封","She put the letter in an envelope and sealed it.","她把信放进信封，然后封上了口。"
deposit,"沉淀；堆积；储蓄；","I'd like to deposit this check, please.","我想存这张支票。"
dissipate,"消散， 消失； 挥霍， 浪费","His anger began to dissipate.","他的怒气开始消散。"
recount,"讲述， 描述； 重新清点， 重计","He recounted his adventures in the jungle.","他讲述了他在丛林中的冒险经历。"
flask,"细颈瓶； 烧瓶","The scientist carefully poured the liquid into a flask.","科学家小心翼翼地将液体倒入烧瓶中。"
fluctuation,"波动， 起伏","There has been a fluctuation in the price of oil.","石油价格出现了波动。"
pliable,"易弯曲的， 柔韧的； 易受影响的； 顺从的","The young mind is pliable and easily influenced.","年轻人的思想是可塑的，容易受到影响。"
flash,"闪光； 反射, 闪光；闪现","A flash of lightning lit up the sky.","一道闪电照亮了天空。"
continent,"大陆， 陆地； 洲","Africa is a large continent.","非洲是一片广阔的大陆。"
disturbance,"打扰； 骚动； 心神不安， 烦恼","There was a disturbance outside the classroom.","教室外面有骚动。"
confidant,"知己， 密友","She's my closest confidant.","她是我最亲密的知己。"
simultaneous,"同时的， 同步的","The two events were almost simultaneous.","这两件事几乎是同时发生的。"
guarantee,"保证；担保, 保证， 担保； 保证书","The watch comes with a two-year guarantee.","这款手表有两年的保修期。"
improvise,"即兴创作； 临时准备","I hadn't prepared a speech so I had to improvise.","我没有准备演讲稿，所以我不得不即兴创作。"
predation,"掠夺； 掠食","The high level of predation in the area has led to a decline in the bird population.","该地区的高度捕食导致鸟类数量下降。"
recommend,"推荐； 建议","I can recommend the fish.","我推荐这道鱼。"
demobilize,"遣散； 使复员","After the war, the army was demobilized.","战后，军队复员了。"
leach,"过滤；溶解, 过滤器； 过滤剂","The chemicals had leached into the soil.","化学物质已经渗入土壤。"
prodigious,"巨大的","He had a prodigious appetite.","他的胃口大得惊人。"
lost-and-found,"失物招领","I went to the lost-and-found to see if anyone had handed in my keys.","我去了失物招领处，看是否有人交了我的钥匙。"
knack,"诀窍； 技能， 本领； 习惯， 癖好","She has a knack for making people feel comfortable.","她有让人们感到自在的诀窍。"
default,"不履行义务， 违约, 违约；弃权；缺省","He defaulted on his loan payments.","他拖欠了贷款。"
indolent,"懒惰的， 懒散的； 不活跃的","He was an indolent man who enjoyed doing nothing.","他是一个懒惰的人，喜欢无所事事。"
tropic,"热带的, 回归线；热带地区","The tropic of Cancer is the most northerly circle of latitude on Earth at which the Sun can be directly overhead.","北回归线是地球上太阳可以直射的最北纬度圈。"
beverage,"饮料","The price of the meal includes a beverage.","餐费包括一杯饮料。"
diction,"措辞， 用语","His diction was clear and precise.","他的措辞清晰而准确。"
ripe,"熟的； 成熟的","Those bananas aren't ripe yet.","那些香蕉还没熟。"
attribute,"属性， 特征, 把…归于","He attributed his success to hard work.","他将自己的成功归功于努力工作。"
genetic,"基因的， 遗传的","The disease is caused by a genetic defect.","这种疾病是由基因缺陷引起的。"
triumph,"获胜， 成功, 狂喜；胜利，成功","The team celebrated their triumph.","球队庆祝他们的胜利。"
slumber,"睡眠， 安睡","The baby slumbered peacefully in her crib.","婴儿在婴儿床里安详地睡着。"
arouse,"唤醒， 唤起； 激起， 引起","His speech aroused the crowd.","他的演讲激起了人群的兴趣。"
nest,"做窝，筑巢, 巢， 窝","The bird built its nest in the tree.","鸟在树上筑了巢。"
tout,"吹捧； 兜售","He's been touting his new book all over the country.","他一直在全国各地兜售他的新书。"
expropriate,"征用， 没收","The government expropriated the land for a new highway.","政府为修建一条新高速公路征用了这块土地。"
consensus,"共识， 一致同意； 舆论","The general consensus is that we should go ahead with the project.","普遍的共识是，我们应该继续进行这个项目。"
classic,"经典的；典型的, 经典作品；","'Pride and Prejudice' is a classic novel.","《傲慢与偏见》是一部经典小说。"
embellish,"装饰； 对…添枝加叶， 渲染","He embellished his story with a few extra details.","他给自己的故事添枝加叶。"
metric,"米制的； 公制的","The metric system is used in most countries of the world.","世界上大多数国家都使用公制。"
absolute,"完全的， 绝对的； 地道的； 无疑的， 确凿的； 不受限制的， 不受约束的","I have absolute confidence in her ability.","我对她的能力有绝对的信心。"
retract,"收回， 撤销； 缩回","He retracted his earlier statement.","他收回了他早先的声明。"
gossip,"传播流言飞语， 说长道短, 闲话，流言飞语；爱说长道短的人","She's been spreading gossip about her neighbors.","她一直在传播邻居的闲话。"
technological,"技术的， 工艺的","The company is a leader in technological innovation.","该公司是技术创新的领导者。"
grab,"拿， 抓， 夺","He grabbed the money and ran.","他抓住钱就跑了。"
silversmith,"银匠； 银器商人","The silversmith crafted a beautiful necklace.","银匠精心制作了一条漂亮的项链。"
antecedent,"先行的, 祖先，先辈","The antecedent of the pronoun 'it' is the noun 'book'.","代词“it”的先行词是名词“book”。"
remains,"剩余物， 残留物； 古代遗物， 遗迹， 遗址； 遗骸","The remains of the ancient city were discovered by archaeologists.","考古学家发现了古城的遗迹。"
granular,"粒状的； 含颗粒的","The sugar has a granular texture.","这种糖呈颗粒状。"
incorporate,"纳入， 合并； 包含； 吸收； 注册成立","We will incorporate your suggestions into the final plan.","我们会将您的建议纳入最终计划。"
graphite,"石墨","Graphite is used in pencils and as a lubricant.","石墨用于铅笔和润滑剂。"
boast,"自我夸耀","He's always boasting about his new car.","他总是吹嘘他的新车。"
reiterate,"反复说， 重申","Let me reiterate that we are fully committed to this project.","让我重申，我们完全致力于这个项目。"
flank,"肋腹；侧面；侧翼, 位于…的侧面","The soldiers flanked the general.","士兵们护卫在将军的两侧。"
counterpart,"相对物； 职位相当的人； 副本","The prime minister is meeting with his Canadian counterpart.","首相正在会见他的加拿大同行。"
segment,"音段； 段， 部分","The company is targeting a specific segment of the market.","该公司正瞄准市场的特定部分。"
stripe,"条纹， 斑纹","The zebra has black and white stripes.","斑马有黑白相间的条纹。"
sovereign,"君主的；至高无上的；独立自主的, 君主， 元首， 最高统治者","The country is a sovereign state.","这个国家是一个主权国家。"
gourd,"葫芦； 葫芦制成的容器","They drank water from a gourd.","他们用葫芦喝水。"
attractive,"吸引人的， 有魅力的； 引起注意的","She has a very attractive personality.","她性格很迷人。"
cater,"迎合； 提供饮食","The hotel caters to business travelers.","这家酒店迎合商务旅客的需求。"
superb,"极好的， 高质量的， 上乘的； 华丽的","The food was superb.","食物棒极了。"
engineering,"工程； 工程学","He studied engineering at university.","他在大学学习工程学。"
duplicate,"完全相同的；副本的, 复制品； 副本, 复写； 复制； 使加倍","Can you make a duplicate of this key for me?","你能帮我配一把这把钥匙吗？"
affable,"和蔼可亲的， 易于交谈的， 友善的","He was an affable and approachable man.","他是一个和蔼可亲、平易近人的人。"
decrease,"减少, 减少","The number of students has decreased this year.","今年学生人数减少了。"
surmise,"推测， 猜测, 推测， 猜测","I surmise that he will be late.","我推测他会迟到。"
eradicate,"根除， 灭绝","We must eradicate poverty.","我们必须根除贫困。"
germinate,"发芽， 萌芽； 发展","The seeds will germinate in a few days.","种子几天后就会发芽。"
trumpet,"鼓吹，宣扬, 小号， 喇叭","He trumpeted his success to everyone he met.","他向遇到的每个人都吹嘘自己的成功。"
conservationist,"自然环境保护论者","She is a well-known conservationist.","她是一位著名的自然环境保护论者。"
despondent,"垂头丧气的， 沮丧的","He was despondent after losing his job.","他失业后垂头丧气。"
trifle,"不认真对待， 怠慢, 少许；琐事，小事；无价值的东西","Don't trifle with her affections.","不要玩弄她的感情。"
migrate,"迁徙； 移居","Many birds migrate south for the winter.","许多鸟类冬天迁徙到南方。"
Easter,"复活节","We always have a big family dinner at Easter.","我们总是在复活节吃一顿丰盛的家庭晚餐。"
string,"用线串； 悬挂, 细绳，带子；一串；一系列；弦","She tied the package with a piece of string.","她用一根细绳把包裹系好。"
submit,"提交， 呈递； 屈从； 主张， 建议","Please submit your application by Friday.","请在周五前提交您的申请。"
occupy,"占用； 占据， 占领； 使忙于","The army occupied the city.","军队占领了这座城市。"
import,"进口， 输入； 意义， 要旨， 重要性, 进口， 输入","The country imports a lot of oil.","这个国家进口大量石油。"
affluent,"丰富的； 富裕的","He lives in an affluent neighborhood.","他住在一个富裕的社区。"
indigestion,"消化不良","I got indigestion after eating that greasy food.","吃了那油腻的食物后我消化不良。"
intrude,"侵入， 闯入； 打扰， 侵扰","I'm sorry to intrude, but I need to ask you something.","很抱歉打扰，但我想问你点事。"
simplicity,"简单， 容易； 朴素， 质朴","I admire the simplicity of her design.","我欣赏她设计的简约风格。"
blink,"眨眼睛；闪亮，闪烁, 眨眼睛","He blinked in the bright sunlight.","他在明亮的阳光下眨了眨眼。"
summit,"最高点， 峰顶， 极点； 峰会","The leaders of the two countries will meet for a summit next week.","两国领导人将于下周举行峰会。"
perfume,"香味；香水, 使充满香气； 洒香水于","She was wearing a beautiful perfume.","她喷了很香的香水。"
magnify,"放大， 扩大； 夸大","This lens will magnify the image.","这个镜头可以放大图像。"
redundant,"多余的； 累赘的","The new system made our old one redundant.","新系统使我们的旧系统变得多余。"
durable,"持久的， 耐用的","This material is very durable.","这种材料非常耐用。"
impose,"把…强加于； 征； 处以","The government has imposed a new tax on cigarettes.","政府对香烟征收了新税。"
mammal,"哺乳动物","Humans, dogs, and whales are all mammals.","人类、狗和鲸鱼都是哺乳动物。"
preliterate,"文字出现以前的， 没有文字的","The stories were passed down through generations in the preliterate society.","在没有文字的社会里，这些故事代代相传。"
factor,"要素， 因素； 因数； 系数","Price is a key factor in our decision.","价格是我们决定的关键因素。"
rite,"仪式， 典礼","The funeral rite was a solemn occasion.","葬礼仪式是一个庄严的场合。"
pinch,"捏，掐；夹痛；偷窃；逮捕, 捏， 掐； 一撮， 微量","She gave him a pinch on the arm.","她在他胳膊上掐了一下。"
mischievous,"恶作剧的， 顽皮的， 淘气的； 恶意的","He has a mischievous sense of humor.","他有一种淘气的幽默感。"
conquer,"战胜， 征服； 克服","The army conquered the enemy.","军队战胜了敌人。"
wan,"苍白的， 无血色的； 憔悴的","She looked wan and tired.","她看起来苍白而疲惫。"
continuity,"连贯性， 连续性","There is a lack of continuity in the new government's policies.","新政府的政策缺乏连贯性。"
sculpture,"雕像， 雕塑品； 雕刻术","The museum has a large collection of modern sculpture.","博物馆收藏了大量现代雕塑。"
realization,"实现； 意识","The realization of her dream was a long and difficult process.","她梦想的实现是一个漫长而艰难的过程。"
wax,"给…打蜡；渐满, 蜡； 蜡状物","She waxed the floor to make it shine.","她给地板打蜡让它发亮。"
contamination,"污染； 玷污","The contamination of the water supply is a serious problem.","供水系统的污染是一个严重的问题。"
arable,"可耕作的，适于耕作的, 可耕地","The country has a lot of arable land.","这个国家有很多可耕地。"
gist,"主旨， 要点， 大意","I didn't read the whole report, but I got the gist of it.","我没有读整篇报告，但我明白了大概意思。"
urban,"城市的， 市内的","The urban population is growing rapidly.","城市人口正在迅速增长。"
refer,"提到， 谈及； 查阅， 参考","He referred to the dictionary for the meaning of the word.","他查字典来弄清这个词的意思。"
stellar,"星的， 恒星的， 星球的； 精彩的； 优秀的","The movie received stellar reviews from the critics.","这部电影获得了影评人的一致好评。"
flame,"燃烧； 闪耀, 火舌，火焰；光芒，光辉；强烈的感情","The house was in flames.","房子着火了。"
discard,"丢弃","She discarded her old clothes.","她扔掉了旧衣服。"
subsidy,"补助金， 津贴","The government provides a subsidy to farmers.","政府向农民提供补贴。"
criteria,"[criterion的复数形式]标准， 准则","What are the criteria for success?","成功的标准是什么？"
obscene,"淫秽的， 下流的； 骇人听闻的； 可憎的， 可恶的","He was arrested for making obscene phone calls.","他因打淫秽电话而被捕。"
raft,"用筏运送； 乘筏渡河, 筏，木排；充气船","They built a raft to cross the river.","他们造了一个木筏过河。"
attentive,"注意的， 专心的； 关心的","The students were attentive to the teacher.","学生们专心听老师讲课。"
prohibitive,"禁止的， 抑制的； 高得令人难以承受的","The cost of the new drug is prohibitive.","新药的成本高得令人望而却步。"
flair,"才能， 本领； 天资","She has a flair for languages.","她有语言天赋。"
modest,"谦虚的； 适度的","He is a modest man, despite his success.","尽管他很成功，但他是个谦虚的人。"
crush,"碾碎； 使变形； 镇压","He crushed the can with his foot.","他用脚踩扁了易拉罐。"
electron,"电子","An electron is a negatively charged subatomic particle.","电子是带负电的亚原子粒子。"
embed,"把…嵌入； 使深留脑中","The fossil was embedded in the rock.","化石嵌在岩石里。"
citadel,"堡垒， 要塞","The ancient citadel stands on a hill overlooking the city.","古老的城堡矗立在俯瞰城市的小山上。"
promising,"有希望的； 有前途的","She is a promising young artist.","她是一位有前途的年轻艺术家。"
ambivalent,"对立的， 感情矛盾的","I'm ambivalent about whether to go or stay.","我去还是留，我犹豫不决。"
practicable,"能实行的， 可行的， 适用的","The plan is practicable and should be implemented.","这个计划是可行的，应该予以实施。"
physiology,"生理学； 生理机能","He is a professor of physiology.","他是生理学教授。"
lofty,"高耸的； 崇高的； 高傲的","He has lofty ideals.","他有崇高的理想。"
explicit,"清楚的； 直率的","He gave me explicit instructions.","他给了我明确的指示。"
utilize,"利用","We must utilize our resources wisely.","我们必须明智地利用我们的资源。"
prevail,"盛行， 流行； 战胜， 压倒； 劝说","Justice will prevail.","正义终将获胜。"
flake,"使成薄片；雪片般落下, 薄片","Snowflakes began to fall.","雪花开始飘落。"
browse,"吃嫩叶或草；浏览, 嫩叶； 浏览","I was Browse through a magazine while I was waiting.","我等的时候在浏览一本杂志。"
implicit,"含蓄的； 绝对的； 内含的","There was an implicit threat in his words.","他的话里有含蓄的威胁。"
purity,"纯度； 纯洁， 纯净， 纯粹","The purity of the water is essential for the fish to survive.","水的纯净对鱼的生存至关重要。"
portion,"部分；一份, 划分， 分配","She served a large portion of cake.","她上了一大块蛋糕。"
futile,"无效的， 无用的， 无意义的； 琐细的； 没出息的","It was a futile attempt to save the drowning man.","那是一次徒劳的尝试，想救那个溺水的人。"
pensive,"沉思的； 忧虑的","She looked pensive as she stared out the window.","她凝视着窗外，若有所思。"
reliever,"救济者； 缓解物","A pain reliever can help to ease the headache.","止痛药有助于缓解头痛。"
acumen,"敏锐， 聪明","She has a sharp business acumen.","她有敏锐的商业头脑。"
abate,"减少， 减轻","The storm began to abate.","暴风雨开始减弱。"
tragic,"悲惨的； 悲剧的","It was a tragic accident.","那是一场悲惨的事故。"
eschew,"避开， 戒除， 回避","He eschewed all forms of violence.","他避开一切形式的暴力。"
physician,"内科医生","You should see a physician about that cough.","你应该去看医生治咳嗽。"
stardom,"明星的身份","She achieved stardom overnight.","她一夜成名。"
amass,"积聚","He amassed a great fortune.","他积聚了巨额财富。"
venturesome,"敢于冒险的； 有危险的","He was a venturesome young man, always looking for a new challenge.","他是个敢于冒险的年轻人，总是在寻找新的挑战。"
souvenir,"纪念品， 纪念物","I bought a small souvenir to remember my trip.","我买了一个小纪念品来纪念我的旅行。"
quaint,"古色古香的； 离奇有趣的","We stayed in a quaint little cottage in the countryside.","我们住在乡下一个古色古香的小村舍里。"
grip,"控制；紧握；吸引住…的注意, 控制， 影响力； 紧握； 理解","She had a firm grip on the railing.","她紧紧抓住栏杆。"
tornado,"飓风， 龙卷风","A tornado is a violent, rotating column of air.","龙卷风是一种猛烈的旋转气柱。"
explore,"探索， 勘探； 探险； 探究","We're going to explore the caves.","我们要去探险洞穴。"
acronym,"首字母缩写词","'NASA' is an acronym for 'National Aeronautics and Space Administration'.","'NASA' 是 'National Aeronautics and Space Administration' 的首字母缩写词。"
noteworthy,"显著的， 值得注目的","His performance was noteworthy.","他的表现值得注意。"
shirk,"逃避， 规避","He shirked his responsibilities.","他逃避责任。"
electricity,"电； 电流","The storm knocked out the electricity.","暴风雨导致停电。"
tentative,"试验性的； 不确定的， 暂定的； 犹豫的","We have a tentative agreement.","我们有了一个暂定的协议。"
cosmos,"宇宙","The cosmos is vast and full of wonders.","宇宙浩瀚无垠，充满奇迹。"
climate,"气候； 气候区， 地带； 风气， 氛围； 思潮","The climate is changing rapidly.","气候正在迅速变化。"
staggering,"巨大的； 势不可挡的； 惊人的， 令人吃惊的","The cost of the project is staggering.","这个项目的成本惊人。"
crust,"地壳； 外壳； 硬的表面； 面包片","The Earth's crust is the outermost layer of our planet.","地壳是我们星球的最外层。"
criticize,"批评； 吹毛求疵， 非难； 评论","He was criticized for his poor performance.","他因表现不佳而受到批评。"
incredulous,"怀疑的， 不轻信的","She gave him an incredulous look.","她怀疑地看了他一眼。"
condole,"向…吊唁； 慰问","We went to condole with the family on their loss.","我们去向那家人吊唁。"
grid,"格子， 栅格； 地图上的坐标方格， 网格； 输电网， 煤气输送网","The city is laid out in a grid.","这个城市是网格状的布局。"
circumference,"周围， 周边； 圆周； 周长","What is the circumference of the Earth?","地球的周长是多少？"
rage,"猛烈地继续，激烈进行；发怒，怒斥；迅速蔓延，猖獗, 风靡一时的事物， 时尚； 狂怒","He flew into a rage when he heard the news.","他听到这个消息后勃然大怒。"
finalize,"使完成； 把…最后定下来； 定稿","We need to finalize the details of the contract.","我们需要敲定合同的细节。"
hull,"外壳；船身，船体, 给…去外壳","The hull of the ship was damaged in the storm.","船体在暴风雨中受损。"
preside,"担任主席； 主持； 掌管","The judge will preside over the trial.","法官将主持审判。"
board,"登机， 上船； 搭伙， 寄宿, 膳食费用；委员会，董事会；板，木板","We boarded the train at 10:00.","我们十点钟上了火车。"
economic,"经济的； 经济上的； 经济学的； 合算的","The country is facing a number of economic problems.","该国正面临许多经济问题。"
stuff,"原料，材料, 填满， 塞满； 让…吃饱","What's that stuff on your shirt?","你衬衫上那是什么东西？"
offspring,"子孙， 后代； 崽","He has three offspring.","他有三个孩子。"
whim,"一时的兴致， 冲动； 怪念头， 奇想","She bought the dress on a whim.","她一时兴起买了那件衣服。"
arrest,"逮捕， 拘留； 停止， 阻止； 吸引","The police arrested him for theft.","警察因他偷窃而逮捕了他。"
assortment,"分类； 各种各样","The store has a wide assortment of shoes.","这家商店有各种各样的鞋子。"
section,"部分； 地区； 部门； 段落， 章节； 截面， 剖面","This section of the report is the most important.","报告的这一部分最重要。"
rumor,"传闻， 谣言","There's a rumor that he's going to resign.","有传言说他要辞职。"
overflow,"泛滥， 溢出, 溢出； 容纳不下的物","The river overflowed its banks.","河水泛滥了。"
provoke,"挑动， 激怒， 挑衅； 引发， 引起","His comments provoked a lot of anger.","他的评论激起了很多愤怒。"
enrich,"使充实； 使肥沃； 使富裕， 使富有","Travel can enrich your life.","旅行可以丰富你的生活。"
strain,"拉力，压力，张力；","The rope broke under the strain.","绳子在拉力下断了。"
otherwise,"另样，用别的方法；在其他方面, 要不然， 否则","You'd better hurry, otherwise you'll be late.","你最好快点，否则你会迟到的。"
marked,"显著的； 有记号的； 被监视的","There has been a marked improvement in his work.","他的工作有了显著的进步。"
pathological,"病态的； 病理学的； 不理智的， 无道理的","He's a pathological liar.","他是个病态的说谎者。"
recital,"音乐演奏会； 诗歌朗诵会； 赘述","She gave a piano recital last night.","她昨晚举行了钢琴独奏会。"
visible,"看得见的， 明显的","The mountains were visible in the distance.","远处的群山清晰可见。"
intrigue,"密谋； 迷住, 阴谋， 诡计","The plot of the movie is full of intrigue.","这部电影的情节充满了阴谋。"
tangle,"缠结， 纠结, 混乱；纠纷，不和","The wires are in a tangle.","电线缠在一起了。"
orient,"[O-]东方, 使适应； 确定方向， 定位","It took him a while to orient himself in the new city.","他花了一段时间才适应这个新城市。"
recurring,"往复的， 反复的， 再次发生的","I have a recurring dream that I'm flying.","我总是做着飞翔的梦。"
tranquil,"安静的， 平静的","The lake was tranquil and still.","湖水平静无波。"
pleasing,"令人高兴的， 愉快的","The music was very pleasing to the ear.","这音乐很悦耳。"
inner,"内部的；内心的, 内部； 内心","She has a strong inner strength.","她有很强的内心力量。"
voyage,"旅行； 航程","He went on a long sea voyage.","他进行了一次漫长的海上航行。"
keen,"灵敏的， 敏锐的； 热心的， 渴望的； 激烈的； 锋利的","He has a keen sense of smell.","他嗅觉很灵敏。"
nutrition,"营养； 营养学","Good nutrition is essential for a healthy life.","良好的营养对健康生活至关重要。"
absenteeism,"旷课； 旷工","The company has a problem with absenteeism.","这家公司存在旷工问题。"
cereal,"谷物； 谷类食物","I had a bowl of cereal for breakfast.","我早餐吃了一碗麦片。"
gait,"步法， 步态","He has a strange gait.","他步态很奇怪。"
overhaul,"仔细检查； 彻底检修, 仔细检查； 彻底检修","The engine needs a complete overhaul.","发动机需要彻底检修。"
elementary,"初级的， 基础的； 基本的； 简单的","This is an elementary school.","这是一所小学。"
solemn,"庄严的， 严肃的； 隆重的","It was a solemn occasion.","那是一个庄严的场合。"
perceive,"感知， 察觉； 理解","I perceive a change in his attitude.","我察觉到他态度的变化。"
embarrass,"使尴尬， 使困窘； 使困惑","His question embarrassed me.","他的问题让我很尴尬。"
politics,"政治； 政纲， 政见； 政治事务； 权术； 政治学","He's not interested in politics.","他对政治不感兴趣。"
acute,"严重的； 极度的， 激烈的； 敏锐的","She has an acute sense of hearing.","她听觉很敏锐。"
stigma,"污点， 耻辱； 烙印； 特征","There is a stigma attached to mental illness.","精神疾病带有污名。"
pathology,"反常， 变态； 病理学； 病状","The pathology of the disease is not yet fully understood.","这种疾病的病理学尚未完全了解。"
silica,"硅石， 硅土； 二氧化硅","Silica is used to make glass.","二氧化硅用于制造玻璃。"
crucial,"至关重要的， 决定性的","It's crucial that we get this right.","我们做对这件事至关重要。"
contribute,"贡献， 捐赠； 有助于； 投稿","He contributed a lot of money to the charity.","他向慈善机构捐了很多钱。"
remark,"评论；谈论；察觉, 评论， 评语； 注释","He made a few remarks about the weather.","他对天气发表了一些评论。"
microscope,"显微镜","We used a microscope to look at the cells.","我们用显微镜观察细胞。"
dissenter,"不同意者， 反对者","He was a dissenter from the majority opinion.","他是多数意见的反对者。"
strive,"奋斗， 努力； 力求","We must strive for excellence.","我们必须追求卓越。"
candidate,"候选人； 投考者","There are three candidates for the job.","有三个职位候选人。"
fungus,"真菌","Mold is a type of fungus.","霉菌是一种真菌。"
intelligible,"聪明的， 理智的； 易懂的， 易理解的","His speech was not very intelligible.","他的演讲不是很清楚。"
along,"向前；一起, 沿着","We walked along the river.","我们沿着河边散步。"
parallel,"平行的；相似的, 相似处；","The two lines are parallel.","这两条线是平行的。"
cashier,"收银员， 出纳员","The cashier gave me the wrong change.","收银员找错了钱。"
inert,"无活动的， 惰性的； 不活泼的， 迟钝的","He was inert with fear.","他吓得一动不动。"
diet,"节食, 饮食，食物；规定饮食","I'm on a diet.","我在节食。"
dissimulate,"掩盖， 掩饰， 假装","He tried to dissimulate his true feelings.","他试图掩饰自己的真实感情。"
enzyme,"酶， 酵素","Enzymes are proteins that speed up chemical reactions.","酶是加速化学反应的蛋白质。"
soccer,"足球","He plays soccer for the school team.","他为校队踢足球。"
breach,"违背；破裂；缺口, 打破； 违反","He was sued for breach of contract.","他因违约而被起诉。"
butter,"黄油, 涂黄油于","I like butter on my toast.","我喜欢在吐司上抹黄油。"
wit,"智力， 才智； 风趣； 机智幽默的人","She has a quick wit.","她反应很快。"
respire,"呼吸","All living things respire.","所有生物都呼吸。"
selective,"选择的， 选择性的； 精挑细选的","She is very selective about her friends.","她对朋友很挑剔。"
handful,"一把； 少数人","Only a handful of people came to the meeting.","只有少数人来开会。"
rebate,"回扣， 折扣； 退还款","We offer a rebate on all our products.","我们所有产品都有折扣。"
stimulus,"刺激（物）；促进因素","The new tax cuts will be a stimulus to the economy.","新的减税措施将刺激经济。"
systematize,"使系统化， 使条理化， 使成体系","We need to systematize our work process.","我们需要将我们的工作流程系统化。"
barter,"实物交易， 以物易物","They bartered their grain for tools.","他们用谷物换工具。"
bewilder,"使迷惑， 使不知所措","I was bewildered by his strange behavior.","他奇怪的行为让我很困惑。"
regiment,"团；","He was a colonel in the army, in charge of a regiment.","他是陆军上校，负责一个团。"
terminal,"末端的, 终点站；终点；航站楼","This is the last terminal on the line.","这是这条线路的最后一站。"
kerosene,"煤油， 火油","We used kerosene to light the lamp.","我们用煤油点灯。"
diminish,"降低， 贬低； 减少， 减弱","The pain will gradually diminish.","疼痛会逐渐减轻。"
surpass,"超过， 超越， 胜过","She surpassed all our expectations.","她超出了我们所有的期望。"
linguist,"语言学家； 通晓数国语言的人","He is a famous linguist.","他是一位著名的语言学家。"
oyster,"牡蛎， 蚝","I love eating fresh oysters.","我喜欢吃新鲜的牡蛎。"
aloof,"远离的； 冷淡的， 冷漠的","She was aloof and unfriendly.","她冷漠而不友好。"
idealize,"将…理想化","We should not idealize the past.","我们不应该理想化过去。"
gouge,"挖出；敲竹杠, 凿子","He gouged a hole in the wall.","他在墙上挖了一个洞。"
attention,"注意， 留心； 立正","Pay attention to what I'm saying.","注意听我说的话。"
succumb,"屈服， 屈从； 死亡","He succumbed to his injuries.","他因伤势过重而死亡。"
disproportionate,"不成比例的","The punishment was disproportionate to the crime.","惩罚与罪行不成比例。"
extent,"程度， 范围","To what extent can we trust him?","我们能在多大程度上信任他？"
translucent,"半透明的","The curtains are translucent, so they let in some light.","窗帘是半透明的，所以可以透进一些光线。"
magma,"岩浆","Magma is molten rock from beneath the Earth's surface.","岩浆是来自地表以下的熔岩。"
fin,"鳍； 鳍状物； 翼","The shark has a large dorsal fin.","鲨鱼有一个很大的背鳍。"
sauce,"调味汁， 佐料","What kind of sauce would you like with your steak?","你的牛排要配什么酱？"
husk,"外壳，外皮, 去壳， 削皮","The husk of the coconut is very hard.","椰子的外壳很硬。"
fix,"修理；使固定，安装；安排；找到，确定, 解决方法； 困境， 窘境","Can you fix my broken watch?","你能修好我坏了的手表吗？"
colonial,"殖民的； 殖民国家的","The country was a former colonial power.","这个国家曾是殖民大国。"
rank,"属于某等级， 归类, 等级；头衔","He holds the rank of captain.","他有上尉军衔。"
giant,"巨大的；超群的, 巨大的动物； 才智超群的人","He was a giant of a man.","他是个大个子。"
perch,"栖息，停留；把…置于较高处；坐于, 栖息处， 栖木； 高处， 较高的位置； 鲈鱼","A bird was perched on the branch of a tree.","一只鸟栖息在树枝上。"
ablaze,"着火的， 燃烧的； 闪耀的； 情绪激动的","The building was ablaze with lights.","大楼灯火通明。"
grouse,"发牢骚，抱怨, 松鸡； 怨言","He's always grousing about something.","他总是抱怨这抱怨那。"
addition,"加， 加法； 添加， 增加","The new library is a welcome addition to the town.","新图书馆是镇上一个受欢迎的新增设施。"
overcharge,"讨价过高，索价过高；过量装填；渲染，夸张, 过高的要价； 超载","The taxi driver overcharged me.","出租车司机多收了我的钱。"
saucy,"无礼的； 俏皮的； 漂亮的","She gave him a saucy look.","她俏皮地看了他一眼。"
neglect,"忽略， 忽视； 疏忽","He neglected his duties.","他玩忽职守。"
cosmic,"宇宙的； 无限的","The cosmic scale of the universe is hard to comprehend.","宇宙的宏大规模很难理解。"
gang,"合伙, 一帮，一伙；帮派","A gang of youths was hanging around on the corner.","一群年轻人在街角闲逛。"
vein,"静脉； 叶脉； 纹理， 纹路； 方式， 风格","The nurse had trouble finding a vein in his arm.","护士很难在他胳膊上找到静脉。"
carve,"雕刻； 切","He carved a beautiful statue out of wood.","他用木头雕刻了一尊漂亮的雕像。"
shrink,"收缩， 缩小； 退缩， 畏缩","My sweater shrank in the wash.","我的毛衣在洗涤时缩水了。"
veil,"面纱；遮蔽物, 以面纱掩盖； 掩饰","The bride wore a beautiful veil.","新娘戴着漂亮的面纱。"
ancestor,"祖先， 祖宗； 原种； 原型","My ancestors came from Ireland.","我的祖先来自爱尔兰。"
hierarchy,"统治集团； 等级制度； 阶层","There is a strict hierarchy in the company.","公司里有严格的等级制度。"
league,"联盟， 同盟； 等级， 级别","He plays in the top league.","他在顶级联赛踢球。"
textile,"纺织品","The textile industry is very important to the country's economy.","纺织业对该国经济非常重要。"
locality,"地点； 位置","The locality is known for its beautiful scenery.","这个地方以其美丽的风景而闻名。"
uncanny,"神秘的； 易乎寻常的","She has an uncanny ability to predict the future.","她有预测未来的神秘能力。"
former,"从前的, 前者","The former president is now a private citizen.","前总统现在是平民。"
panic,"惊慌","There was a panic when the fire alarm went off.","火警响起时，一片恐慌。"
extend,"延长， 延伸； 扩大…的范围； 舒展","The road extends for miles.","这条路绵延数英里。"
fold,"褶，褶层；褶皱；褶痕，褶缝；羊栏，","She folded the letter and put it in her pocket.","她把信折起来放进口袋里。"
canyon,"峡谷","The Grand Canyon is one of the most popular tourist destinations in the United States.","大峡谷是美国最受欢迎的旅游目的地之一。"
impenetrable,"不能穿透的； 不可理解的， 高深莫测的","The jungle was impenetrable.","丛林无法穿透。"
hurl,"猛投； 大声斥责","He hurled a stone at the dog.","他向狗扔了一块石头。"
intermediate,"中间的；中级的, 中间体， 媒介","This course is for intermediate level students.","这门课程是为中级水平的学生开设的。"
consideration,"考虑， 思考； 体谅， 照顾； 考虑因素， 理由； 报酬","After careful consideration, we have decided to accept your offer.","经过慎重考虑，我们决定接受您的报价。"
frank,"坦白的， 直率的","To be frank, I don't think you're right.","坦率地说，我认为你错了。"
inscribe,"写、 题、 铭刻； 铭记","His name was inscribed on the trophy.","他的名字被刻在奖杯上。"
admire,"钦佩， 仰慕； 欣赏","I admire her for her courage.","我钦佩她的勇气。"
virus,"病毒； 病毒性疾病","The flu is caused by a virus.","流感是由病毒引起的。"
rape,"强奸； 肆意破坏","He was convicted of rape.","他被判犯有强奸罪。"
metaphor,"隐喻， 暗喻","'The world's a stage' is a metaphor.","“世界是一个舞台”是一个隐喻。"
genre,"类型； 流派","What's your favorite genre of music?","你最喜欢哪种音乐类型？"
permanence,"永久， 持久","The permanence of the marriage is important.","婚姻的永久性很重要。"
panel,"面板，镶板；仪表盘；专门小组, 镶板","There was a panel of experts on the TV show.","电视节目上有一个专家小组。"
humanity,"人类； 人性； 人道， 仁慈","We must never forget our common humanity.","我们绝不能忘记我们共同的人性。"
outstanding,"优秀的， 杰出的， 出色的； 未解决的； 未偿付的","She is an outstanding student.","她是个优秀的学生。"
adobe,"泥砖， 土坯","The house was made of adobe.","这所房子是用土坯建成的。"
alternate,"轮流， 交替, 交替的， 轮流的； 间隔的","We alternate between working in the office and working from home.","我们轮流在办公室工作和在家工作。"
unbridgeable,"不能架桥的； 不能逾越的","There is an unbridgeable gap between the two sides.","双方之间存在着无法逾越的鸿沟。"
infuriate,"激怒","His rudeness infuriated me.","他的粗鲁激怒了我。"
flu,"流行性感冒","I have the flu.","我得了流感。"
plunge,"掉入；暴跌，突降, 跳水； 猛跌， 骤降； 卷入","The stock market plunged today.","今天股市暴跌。"
skeptical,"怀疑的","I'm skeptical about his chances of winning.","我对他获胜的机会持怀疑态度。"
decipher,"破译","I can't decipher his handwriting.","我无法辨认他的笔迹。"
burgeon,"迅速成长， 发展","The company is burgeoning.","这家公司正在迅速发展。"
naive,"天真的， 率真的， 质朴的； 幼稚的， 无知的， 轻信的； 稚拙派的","She's so naive, she believes everything she's told.","她太天真了，别人说什么她都信。"
sewage,"污水， 污物","The sewage is pumped into the sea.","污水被排入大海。"
essential,"基本的，本质的；极其重要的，必不可少的, 要素， 实质； 必需品","Water is essential for life.","水对生命至关重要。"
expenditure,"花费， 支出","The government is trying to reduce its expenditure.","政府正试图削减开支。"
vent,"通风口；出口, 表达， 发泄","He vented his anger on his family.","他把怒气发泄在家人身上。"
clarify,"澄清， 阐明","Could you clarify your last point?","你能澄清你最后一点吗？"
furnace,"火炉， 熔炉； 锅炉","The furnace is used to heat the house.","这个炉子是用来给房子供暖的。"
haunt,"出没于；萦绕在心头；长期缠扰, 常去的地方","The memory of the accident still haunts me.","那次事故的记忆仍然萦绕在我心头。"
scarf,"围巾， 披巾， 头巾","She wore a beautiful silk scarf.","她戴着一条漂亮的丝绸围巾。"
congenial,"情投意合的； 相宜的， 适宜的； 适当的， 合适的","We spent a congenial evening together.","我们一起度过了一个愉快的夜晚。"
graphics,"图形， 图像； 制图法， 制图学","The graphics in this game are amazing.","这个游戏的画面很棒。"
observe,"遵守， 奉行； 观察； 察觉， 看到； 评说， 评论","We must observe the rules.","我们必须遵守规则。"
meaningful,"意味深长的； 有目的的， 有用意的； 有意义的","It was a meaningful experience.","那是一次有意义的经历。"
furnish,"提供， 供应； 布置， 为…配备家具","The hotel will furnish you with a map of the city.","酒店会为你提供一张城市地图。"
larynx,"喉","The larynx is also known as the voice box.","喉也叫喉头。"
excavation,"挖掘， 发掘； 出土文物； 挖掘现场","The archaeologists are working on an excavation site.","考古学家正在一个挖掘现场工作。"
rare,"稀有的， 罕见的； 半熟的","This is a very rare stamp.","这是一张非常稀有的邮票。"
exclude,"把…排除在外","The price excludes tax.","价格不含税。"
amalgamation,"融合， 合并； 联合， 结合","The amalgamation of the two companies was a success.","两家公司的合并是成功的。"
creativity,"创造力， 创造性","She is a person of great creativity.","她是一个很有创造力的人。"
enlighten,"启发， 启迪； 开导； 阐明","Could you enlighten me on this subject?","你能在这个问题上给我一些启发吗？"
needy,"贫穷的， 贫困的","The charity helps needy families.","这家慈善机构帮助贫困家庭。"
utmost,"最大限度的, 最大限度； 最大量","We will do our utmost to help you.","我们将尽最大努力帮助您。"
deduct,"扣除， 减去； 推论， 演绎","The company will deduct tax from your salary.","公司将从你的工资中扣除税款。"
image,"形象， 印象； 画像； 影像， 映像； 意象， 比喻","He has a good public image.","他有良好的公众形象。"
voracious,"狼吞虎咽的， 贪婪的； 求知欲强的","He is a voracious reader.","他是个贪婪的读者。"
unpredictable,"不可预知的； 无法预言的","The weather is very unpredictable.","天气非常难以预测。"
topography,"地形学； 地形， 地貌","The topography of the region is very varied.","该地区的地形多种多样。"
ribbon,"带状物； 丝带， 缎带； 绶带； 色带","She tied a ribbon in her hair.","她在头发上系了一条丝带。"
portray,"描绘； 扮演， 饰演","The movie portrays him as a hero.","这部电影把他描绘成一个英雄。"
trance,"恍惚； 昏睡状态","She was in a trance-like state.","她处于一种恍惚的状态。"
scrub,"擦洗；取消, 灌木丛； 丛林地带","She scrubbed the floor until it was clean.","她把地板擦干净了。"
profound,"巨大的， 深远的； 知识渊博的； 深奥的","He has a profound understanding of the subject.","他对这个学科有深刻的理解。"
affirm,"断言， 坚持声称； 证实， 确认","He affirmed his innocence.","他申明自己是无辜的。"
homogeneous,"同类的， 相似的， 同质的","The population of the village is very homogeneous.","这个村庄的人口非常同质。"
marble,"大理石； 子弹","The statue was made of marble.","这座雕像是用大理石制成的。"
waggle,"摆动","The dog waggled its tail.","狗摇着尾巴。"
garb,"服装，装束, 穿着， 装扮","He was wearing the garb of a priest.","他穿着牧师的服装。"
necessity,"必需品； 必要， 需要； 必然性","Water is a necessity of life.","水是生命之必需。"
frame,"框架；总的思想，体系, 设计， 构成； 给…镶框； 表达","The picture was in a beautiful frame.","这幅画装在一个漂亮的画框里。"
salon,"营业性的厅； 沙龙； 客厅， 会客厅","She went to the salon to get her hair done.","她去沙龙做头发。"
vocal,"声音的，嗓音的，发声的；直言不讳的","She is a very vocal critic of the government.","她是一位非常直言不讳的政府批评家。"
origin,"起源，由来；","The origin of the universe is still a mystery.","宇宙的起源仍然是个谜。"
plow,"耕田， 犁田， 耕作, 犁","The farmer plowed the field.","农夫犁了地。"
clasp,"搭扣，扣环；紧抱；紧握, 握紧； 抱紧； 扣住， 扣牢","She clasped her hands together.","她双手紧握。"
hover,"徘徊， 彷徨； 翱翔， 盘旋","A helicopter hovered overhead.","一架直升机在头顶盘旋。"
random,"随机的，任意的, 随机， 随意","The winning numbers are chosen at random.","中奖号码是随机抽取的。"
personality,"个性； 性格； 名人","She has a very outgoing personality.","她性格非常外向。"
terminology,"专门用语， 术语； 术语学","I don't understand the terminology of this field.","我不懂这个领域的术语。"
alert,"警觉的，警惕的, 警告，提醒, 警戒； 警报","The dog was alert to every sound.","狗对每一个声音都很警惕。"
rate,"估价； 评级， 评价； 把…列为, 率，比率；速度；价格；等级","What is the interest rate on this loan?","这笔贷款的利率是多少？"
plot,"情节；阴谋，密谋；","The plot of the movie was very complicated.","这部电影的情节非常复杂。"
sanction,"同意，许可；惩罚，实施制裁, 同意， 许可； 约束； 制裁","The government has imposed sanctions on the country.","政府对该国实施了制裁。"
mosaic,"马赛克； 镶嵌工艺","The floor was covered with a beautiful mosaic.","地板上铺着漂亮的马赛克。"
oak,"橡树， 橡木","The table is made of oak.","这张桌子是橡木做的。"
prosperity,"繁荣， 兴旺","The country is enjoying a period of prosperity.","这个国家正处于繁荣时期。"
proprietor,"所有者， 业主","He is the proprietor of the hotel.","他是这家旅馆的老板。"
contrary,"相反的，逆的, 相反， 反面","On the contrary, I think it's a great idea.","恰恰相反，我认为这是个好主意。"
rehearse,"预演， 排练； 默诵； 照搬， 重复","The actors are rehearsing for the play.","演员们正在为这出戏排练。"
thwart,"阻碍； 使…受挫","His plans were thwarted by the bad weather.","他的计划因恶劣天气而受挫。"
gamble,"投机， 冒险； 赌博， 打赌","He gambled all his money away.","他把所有的钱都赌光了。"
pesticide,"杀虫剂， 农药","Pesticides can be harmful to the environment.","杀虫剂可能对环境有害。"
deport,"驱逐出境","He was deported from the country.","他被驱逐出境。"
syrup,"糖浆","I like to have syrup on my pancakes.","我喜欢在煎饼上加糖浆。"
counter,"相反地, 相反的, 柜台；","She went to the counter to pay.","她到柜台付钱。"
conserve,"保存， 保藏","We must conserve our natural resources.","我们必须保护我们的自然资源。"
Gothic,"哥特式的，哥特风格的, 哥特式建筑","The cathedral is a fine example of Gothic architecture.","大教堂是哥特式建筑的典范。"
rhythm,"节奏， 韵律","I love the rhythm of this song.","我喜欢这首歌的节奏。"
rash,"鲁莽的，轻率的, 疹， 皮疹； 一连串令人不快的事物","It was a rash decision to quit his job.","辞掉工作是一个鲁莽的决定。"
pottery,"陶器； 陶器厂， 制陶作坊； 制陶工艺， 陶器制造术","She collects antique pottery.","她收藏古董陶器。"
cylinder,"圆筒， 圆柱体； 气缸","A cylinder has two circular bases.","圆柱体有两个圆形的底面。"
starch,"淀粉；","Potatoes are a good source of starch.","土豆是淀粉的良好来源。"
depose,"革除， 罢免， 废黜","The king was deposed by his own people.","国王被自己的人民废黜了。"
correspondent,"报道者， 记者； 通信者","He is a foreign correspondent for a major newspaper.","他是一家大报的驻外记者。"
fort,"要塞， 堡垒； 营地","The soldiers built a fort to defend themselves.","士兵们修建了一座堡垒来保卫自己。"
renew,"使…续期； 重新开始； 重申； 修复","I need to renew my passport.","我需要续签护照。"
assign,"指派； 指定； 分配； 布置","The teacher assigned us a lot of homework.","老师给我们布置了很多作业。"
withdraw,"取消； 撤销； 提取； 撤退， 撤离","He withdrew his application for the job.","他撤回了工作申请。"
decade,"十年， 十年期","The company has grown rapidly in the last decade.","在过去的十年里，这家公司发展迅速。"
languish,"憔悴； 凋谢， 枯萎； 受煎熬","The plant will languish without water.","没有水，植物就会枯萎。"
melodic,"旋律的， 曲调的； 音调优美的","The song has a beautiful melodic line.","这首歌的旋律优美。"
congress,"[C-] 议会， 国会； 大会","Congress is the legislative branch of the United States government.","国会是美国政府的立法部门。"
welfare,"福利； 安宁， 幸福","The government is responsible for the welfare of its citizens.","政府对公民的福利负责。"
divine,"神的，神圣的；非凡的，超人的；极好的，","The ancient Greeks believed in many divine beings.","古希腊人相信有许多神灵。"
abhor,"憎恨， 厌恶","I abhor all forms of violence.","我憎恨一切形式的暴力。"
legislative,"立法的， 有立法权的； 根据法规执行的, 立法机关","The legislative branch of government makes the laws.","政府的立法部门制定法律。"
flourish,"繁荣， 茂盛； 挥舞， 挥动","The business is flourishing.","生意兴隆。"
transcribe,"记录， 抄录； 转录； 改编","She transcribed the interview from the tape recording.","她把采访从录音带上抄录下来。"
foul,"污秽的， 肮脏的； 充满脏话的， 辱骂性的； 邪恶的","The water is foul and undrinkable.","水很脏，不能喝。"
intricate,"错综复杂的","The plot of the movie was very intricate.","这部电影的情节非常复杂。"
contemplate,"思量， 考虑， 思忖； 注视， 凝视； 打算","He contemplated his reflection in the mirror.","他凝视着镜子里的自己。"
rodent,"啮齿目的； 咬的, 啮齿目动物","Rats and mice are rodents.","老鼠是啮齿动物。"
context,"上下文； 背景； 环境","You have to understand the context of the situation.","你必须了解情况的背景。"
drag,"拖动；缓慢而费力地移动；拖沓地进行，拖延, 累赘， 障碍； 一吸， 一抽， 一饮","He dragged the heavy suitcase across the floor.","他把沉重的行李箱拖过地板。"
zinc,"锌","Zinc is a chemical element with the symbol Zn and atomic number 30.","锌是一种化学元素，符号为Zn，原子序数为30。"
advisory,"顾问的，咨询的；劝告的, 警报","He is acting in an advisory capacity.","他以顾问的身份行事。"
issue,"问题，争论点；发行；","This is a very important issue.","这是一个非常重要的问题。"
maturity,"成熟； 完备","He has reached a level of emotional maturity.","他在情感上已经成熟了。"
subsistence,"生存， 生计","They live at a subsistence level.","他们生活在勉强糊口的水平。"
lower,"降低, 较低的； 下级的， 下等的","Please lower your voice.","请小声点。"
frail,"体弱的， 虚弱的； 易碎的","She is a frail old woman.","她是一位体弱的老妇人。"
odd,"单数的； 奇数的； 奇异的， 古怪的； 偶尔发生的","That's an odd thing to say.","说这话很奇怪。"
announce,"宣布； 通知； 声称， 宣称； 广播， 播音","The government has announced a new plan to reduce unemployment.","政府宣布了一项减少失业的新计划。"
mechanize,"使机械化","The factory has been fully mechanized.","这家工厂已经完全机械化了。"
additive,"〔食品的〕添加剂，添加物","This food contains no artificial additives.","这种食品不含人工添加剂。"
decree,"判决； 颁布, 政令，法令；裁定，判决","The government issued a decree banning all public gatherings.","政府颁布法令，禁止一切公众集会。"
traditional,"传统的， 惯例的； 口传的， 传说的","It's a traditional custom in this country.","这是这个国家的传统习俗。"
conservation,"守恒； 保存； 保护","The conservation of our natural resources is very important.","保护我们的自然资源非常重要。"
malleable,"有延展性的， 易成型的； 易受影响的， 可塑的","Gold is a very malleable metal.","黄金是一种延展性很好的金属。"
supplement,"补充， 增补； 增刊； 补遗， 附录, 补充， 增补","He takes a vitamin supplement every day.","他每天都服用维生素补充剂。"
well-heeled,"富有的， 有钱的","He comes from a well-heeled family.","他来自一个富裕的家庭。"
contrast,"对比， 对照, 对比， 对照","There is a sharp contrast between the two brothers.","这两兄弟之间有鲜明的对比。"
brittle,"易碎的； 脆弱的； 尖利的","The old bones were brittle.","旧骨头很脆。"
affinity,"密切关系； 吸引力； 喜爱","She has a strong affinity for animals.","她对动物有很强的喜爱。"
mediate,"调解， 调停， 斡旋","He tried to mediate between the two sides.","他试图在双方之间进行调解。"
amplify,"放大； 增强； 详述， 充实","This device will amplify the sound.","这个装置可以放大声音。"
inflation,"通货膨胀， 物价上涨； 膨胀","Inflation is a major problem for the economy.","通货膨胀是经济的一个主要问题。"
disposal,"清除， 外理， 处置； 变卖","The disposal of nuclear waste is a serious problem.","核废料的处理是一个严重的问题。"
matrimony,"婚姻， 婚配","They were joined in holy matrimony.","他们喜结连理。"
recede,"退， 后退； 渐渐远去； 逐渐减弱","The floodwaters began to recede.","洪水开始退去。"
delegate,"代表, 委派…为代表， 授权","He was chosen to be the delegate to the conference.","他被选为会议的代表。"
literature,"文学； 文学作品； 文献","I'm studying English literature at university.","我在大学学习英国文学。"
suffragist,"妇女政权论者","The suffragists fought for women's right to vote.","妇女参政论者为妇女的选举权而斗争。"
sphere,"球； 范围， 领域； 阶层","He is an expert in the sphere of international relations.","他是国际关系领域的专家。"
digest,"消化， 吸收； 领悟, 摘要， 概要","I need some time to digest all this information.","我需要一些时间来消化所有这些信息。"
melodious,"旋律优美的， 悦耳的","The bird has a melodious song.","这只鸟的歌声很悦耳。"
ethnology,"民族学， 文化人类学","He is a professor of ethnology.","他是民族学教授。"
ability,"能力， 才干","She has the ability to do the job.","她有能力做这项工作。"
veto,"否决权；禁止, 否决； 禁止","The president has the power of veto over new legislation.","总统对新立法有否决权。"
delight,"愉快，高兴, 快乐， 高兴； 令人高兴的事， 乐趣","She was a delight to be with.","和她在一起很愉快。"
proficient,"熟练的， 精通的","She is proficient in two languages.","她精通两种语言。"
continuum,"统一体","There is a continuum of opinion on this issue.","在这个问题上，意见是连续的。"
draw,"吸引，招引；画，描绘；拖，拉；引起，激起；拨出，抽出；提取，支取；推断出；打成平局, 平局， 和局； 抽签","She drew a picture of a house.","她画了一座房子的画。"
contender,"竞争者， 争夺者， 对手","He is a serious contender for the championship.","他是冠军的有力竞争者。"
slender,"细长的； 苗条的， 纤细的； 微薄的， 不足的","She has a slender figure.","她身材苗条。"
terminus,"终点站","This is the terminus of the railway line.","这是铁路线的终点站。"
oral,"口头的， 口述的； 口腔的","He gave an oral presentation.","他作了口头报告。"
compensate,"赔偿， 弥补","The company will compensate you for your losses.","公司将赔偿你的损失。"
conscious,"自觉的， 意识到的； 有知觉的， 有意识的； 有意的， 刻意的","He was conscious of being watched.","他意识到自己被人监视着。"
transaction,"交易， 业务； 办理， 处理","The transaction was completed successfully.","交易成功完成。"
accomplishment,"成就； 完成； 才艺， 技艺","Winning the Nobel Prize was a great accomplishment.","获得诺贝尔奖是一项伟大的成就。"
pants,"内裤， 短裤； 裤子","I need to buy a new pair of pants.","我需要买一条新裤子。"
placid,"平静的， 安静的； 温和的， 文静的","The lake was placid and still.","湖水平静无波。"
solitary,"孤独的； 单独的， 独自的； 单个的； 唯一的， 仅有的","He leads a solitary life.","他过着孤独的生活。"
second,"第二的；次等的，二等的, 赞成，附和, 第二, 秒；瞬间，片刻","He came in second in the race.","他在比赛中名列第二。"
laudable,"值得赞美的， 值得称赞的","His efforts to help the poor are laudable.","他帮助穷人的努力值得称赞。"
edge,"徐徐移动； 略为增加； 给…加边, 边，边缘；刀口，刃；优势","He stood on the edge of the cliff.","他站在悬崖边上。"
orchestra,"管弦乐队","The orchestra played a beautiful symphony.","管弦乐队演奏了一首优美的交响曲。"
sufficient,"足够的， 充分的","We have sufficient food for everyone.","我们有足够的食物供大家吃。"
glaze,"上釉； 给…装玻璃, 釉料；糖浆","The potter glazed the vase.","陶工给花瓶上了釉。"
claim,"声称， 断言； 要求； 索赔","He claims to be an expert on the subject.","他声称自己是这个问题的专家。"
widespread,"分布广泛的， 普遍的","There is widespread support for the new law.","新法律得到了广泛的支持。"
antique,"古物，","She collects antique furniture.","她收藏古董家具。"
thaw,"融化，解冻；化冻；变暖；变得友善, 解冻时期； 缓和","The ice will thaw in the spring.","春天冰会融化。"
fasten,"使固定； 系牢， 扎牢； 握住， 抓牢","Fasten your seatbelt.","系好安全带。"
toxic,"有毒的； 中毒的","This chemical is toxic to fish.","这种化学物质对鱼有毒。"
contest,"竞争； 争辩， 就…提出异议, 竞赛； 辩论； 争夺","She entered a beauty contest.","她参加了选美比赛。"
asymmetrical,"不均匀的， 不对称的","The design is asymmetrical.","这个设计是不对称的。"
turmoil,"骚动， 混乱； 焦虑","The country was in turmoil.","国家陷入混乱。"
clench,"握紧， 抓牢； 咬紧","He clenched his fists in anger.","他愤怒地握紧了拳头。"
modernity,"现代性","The city is a symbol of modernity.","这座城市是现代性的象征。"
schematic,"图解的； 纲要的； 严谨的","He drew a schematic diagram of the new machine.","他画了一张新机器的示意图。"
rekindle,"重新点燃； 使振作","The couple tried to rekindle their romance.","这对夫妇试图重燃他们的浪漫。"
expansion,"扩张； 膨胀","The company is planning a major expansion.","公司正计划进行大规模扩张。"
wrench,"扭伤；猛拉，猛扭；使痛苦, 扭伤； 痛苦， 难受； 扳手","He gave the door a wrench and it opened.","他猛地一扭门，门就开了。"
license,"许可证，执照, 批准， 许可","You need a license to drive a car.","开车需要驾照。"
puff,"喘气，喘息；喷出, 吸； 一缕； 喘息","He was puffing after climbing the stairs.","他爬完楼梯后气喘吁吁。"
expand,"扩张； 膨胀； 伸展， 伸开","The company is expanding its business.","公司正在扩大业务。"
squander,"浪费， 挥霍","He squandered his inheritance.","他挥霍了他的遗产。"
synchronizer,"同步装置","The synchronizer ensures that the gears mesh smoothly.","同步器确保齿轮平稳啮合。"
perimeter,"周长； 外缘， 边缘","The perimeter of the field is 200 meters.","这个场地的周长是200米。"
essay,"散文， 随笔； 短文； 评论","I have to write an essay for my English class.","我的英语课要写一篇散文。"
retrieve,"取回， 索回； 挽回， 扭转颓势； 检索","I need to retrieve my keys from the lost-and-found.","我需要从失物招领处取回我的钥匙。"
survey,"调查； 概述, 调查； 概述","We conducted a survey of our customers.","我们对客户进行了一项调查。"
malice,"恶意， 怨恨","He acted out of malice.","他出于恶意而行事。"
postpone,"延期， 推迟","The meeting has been postponed until next week.","会议推迟到下周。"
codify,"把…编成法典， 使法律成文化； 整理， 系统化","The government is trying to codify the new laws.","政府正试图将新法律编成法典。"
dorsal,"背部的， 背脊的","The shark has a large dorsal fin.","鲨鱼有一个很大的背鳍。"
code,"编纂；把…编码, 法典， 法规； 密码， 代码","I can't read this code.","我看不懂这段代码。"
potassium,"钾","Potassium is an essential mineral for the body.","钾是人体必需的矿物质。"
displace,"取代； 撤职； 迫使…离开家园","The new technology will displace many workers.","新技术将取代许多工人。"
hammer,"锤打, 锤， 槌； 锤子","He hammered the nail into the wall.","他把钉子敲进墙里。"
ideology,"思想体系； 意识形态","His political ideology is very different from mine.","他的政治意识形态和我的很不一样。"
seal,"密封；确定，使成定局, 海豹； 封铅， 封条； 印， 图章","The letter was sealed with wax.","这封信是用蜡封的。"
investigate,"研究， 调查","The police are investigating the crime.","警察正在调查这起罪行。"
storage,"库房； 贮藏； 存储","We have a lot of stuff in storage.","我们有很多东西存放在仓库里。"
troposphere,"对流层","The troposphere is the lowest layer of the Earth's atmosphere.","对流层是地球大气的最低层。"
swindle,"诈骗， 骗取","He was swindled out of all his money.","他所有的钱都被骗光了。"
illusion,"幻觉， 错觉； 幻想中的事物","He's under the illusion that he's a great writer.","他有种错觉，以为自己是个伟大的作家。"
productivity,"生产力， 生产率","The company is trying to increase its productivity.","公司正努力提高生产率。"
reserve,"储备；自然保护区；谨慎；替补队员；后备部队, 保留； 预订","I'd like to reserve a table for two.","我想预订一张两人桌。"
subsist,"存活， 生存","They subsist on a diet of rice and beans.","他们靠吃米饭和豆子维生。"
invertebrate,"无脊椎的, 无脊椎动物","Insects are invertebrates.","昆虫是无脊椎动物。"
dive,"跳水； 潜水","He dived into the water.","他跳入水中。"
sympathy,"同情， 同情心； 赞同， 支持","I have a lot of sympathy for her.","我很同情她。"
rescue,"营救， 搭救","The firefighters rescued the people from the burning building.","消防队员从着火的建筑物中救出了人们。"
brief,"简短的，短暂的；简洁的","Please be brief.","请简短些。"
recover,"复原， 恢复； 重新获得； 收回","He's recovering from a serious illness.","他正在从一场重病中恢复过来。"
influx,"注入， 涌入","There has been a large influx of tourists this summer.","今年夏天游客大量涌入。"
determine,"查明， 确定； 决心， 决定； 支配， 影响","We need to determine the cause of the accident.","我们需要确定事故的原因。"
devastate,"破坏， 毁坏； 令人震惊， 使难以承受","The city was devastated by the earthquake.","这座城市被地震摧毁了。"
embark,"上船","We will embark on our journey tomorrow.","我们明天将开始我们的旅程。"
cousin,"堂兄弟， 堂姐妹","My cousin is coming to visit me next week.","我表弟下周要来看我。"
intelligent,"有才智的， 聪明的","She is a very intelligent woman.","她是一位非常聪明的女人。"
confer,"授予； 协商， 商讨","The university conferred an honorary degree on him.","大学授予他名誉学位。"
friction,"摩擦； 摩擦力； 矛盾， 冲突","There is a lot of friction between the two countries.","两国之间有很多摩擦。"
walnut,"胡桃； 胡桃木","I like to eat walnuts.","我喜欢吃核桃。"
incessantly,"不断地","He talks incessantly.","他不停地说话。"
imagist,"意象派的, 意象派诗人","Ezra Pound was a famous imagist poet.","埃兹拉·庞德是一位著名的意象派诗人。"
radiation,"放射； 辐射； 放射物， 放射线； 辐射的热","Too much exposure to radiation is harmful.","过多地暴露在辐射下是有害的。"
luxury,"奢华的, 奢侈， 奢华； 奢侈品","He lives in luxury.","他生活奢侈。"
diagonal,"斜线的，","Draw a diagonal line across the page.","在页面上画一条对角线。"
knit,"编结， 编织； 紧密结合， 使紧凑； 愈合； 皱紧， 皱","She is knitting a sweater.","她在织毛衣。"
aroma,"芳香， 香味； 气氛， 氛围","The aroma of coffee filled the room.","咖啡的香味弥漫在房间里。"
subversive,"颠覆性的，破坏性的, 颠覆分子","He was arrested for subversive activities.","他因从事颠覆活动而被捕。"
strategic,"对全局有重要意义的， 关键的； 战略性的","This is a strategic decision.","这是一个战略性的决定。"
wholesome,"健康的， 有利健康的； 有道德的","She eats a wholesome diet.","她饮食健康。"
readily,"欣然地； 容易地","He readily agreed to help.","他欣然同意帮助。"
convenience,"便利； 便利设施","For your convenience, the store is open 24 hours a day.","为了您的方便，商店24小时营业。"
discipline,"训练；惩罚, 纪律； 学科","He needs more discipline.","他需要更多的纪律。"
calculus,"微积分； 结石","I'm taking a calculus class this semester.","我这学期选了微积分课。"
expedient,"得当的， 可取的, 权宜之计，应急办法，临时手段","It might be expedient to sell the house now.","现在卖掉房子可能是明智的。"
emission,"散发物， 排放物； 发射， 排放","The government is trying to reduce carbon emissions.","政府正试图减少碳排放。"
ensconce,"使安顿， 安置， 使安坐","She ensconced herself in a comfortable armchair.","她安坐在舒适的扶手椅上。"
freeze,"结冰， 凝固","The water in the lake will freeze in the winter.","冬天湖里的水会结冰。"
inevitably,"不可避免地， 必然地","Change is inevitably a part of life.","变化是生活中不可避免的一部分。"
estimate,"评估， 估计； 估价, 估计； 估价； 评价， 看法","Can you give me an estimate for the repairs?","你能给我一个修理的估价吗？"
brand,"铭刻；打烙印于；丑化，败坏名声, 商标， 品牌； 类型； 烙印","What brand of coffee do you drink?","你喝什么牌子的咖啡？"
suspension,"暂停； 暂缓， 推迟， 延期； 悬架； 悬浮液","The suspension of the project was a surprise to everyone.","项目的暂停让所有人都感到意外。"
proposal,"提议， 建议； 求婚","He made a proposal of marriage to her.","他向她求婚了。"
vibrant,"振动的； 活泼的， 充满生气的","The city has a vibrant nightlife.","这座城市有充满活力的夜生活。"
insanity,"精神错乱， 疯狂","He was found not guilty by reason of insanity.","他因精神错乱而被判无罪。"
recreation,"娱乐， 消遣","What do you do for recreation?","你做什么娱乐活动？"
skyscraper,"摩天楼","The new skyscraper is the tallest building in the city.","这座新的摩天大楼是这个城市最高的建筑。"
portable,"轻便的， 便携的， 手提式的","I have a portable radio.","我有一个便携式收音机。"
ancient,"古代的； 古老的","We visited the ancient ruins.","我们参观了古老的废墟。"
antecede,"居先； 高于","The invention of the printing press anteceded the widespread literacy.","印刷术的发明早于识字率的普及。"
squirrel,"松鼠","A squirrel was gathering nuts in the park.","一只松鼠在公园里收集坚果。"
cognitive,"认识的； 认知的， 有感知的","Cognitive psychology is the study of mental processes.","认知心理学是研究心理过程的学科。"
attorney,"辩护律师； 代理人","He is a successful attorney.","他是一位成功的律师。"
adopt,"采用； 收养， 领养； 正式通过， 批准","They decided to adopt a child.","他们决定收养一个孩子。"
expire,"到期， 期满， 失效； 断气， 去世","My passport will expire next year.","我的护照明年到期。"
viral,"病毒的， 病毒引起的","The video went viral on the internet.","这段视频在互联网上疯传。"
oppose,"反对， 对抗","I oppose the new law.","我反对这项新法律。"
singular,"单数的； 突出的， 卓越的； 异常的","He has a singular talent for music.","他有非凡的音乐天赋。"
device,"装置， 设备； 手法， 策略","This is a very clever device.","这是一个非常巧妙的装置。"
evaporation,"蒸发； 消失， 不存在","The evaporation of water from the lake is a natural process.","湖水的蒸发是一个自然过程。"
commentary,"评论， 注释； 实况报道， 现场解说","He provided a running commentary on the football match.","他对足球比赛进行了实况解说。"
homosexuality,"同性恋； 同性恋行为","Homosexuality is no longer considered a mental illness.","同性恋不再被认为是精神疾病。"
minus,"减的，负的, 减, 负数；减号；不足","Ten minus three is seven.","十减三等于七。"
conservative,"保守的，守旧的；不时新的，传统的, 保守派","He has very conservative views.","他的观点非常保守。"
skeletal,"骨骼的， 骸骨的； 梗概的； 轮廓的","The skeletal remains of a dinosaur were found in the desert.","在沙漠中发现了恐龙的骨骼遗骸。"
seep,"漏出， 渗漏","Water was seeping through the cracks in the wall.","水正从墙上的裂缝中渗出。"
unsubstantiated,"未经证实的， 无事实根据的","These are just unsubstantiated rumors.","这些只是未经证实的谣言。"
cabin,"小屋； 机舱， 船舱","We stayed in a small cabin in the woods.","我们住在树林里的一间小木屋里。"
seem,"好像， 似乎","You seem to be happy.","你看起来很高兴。"
apprenticeship,"学徒的身份； 学徒的年限","He served an apprenticeship as a carpenter.","他当过木匠学徒。"
disturb,"打扰； 搅乱， 弄乱； 使烦恼， 使不安","Please don't disturb me while I'm working.","我工作时请不要打扰我。"
persist,"坚持； 持续","If you persist in your efforts, you will succeed.","如果你坚持努力，你就会成功。"
pump,"泵, 抽","He pumped the water out of the boat.","他把船里的水抽了出来。"
pierce,"刺穿， 刺破； 穿孔， 打眼","The needle pierced her skin.","针刺穿了她的皮肤。"
calendar,"日历， 挂历， 月历； 日程表","I have marked the date on my calendar.","我已经在日历上标出了日期。"
patriarch,"家长， 族长","He is the patriarch of the family.","他是这个家庭的家长。"
intern,"实习生, 拘禁， 软禁","She is working as an intern at a law firm.","她在一家律师事务所当实习生。"
sensual,"感觉的， 感官的； 肉欲的； 耽于感官享受的","He is a very sensual man.","他是一个非常感性的人。"
righteous,"正直的， 公正的； 正义的， 正当的","He is a righteous man who always tries to do the right thing.","他是个正直的人，总是努力做正确的事。"
speculate,"推测； 深思， 沉思； 投机， 做投机买卖","I can only speculate on the reasons for his strange behavior.","我只能推测他奇怪行为的原因。"
closet,"隐蔽的； 私下的， 秘密的, 把…关在房间里, 橱，壁橱","She has a large closet full of clothes.","她有一个装满衣服的大衣柜。"
heed,"注意， 留心","You should heed his advice.","你应该听从他的建议。"
adorn,"装饰， 装扮","The room was adorned with flowers.","房间里装饰着鲜花。"
monster,"巨大的， 庞大的, 怪物；庞然大物；恶魔","The monster in the movie was very scary.","电影里的怪物很吓人。"
cement,"水泥；胶合剂, 巩固； 使团结","They used cement to build the wall.","他们用水泥砌墙。"
subway,"地铁","I take the subway to work every day.","我每天乘地铁上班。"
scourge,"鞭笞；使受苦，折磨, 鞭子； 祸害； 鞭笞","The disease was a scourge on the population.","这种疾病是人口的祸害。"
acquaint,"使认识； 使熟悉","Please acquaint me with the facts of the case.","请让我了解案情。"
atrophy,"萎缩","The muscles in his leg had atrophied.","他腿上的肌肉萎缩了。"
pulp,"使成浆状, 纸浆； 浆状物","The fruit was crushed into a pulp.","水果被压成果肉。"
undergraduate,"大学肄业生； 大学本科生","He is an undergraduate student at Harvard University.","他是哈佛大学的本科生。"
antibiotic,"抗菌的","The doctor prescribed an antibiotic for his infection.","医生给他开了抗生素治疗他的感染。"
joint,"连接的； 共同的， 共有的， 联合的, 关节，骨节；接头，接合处","This is a joint project between the two companies.","这是两家公司的合作项目。"
separate,"分离； 划分； 区别； 分居, 分离的； 个别的","Please separate the white clothes from the colored ones.","请把白色衣服和有色衣服分开。"
reasonable,"合理的， 适当的； 通情达理的； 公道的","The price is very reasonable.","价格很合理。"
endangered,"濒危的， 将要灭绝的","The panda is an endangered species.","熊猫是濒危物种。"
haphazard,"偶然的， 任意的； 无计划的， 无秩序的","The books were arranged in a haphazard way on the shelves.","书架上的书摆放得很 haphazard。"
wick,"蜡烛芯； 灯芯","The wick of the candle was burning brightly.","蜡烛芯烧得很亮。"
biannual,"一年两次的","The conference is a biannual event.","这个会议是半年一次的活动。"
elicit,"得出， 引出； 诱出","The lawyer tried to elicit a confession from the witness.","律师试图从证人那里引出供词。"
relegate,"使贬职， 使降级； 放逐， 贬谪","He was relegated to a minor role in the company.","他被降级到公司的一个次要角色。"
ambiguity,"模棱两可的话； 歧义","There is some ambiguity in the contract.","合同中有些模棱两可之处。"
trivial,"琐碎的， 微不足道的","Don't waste your time on trivial matters.","不要把时间浪费在琐碎的事情上。"
awareness,"知道， 意识， 察觉","There is a growing awareness of the importance of environmental protection.","人们越来越意识到环境保护的重要性。"
postcard,"明信片","I sent a postcard to my parents from my vacation.","我度假时给父母寄了一张明信片。"
longevity,"长寿； 寿命","He is known for his longevity.","他以长寿著称。"
military,"军事的, [the ～]军队， 军方","He has a long military career.","他有很长的军旅生涯。"
reluctant,"不情愿的， 勉强的","She was reluctant to admit her mistake.","她不愿承认自己的错误。"
conscientious,"凭良心的； 认真谨慎的， 一丝不苟的","He is a very conscientious worker.","他是个非常认真负责的工人。"
coil,"盘绕，卷, 卷； 线圈","The snake coiled itself around the branch.","蛇盘绕在树枝上。"
authoritative,"官方的； 权威性的， 可信的； 专断的， 命令式的","He is an authoritative expert on the subject.","他是这个问题的权威专家。"
ensure,"确保， 担保， 保证","Please ensure that you have all your belongings with you.","请确保你带好所有物品。"
organism,"生物， 有机物； 有机体","Amoebas are single-celled organisms.","阿米巴是单细胞生物。"
epidemic,"流行性的， 传染性的, 流行；流行病","The country is facing a flu epidemic.","该国正面临流感疫情。"
suppose,"假设， 推测； 认为， 料想； 要不","I suppose you're right.","我想你是对的。"
scruple,"踌躇， 顾忌， 顾虑","He has no scruples about lying.","他撒谎毫无顾忌。"
remarkable,"显著的， 值得注意的； 非凡的","She has made remarkable progress.","她取得了显著的进步。"
flavor,"风味，滋味；调味品, 给…调味","What's your favorite flavor of ice cream?","你最喜欢什么口味的冰淇淋？"
recess,"休会期；休庭；暂停；凹室，","The court is in recess.","法庭休庭。"
extract,"取出； 提取， 榨取, 提出物； 摘录， 选段； 精， 汁","He extracted a promise from her.","他从她那里得到了一个承诺。"
outspoken,"直言不讳的， 坦率的","She is an outspoken critic of the government.","她是一位直言不讳的政府批评家。"
obscure,"暗的，模糊的，朦胧的；费解的，晦涩的；不著名的，不重要的, 使变模糊； 使费解","The meaning of the poem is obscure.","这首诗的意思很晦涩。"
noxious,"有害的； 有毒的","Noxious fumes were coming from the factory.","工厂里冒出有毒的烟雾。"
bolster,"支持；改善, 垫子， 枕垫","The government is trying to bolster the economy.","政府正试图提振经济。"
region,"层； 地区， 区域； 范围","This region is known for its beautiful scenery.","这个地区以其美丽的风景而闻名。"
deceive,"欺骗","He deceived her into giving him the money.","他骗她把钱给了他。"
ingenious,"巧妙的； 聪明的， 机敏的； 善于创造发明的； 设计独特的， 别致的","He came up with an ingenious plan.","他想出了一个巧妙的计划。"
questionnaire,"问卷， 调查表","Please fill out this questionnaire.","请填写这份问卷。"
breakthrough,"突破， 重大进展","Scientists have made a major breakthrough in the treatment of cancer.","科学家在癌症治疗方面取得了重大突破。"
snack,"快餐， 小吃， 点心","I had a snack before dinner.","我晚饭前吃了点零食。"
amphibious,"两栖的； 水陆两用的","Frogs are amphibious animals.","青蛙是两栖动物。"
imprint,"使铭记， 使牢记； 压印, 印记， 印痕； 持久的影响","The experience left a lasting imprint on her mind.","这次经历在她脑海中留下了持久的印记。"
destination,"目的地， 终点","What is your final destination?","你的最终目的地是哪里？"
yoke,"裤腰；牛轭；奴役，束缚, 使结合， 连接","The two oxen were joined by a yoke.","两头牛被一个轭连在一起。"
vertical,"垂直的，竖直的, 垂直线","Draw a vertical line.","画一条垂直线。"
reciprocal,"相互的；互惠的；相应的；","The two countries have a reciprocal trade agreement.","两国签订了互惠贸易协定。"
perpetuate,"使永存， 使持续","He tried to perpetuate the myth that he was a great hero.","他试图延续他是一个伟大英雄的神话。"
pure,"纯洁的； 纯净的； 完全的； 纯理论的， 抽象的","This is pure gold.","这是纯金。"
damp,"潮湿的, 潮湿；湿气, 弄湿； 减弱， 抑制","The clothes are still damp.","衣服还是湿的。"
emphasize,"强调， 着重","I want to emphasize the importance of this point.","我想强调这一点的重要性。"
brighten,"更明亮； 快活起来； 有希望","The sun came out and brightened up the day.","太阳出来，天亮了。"
ore,"矿； 矿物， 矿石","Iron ore is used to make steel.","铁矿石用于炼钢。"
slight,"轻微的，微小的, 侮慢；轻视，冷落","There is a slight chance of rain today.","今天下雨的可能性很小。"
previous,"先前的， 在前的","I have a previous engagement.","我另有约会。"
argue,"争论， 辩论； 主张， 论证； 说服， 劝说","They were arguing about money.","他们在为钱争吵。"
concomitant,"伴随的, 伴随物","The disease has a number of concomitant symptoms.","这种疾病有许多伴随症状。"
cumbersome,"笨重的； 麻烦的； 累赘的， 冗长的","The machine is very cumbersome to operate.","这台机器操作起来很笨重。"
belie,"给人以错觉； 掩饰； 证明…不正确","Her cheerful smile belied her true feelings.","她开朗的笑容掩盖了她的真实感情。"
premature,"早熟的；过早的；不成熟的，仓促的, 早产儿","It's premature to say who will win the election.","现在说谁会赢得选举还为时过早。"
superior,"较高的；更好的；有优越感的，高傲的；超群的, 上级， 长官","This car is superior to the other one.","这辆车比另一辆好。"
choir,"合唱, 唱诗班，合唱队","The church choir sings every Sunday.","教堂的唱诗班每个星期天都唱歌。"
compensation,"补偿， 赔偿； 赔偿金","He received compensation for his injuries.","他因伤获得了赔偿。"
accessory,"辅助的, 附件，零件；配饰；从犯，同谋","The camera comes with a number of accessories.","这台相机配有许多附件。"
ecosystem,"生态系统","The coral reef is a fragile ecosystem.","珊瑚礁是一个脆弱的生态系统。"
seminar,"研讨会； 研讨班","I'm attending a seminar on marketing.","我正在参加一个关于市场营销的研讨会。"
pupil,"小学生； 瞳孔","The pupils of his eyes were dilated.","他的瞳孔放大了。"
naturalist,"自然主义者； 博物学家","He is a well-known naturalist and writer.","他是一位著名的博物学家和作家。"
venom,"毒液； 恶意， 怨恨","The snake's venom is very poisonous.","蛇的毒液很毒。"
hazard,"危险；风险, 尝试着做； 冒…风险， 使处于危险","Smoking is a hazard to your health.","吸烟有害健康。"
melodrama,"情节剧， 通俗剧； 戏剧性的事件","The movie was a bit of a melodrama.","这部电影有点像情节剧。"
vegetative,"植物的； 有生长力的","The patient is in a vegetative state.","病人处于植物人状态。"
proof,"耐…的， 防…的, 证据，证明；证词；检验，证实；校样","I need proof of your identity.","我需要你的身份证明。"
militant,"好战的，好暴力的, 激进分子","He is a militant activist.","他是一个激进的活动家。"
phase,"相位，月相；阶段，时期, 分阶段实行， 逐步做","The project is in its final phase.","这个项目正处于最后阶段。"
dilute,"冲淡的，稀释的, 冲淡， 稀释； 淡化， 削弱","Dilute the juice with water.","用水稀释果汁。"
method,"方法， 办法， 措施； 秩序","What is the best method for learning a new language?","学习一门新语言的最好方法是什么？"
contract,"订合同； 收缩； 感染， 染上, 合同， 契约","We signed a contract for the new house.","我们签了新房子的合同。"
scroll,"卷轴； 纸卷， 画卷； 名册","He unrolled the ancient scroll.","他展开了古老的卷轴。"
sluggish,"行动迟缓的； 不活泼的； 无精打采的， 怠惰的","The economy is sluggish.","经济不景气。"
yolk,"蛋黄， 卵黄","I like my eggs with a runny yolk.","我喜欢吃溏心蛋。"
vascular,"血管的， 脉管的","The vascular system carries blood throughout the body.","血管系统将血液输送到全身。"
susceptible,"易受感染的； 易受影响的； 过敏的； 感情丰富的； 能经受…的， 容许…的","She is very susceptible to colds.","她很容易感冒。"
innovative,"革新的， 创新的； 富有革新精神的","The company is known for its innovative products.","这家公司以其创新产品而闻名。"
insight,"洞察力； 领悟","He has a deep insight into human nature.","他对人性有深刻的洞察力。"
quiescent,"静止的， 寂静的； 静态的","The volcano has been quiescent for many years.","这座火山已经休眠多年。"
assail,"抨击， 指责； 猛攻； 困扰","He was assailed with questions from the reporters.","他受到记者们的连珠炮似的提问。"
fabric,"布料， 织品； 构造， 结构","The fabric of society is being torn apart.","社会结构正在被撕裂。"
exact,"精确的，准确的；严谨的，严格的；","What is the exact time?","确切时间是几点？"
centigrade,"百分度的； 摄氏温度的","The temperature is 20 degrees centigrade.","温度是20摄氏度。"
cerebral,"大脑的； 理智的","He is a very cerebral writer.","他是一位非常理智的作家。"
mural,"墙壁的； 在墙上的, 壁画，壁饰","The artist painted a mural on the wall of the building.","艺术家在大楼的墙上画了一幅壁画。"
periodic,"周期的， 定期的","The periodic table of the elements is a list of all the known chemical elements.","元素周期表是所有已知化学元素的列表。"
seismology,"地震学","Seismology is the study of earthquakes.","地震学是研究地震的学科。"
slander,"诽谤，中伤，诋毁, 诽谤， 诋毁","He was accused of slandering his former employer.","他被指控诽谤他的前雇主。"
gem,"宝石， 珍品； 美丽绝伦的事物","The necklace was made of precious gems.","这条项链是用珍贵的宝石制成的。"
sedentary,"久坐的， 固定不动的； 土生的， 不迁徙的； 沉积的","He has a sedentary job.","他有一份久坐的工作。"
capacity,"能力； 容量； 职责， 职位； 生产力","The stadium has a seating capacity of 50,000.","这个体育场可容纳5万人。"
hemp,"大麻； 由大麻制成的麻醉药","Hemp is used to make rope and cloth.","大麻用于制作绳索和布料。"
saturate,"使湿透； 使饱和","The market is saturated with cheap imitations.","市场上充斥着廉价的仿冒品。"
counterfeit,"伪造的，假冒的, 赝品, 伪造， 仿造","He was arrested for making counterfeit money.","他因制造假币而被捕。"
course,"课程， 教程； 过程， 进程； 路线； 一道菜","I'm taking a course on computer programming.","我正在学习一门计算机编程课程。"
barber,"为…理发； 当理发师, 理发师","I need to go to the barber's for a haircut.","我需要去理发店理发。"
precise,"准确的， 精确的； 严谨的","Can you give me a more precise answer?","你能给我一个更准确的答案吗？"
sensible,"可察觉的， 可感知的； 明智的； 切合实际的； 意识到的","That was a very sensible decision.","那是一个非常明智的决定。"
precious,"贵重的； 珍爱的","This is a very precious ring.","这是一枚非常珍贵的戒指。"
suspect,"怀疑， 猜想, 可疑的；不信任的, 嫌疑犯， 可疑分子","I suspect he's lying.","我怀疑他在撒谎。"
apologize,"道歉， 认错； 辩解","I apologize for my mistake.","我为我的错误道歉。"
mingle,"混合； 交往","He mingled with the crowd.","他混在人群中。"
braid,"穗带，饰带；发辫, 编织； 编成辫子","She braided her hair.","她编了辫子。"
unravel,"澄清； 解体， 瓦解； 解开","The police are trying to unravel the mystery of his death.","警方正试图解开他死亡之谜。"
edible,"可食用的","Are these mushrooms edible?","这些蘑菇能吃吗？"
chorus,"合唱曲；合唱队；副歌，叠句；齐声，","The chorus of the song is very catchy.","这首歌的副歌很上口。"
prone,"平卧的， 俯卧的； 易于做…的， 倾向于…的","He is prone to accidents.","他容易出事故。"
asset,"资产， 财产； 有价值的人； 长处， 优点","Her knowledge of languages is a great asset.","她的语言知识是一笔巨大的财富。"
exposition,"展览会， 博览会； 阐释","The exposition of his theory was very clear.","他对他的理论的阐述非常清晰。"
minimum,"最小的，最低的, 最小值， 最低限度","What is the minimum age for driving a car?","开车的最低年龄是多少？"
date,"日期，日子；时期，年代；约会；","What's the date today?","今天几号？"
reveal,"暴露， 揭露； 展现","He refused to reveal his source.","他拒绝透露他的消息来源。"
depot,"库房， 仓库； 公共汽车站， 火车站","The bus depot is on the other side of town.","公共汽车站在城的另一边。"
theoretical,"不切实际的； 理论的","His ideas are purely theoretical.","他的想法纯属理论。"
owl,"猫头鹰","An owl is a nocturnal bird of prey.","猫头鹰是夜行性猛禽。"
sound,"可靠的；健康的，完好无损的；合理的, 似乎； 测量…的深度","That sounds like a good idea.","那听起来是个好主意。"
harbor,"窝藏；藏有, 港口","The harbor is full of boats.","港口里停满了船。"
vibrate,"颤动， 振动","The floor was vibrating from the music.","地板因音乐而震动。"
hospitable,"宜人的； 好客的， 殷勤的； 开通的","The local people are very hospitable.","当地人非常热情好客。"
multiplicative,"倍增的； 乘法的","The multiplicative effect of these changes is significant.","这些变化的乘法效应是显著的。"
impetus,"促进， 推动； 刺激； 推动力","The new law will give an impetus to the economy.","新法律将推动经济发展。"
healing,"有治疗功用的, 康复， 治疗； 复原","The healing process can take a long time.","愈合过程可能需要很长时间。"
realistic,"现实的； 逼真的","We need to be realistic about our chances of success.","我们必须对我们成功的机会持现实态度。"
revitalize,"使恢复生机， 使再生； 使更强壮","The new government is trying to revitalize the economy.","新政府正试图振兴经济。"
barrier,"屏障， 障碍物； 检票口； 障碍， 阻力； 隔阂","Language can be a barrier to communication.","语言可能是交流的障碍。"
caribou,"北美驯鹿","Caribou are a species of deer found in North America.","北美驯鹿是北美洲的一种鹿。"
simmer,"充满；煨，炖, 煨， 炖","Let the soup simmer for a few minutes.","让汤煨几分钟。"
eviscerate,"取出内脏； 除去主要部分","The hunter eviscerated the deer.","猎人取出了鹿的内脏。"
resource,"资源〔指土地、矿产等〕, 向…提供资源","The country is rich in natural resources.","这个国家自然资源丰富。"
brace,"绷紧肌肉；使顶住；使防备；加强，加固, 支架， 托架","He braced himself for the impact.","他为撞击做好了准备。"
brisk,"清新的； 敏捷的， 活泼的","It was a brisk autumn day.","那是一个凉爽的秋日。"
nightmare,"噩梦； 无法摆脱的恐惧； 可怕的事","I had a nightmare last night.","我昨晚做了个噩梦。"
prolonged,"长期的， 持久的","The prolonged drought has caused a lot of damage.","长期的干旱造成了很大的损失。"
prestige,"威望； 声望","The company has a lot of prestige.","这家公司声望很高。"
spontaneity,"自发性； 自发行为","I love the spontaneity of her performance.","我喜欢她表演的自发性。"
core,"地核；果心，核心；要点，精髓, 去掉…的中心部分","The core of the problem is a lack of communication.","问题的核心是缺乏沟通。"
famish,"饥饿","I'm famished.","我饿坏了。"
fraud,"骗子， 冒名顶替者； 冒牌货； 欺骗","He was arrested for fraud.","他因欺诈而被捕。"
council,"委员会； 地方议会","The city council is meeting tonight.","市议会今晚开会。"
igneous,"火的， 似火的； 火成的， 火成岩的","Granite is an igneous rock.","花岗岩是一种火成岩。"
dazzling,"令人眼花缭乱的， 耀眼的","The sun was dazzling.","太阳很耀眼。"
rectangle,"长方形， 矩形","A rectangle has four sides and four right angles.","长方形有四条边和四个直角。"
rotational,"旋转的； 轮流的","The Earth has a rotational period of 24 hours.","地球的自转周期是24小时。"
quash,"撤销， 废止； 镇压； 平息","The conviction was quashed on appeal.","上诉后，原判被撤销。"
sprawl,"伸开四肢坐；扩展，蔓延, 扩展， 蔓延； 蔓延物","The city sprawls for miles.","这座城市绵延数英里。"
concrete,"混凝土制的；具体的；确凿的, 混凝土","The house is made of concrete.","这所房子是混凝土建成的。"
rustproof,"不锈的","This car has a rustproof body.","这辆车有不锈的车身。"
shrimp,"小虾","I had shrimp for dinner.","我晚饭吃虾。"
abridge,"缩短， 删节， 节略， 精简","The book has been abridged for children.","这本书为儿童作了删节。"
penalty,"处罚， 惩罚； 罚金； 犯规的处罚","The penalty for speeding is a fine.","超速的处罚是罚款。"
scale,"鳞；规模；比例；刻度；【音】音阶；等级，级别, 攀登","The scale of the problem is enormous.","问题的规模是巨大的。"
vegetation,"植物； 植被","The vegetation in this area is very lush.","这个地区的植被非常茂盛。"
gin,"杜松子酒；弹棉机，","He was drinking a gin and tonic.","他在喝杜松子酒和汤力水。"
engaging,"迷人的","She has a very engaging personality.","她性格很迷人。"
contributor,"投稿者； 贡献者， 捐助者； 促成物","He is a regular contributor to the magazine.","他是该杂志的定期撰稿人。"
subdivide,"再分， 细分","The land has been subdivided into smaller plots.","这块土地被细分成更小的地块。"
nosy,"爱管闲事的， 好打听的","She's a nosy old woman.","她是个爱管闲事的老太太。"
salient,"显著的， 突出的","The salient point of his speech was that we need to do more to protect the environment.","他演讲的要点是我们需要为保护环境做更多的事情。"
buck,"猛然弓背跃起；猛然震荡；抵制，反抗, 美元； 雄鹿","He paid a hundred bucks for the ticket.","他花了一百美元买票。"
iceberg,"冰山； 冷冰冰的人","The ship hit an iceberg and sank.","船撞上冰山沉没了。"
station,"所；站；台；岗位；身份，地位, 安置； 派驻， 驻扎","What's the next station?","下一站是哪里？"
feeble,"虚弱的， 衰弱的， 无力的","He's old and feeble.","他又老又虚弱。"
herb,"药草， 香草； 草本植物","She uses herbs to season her food.","她用香草给食物调味。"
herd,"放牧； 成群， 聚集, 牧群，兽群；人群，芸芸众生","A herd of cattle was grazing in the field.","一群牛在田里吃草。"
limb,"肢， 臂； 主枝","He broke a limb in the accident.","他在事故中摔断了一条腿。"
prose,"散文","I prefer reading prose to poetry.","我更喜欢读散文而不是诗歌。"
inverse,"相反的，反向的, 反面； 倒数","The inverse of addition is subtraction.","加法的逆运算是减法。"
cognition,"感知， 认知， 认识","Cognition is the mental process of knowing.","认知是认识的心理过程。"
confidence,"信任； 信心","I have confidence in her ability.","我对她的能力有信心。"
cuisine,"烹饪； 烹调法， 烹调风格","I love French cuisine.","我喜欢法国菜。"
arbitrary,"任意的； 专制的， 专断的","The decision was arbitrary and unfair.","这个决定是任意和不公平的。"
intent,"专心的， 专注的； 急切的, 意图，目的","He was intent on winning the race.","他一心想赢得比赛。"
readability,"可读性","The readability of the text is very good.","这段文字的可读性很好。"
interrogate,"审问， 讯问， 盘问","The police interrogated the suspect for hours.","警察审问了嫌疑犯好几个小时。"
astute,"机敏的， 精明的","He is an astute businessman.","他是个精明的商人。"
challenge,"挑战；艰巨任务，难题；质疑，质问, 向…挑战； 公然反抗； 对…质疑","I'm looking for a new challenge.","我正在寻找新的挑战。"
dignity,"尊严， 庄严； 高贵， 尊贵； 自尊， 自重","He behaved with great dignity.","他举止端庄。"
unearth,"掘出， 发掘； 揭露","They unearthed a skeleton.","他们挖出了一具骨架。"
emit,"发出； 放射； 排放","The sun emits light and heat.","太阳发出光和热。"
snap,"猛咬；折断，断裂；打开，关上；呵斥，厉声说, 仓促的， 匆忙的, 啪嗒声；照片","The dog snapped at his heels.","狗咬了他的脚后跟。"
sleigh,"雪橇","We went for a ride in a horse-drawn sleigh.","我们坐马拉雪橇去兜风。"
govern,"统治， 治理， 管理； 决定， 支配； 控制， 影响","The country is governed by a president.","这个国家由总统统治。"
numerous,"许多的； 无数的","There are numerous examples of this.","这样的例子有很多。"
seismic,"地震的， 地震引起的； 影响深远的， 重大的","A seismic wave is a wave of energy that travels through the Earth's layers.","地震波是穿过地球各层的能量波。"
resemble,"与…相似， 像","She resembles her mother.","她长得像她妈妈。"
remote,"偏僻的， 偏远的； 久远的； 远程的； 关系远的； 微乎其微的； 冷漠的","He lives in a remote village.","他住在一个偏僻的村庄。"
cafeteria,"自助餐厅， 自助食堂","I had lunch at the school cafeteria.","我在学校食堂吃了午饭。"
rupture,"破裂； 决裂， 断绝","The rupture of the pipeline caused a major oil spill.","管道破裂导致了严重的石油泄漏。"
afflict,"使苦恼， 折磨","He was afflicted with a terrible disease.","他被一种可怕的疾病折磨着。"
fluctuate,"波动； 变化","The price of gold fluctuates daily.","黄金价格每天都在波动。"
calculate,"计算， 核算； 估计， 推测； 计划， 打算","I need to calculate my expenses for the month.","我需要计算我这个月的开支。"
rancorous,"怨恨的， 满怀恶意的","He made a rancorous speech against his opponent.","他发表了一篇充满怨恨的演说来攻击他的对手。"
persistent,"坚持的， 百折不挠的； 持续的","She is a persistent critic of the government.","她是政府的执着批评者。"
authorize,"授权； 批准， 许可","The committee authorized the expenditure.","委员会批准了这项开支。"
trauma,"精神创伤； 外伤； 痛苦经历","He suffered a lot of trauma during the war.","他在战争中遭受了很多创伤。"
groom,"刷洗；梳理毛发；培养，","The groom was waiting for his bride at the altar.","新郎在祭坛上等着他的新娘。"
audience,"听众； 观众； 读者","The audience applauded loudly.","观众热烈鼓掌。"
possess,"具有， 拥有","He possesses a great deal of knowledge.","他拥有渊博的知识。"
dedication,"献身， 奉献； 献词； 奉献仪式","She has a dedication to her work that is truly inspiring.","她对工作的奉献精神确实鼓舞人心。"
neutral,"中性的； 中立的","The country remained neutral during the war.","该国在战争期间保持中立。"
optional,"可以任选的， 非强制的","The last question on the exam is optional.","考试的最后一道题是选答题。"
analysis,"分析； 分析报告； 分解","We need to do a careful analysis of the problem.","我们需要仔细分析这个问题。"
devise,"设计； 发明； 想出； 策划， 图谋","He devised a clever plan to escape.","他想出了一个巧妙的逃跑计划。"
apparent,"显然的， 明显的； 表面上的， 貌似的","It's apparent that he's not happy.","很明显，他不开心。"
journalism,"新闻业， 新闻工作","He studied journalism at university.","他在大学学习新闻学。"
chronical,"慢性的， 延续很长的","He suffers from chronic back pain.","他患有慢性背痛。"
exposure,"暴露， 显露； 揭露； 曝光； 面临， 遭受","Too much exposure to the sun can be harmful.","过多地暴露在阳光下可能有害。"
evacuate,"疏散， 撤离； 排空","The residents were evacuated from the building.","居民们从大楼里撤离了。"
clutch,"企图抓住， 抓紧, 一次所孵的卵；离合器；掌握，控制；把握，抓紧","She clutched her baby to her chest.","她把婴儿紧紧抱在胸前。"
dawn,"破晓， 黎明； 开始， 发端","We woke up at dawn.","我们黎明时分醒来。"
humble,"谦卑的；卑贱的；简陋的，低劣的, 降低， 贬抑","He is a humble man.","他是个谦虚的人。"
commodity,"商品； 日用品","Oil is a valuable commodity.","石油是一种宝贵的商品。"
independent,"独立的， 自主的； 自立的； 不相干的， 不受影响的； 无偏见的， 中立的； 私立的； 有主见的； 无党派的","She is an independent woman.","她是个独立的女人。"
glossy,"光滑的； 光彩夺目的； 浮华的","The magazine has a glossy cover.","这本杂志的封面很光滑。"
blur,"变模糊，难以区分；玷污, 模糊形状； 模糊的记忆； 污点","The tears blurred her vision.","泪水模糊了她的视线。"
plausible,"似有道理的， 似乎正确的","His story sounds plausible.","他的故事听起来很有道理。"
cider,"苹果酒； 苹果汁","I like to drink hot cider in the winter.","我喜欢冬天喝热苹果酒。"
hearsay,"谣言， 传闻， 道听途说","I don't believe in hearsay.","我不相信道听途说。"
mundane,"世俗的； 平凡的","He has a very mundane job.","他的工作很平凡。"
alkali,"碱","Alkalis are substances that have a pH greater than 7.","碱是pH值大于7的物质。"
colonization,"殖民地化","The colonization of Africa by European powers was a dark chapter in history.","欧洲列强对非洲的殖民是历史上黑暗的一章。"
fortuitous,"偶然的， 意外的","It was a fortuitous meeting.","那是一次偶然的相遇。"
equator,"赤道","The equator is an imaginary line that divides the Earth into the Northern and Southern Hemispheres.","赤道是把地球分成南北半球的一条假想线。"
sexism,"性别歧视","Sexism is still a problem in many workplaces.","在许多工作场所，性别歧视仍然是一个问题。"
incapacitate,"使无资格； 使失去能力； 使不胜任","The injury incapacitated him for several months.","那次受伤使他几个月都不能工作。"
deceitful,"欺诈的， 惯于欺骗的， 不诚实的","He is a deceitful man.","他是个骗子。"
audition,"旁听； 试演","She has an audition for a part in a new play.","她要去试演一个新剧的角色。"
editorial,"社论的； 编辑的, 社论，重要评论","The newspaper published an editorial criticizing the government.","报纸发表了一篇社论，批评政府。"
sharpen,"削尖， 磨快； 使敏锐； 变得清晰","He sharpened his pencil.","他削尖了铅笔。"
sedimentary,"沉积的， 沉淀性的","Sedimentary rocks are formed from the accumulation of sediment.","沉积岩是由沉积物堆积而成的。"
committee,"委员会","The committee will meet next week.","委员会将于下周开会。"
kernel,"仁； 粒； 核心， 要点","The kernel of his argument is that we need to change our a
stingy,"吝啬的， 小气的","He's too stingy to give money to charity.","他太吝啬了，不肯捐钱给慈善机构。"
excavate,"挖掘； 掘出","They excavated a Roman villa in the field.","他们在田里挖掘出一座罗马别墅。"
wipe,"擦， 揩， 抹","Please wipe your feet on the mat.","请在垫子上擦擦脚。"
subtle,"细微的， 微妙的； 精巧的， 巧妙的； 狡猾的； 敏锐的","There are subtle differences between the two paintings.","这两幅画有细微的差别。"
foliage,"叶","The dense foliage overhead protected them from the sun.","头顶茂密的枝叶为他们遮挡了阳光。"
photograph,"拍照, 照片","He took a photograph of the sunset.","他拍了一张日落的照片。"
component,"组成的， 构成的, 成分，组成部分","The main component of the machine is a small motor.","这台机器的主要部件是一个小马达。"
suite,"套， 组； 套房","They booked a suite at the hotel.","他们在旅馆订了一套套房。"
overwhelm,"淹没， 漫过； 压倒， 击败， 制服； 使难以忍受； 使应接不暇","She was overwhelmed by the kindness of her friends.","她被朋友们的善意所淹没。"
morgue,"停尸房， 太平间","The body was taken to the morgue.","尸体被送往停尸房。"
unprecedented,"空前的","The company has achieved unprecedented success.","这家公司取得了空前的成功。"
pocketbook,"钱袋， 皮夹； 财政状况， 财力","She had her pocketbook stolen.","她的钱包被偷了。"
charcoal,"木炭","We cooked the food over a charcoal fire.","我们用炭火做饭。"
disguise,"掩饰； 伪装， 假装","He disguised himself as a policeman.","他把自己伪装成警察。"
imperial,"帝国的， 帝王的； 至尊的； 专横的","The imperial palace is a popular tourist attraction.","皇宫是一个很受欢迎的旅游景点。"
wrap,"包，裹, 披肩， 围巾； 包装材料","She wrapped the present in pretty paper.","她用漂亮的纸把礼物包起来。"
prehistoric,"史前的； 陈旧的","Dinosaurs lived in prehistoric times.","恐龙生活在史前时代。"
facet,"小平面； 方面","There are many facets to this problem.","这个问题有很多方面。"
novel,"新颖的, 小说","'War and Peace' is a long novel.","《战争与和平》是一本很长的小说。"
tedium,"单调， 乏味","She longed for something to break the tedium of her life.","她渴望有什么东西能打破她生活的单调乏味。"
liberal,"自由的， 开明的； 慷慨的； 不严格的； 人文的","He has liberal views on education.","他对教育有开明的看法。"
standard,"标准的, 标准，准则","The company has high standards of quality.","这家公司的质量标准很高。"
harmony,"和声； 和谐， 融洽， 协调； 相符， 一致","The two countries live in peace and harmony.","两国和平共处。"
genial,"亲切的， 和蔼的； 温和的， 温暖的","He is a genial host.","他是个和蔼可亲的主人。"
epitome,"摘要， 梗概； 典型， 典范","She is the epitome of kindness.","她是善良的典范。"
sharply,"急剧地； 猛烈地； 尖刻地； 鲜明地","Prices have risen sharply.","价格急剧上涨。"
afoul,"相抵触， 有冲突","He ran afoul of the law.","他触犯了法律。"
chill,"寒冷的, 变冷， 冷却, 寒冷，寒意","There's a chill in the air.","空气中有一股寒意。"
dominate,"支配， 统治； 控制； 盛行","He dominates the conversation.","他主导着谈话。"
imitate,"模仿， 效仿； 仿制， 仿造","He can imitate the voices of famous people.","他能模仿名人的声音。"
compute,"计算， 估算","I need to compute the total cost.","我需要计算总成本。"
pastel,"彩色蜡笔的；柔和的, 彩色蜡笔","She drew a picture with pastels.","她用彩色蜡笔画了一幅画。"
homestead,"家宅， 农庄； 宅地","They built a homestead on the prairie.","他们在草原上建了一个家园。"
middleman,"中间人， 调解人； 经纪人","We buy our vegetables directly from the farmer, without a middleman.","我们直接从农民那里买蔬菜，没有中间商。"
exceed,"超过， 超出","The cost of the project should not exceed the budget.","项目成本不应超过预算。"
avert,"避免， 规避； 转移","He averted his eyes from the terrible sight.","他把目光从可怕的景象上移开。"
conversation,"交谈， 会话","We had a long conversation about our plans for the future.","我们就未来的计划进行了长时间的交谈。"
monarchy,"君主制； 君主国","The United Kingdom is a constitutional monarchy.","英国是君主立宪制国家。"
manifestation,"显示，表明；","The riots are a manifestation of the people's anger.","骚乱是人民愤怒的表现。"
vicious,"危险的， 罪恶的； 残酷的， 凶残的； 恶性的","He was attacked by a vicious dog.","他被一只凶猛的狗袭击了。"
lace,"用带子束紧, 蕾丝；缎带；鞋带，系带","The dress was decorated with lace.","这件衣服用蕾丝装饰。"
invitation,"邀请； 请柬； 吸引， 诱惑","I received an invitation to their wedding.","我收到了他们婚礼的请柬。"
lithosphere,"岩石圈","The lithosphere is the rigid outer part of the earth, consisting of the crust and upper mantle.","岩石圈是地球坚硬的外部，由地壳和上地幔组成。"
enormous,"巨大的， 极大的","He has an enormous appetite.","他的胃口很大。"
revival,"复兴， 再流行； 复苏； 苏醒， 复活； 重演","There has been a revival of interest in traditional music.","人们对传统音乐的兴趣又重新燃起。"
moisture,"潮湿， 湿气","The air was full of moisture.","空气中充满了湿气。"
sloth,"树懒； 懒散， 怠惰","The sloth is a very slow-moving animal.","树懒是一种行动非常缓慢的动物。"
lack,"缺乏， 不足","There is a lack of water in this area.","这个地区缺水。"
external,"外部的， 外面的； 外来的； 对外的","The external walls of the house need painting.","房子的外墙需要粉刷。"
circumstance,"环境， 条件； 境况， 经济状况","Under the circumstances, we have no choice but to cancel the event.","在这种情况下，我们别无选择，只能取消活动。"
revise,"修订， 修改； 复习","I need to revise my essay before I submit it.","我需要在提交论文前修改一下。"
authority,"权力，管辖权；","The police have the authority to arrest people.","警察有权逮捕人。"
paramount,"至为重要的； 最高权力的， 至尊的","It is of paramount importance that we find a solution to this problem.","我们找到这个问题的解决办法至关重要。"
emerald,"祖母绿， 绿宝石； 翡翠绿","She was wearing a beautiful emerald necklace.","她戴着一条漂亮的祖母绿项链。"
legislature,"立法机关， 立法团体","The legislature is responsible for making laws.","立法机关负责制定法律。"
sociable,"好交际的， 合群的； 友善的， 友好的","She is a very sociable person.","她是个很会社交的人。"
exhilarating,"令人高兴的， 使人兴奋的","It was an exhilarating experience to climb to the top of the mountain.","爬到山顶是一种令人兴奋的经历。"
Saturn,"土星","Saturn is the sixth planet from the Sun and the second-largest in the Solar System.","土星是离太阳第六近的行星，也是太阳系中第二大的行星。"
avenge,"复仇， 报仇； 向…报仇","He vowed to avenge his father's death.","他发誓要为父亲报仇。"
obsolete,"过时的； 废弃的","This type of computer is now obsolete.","这种电脑现在已经过时了。"
instrument,"仪器， 器械， 工具； 乐器","The guitar is a stringed instrument.","吉他是一种弦乐器。"
medium,"〔大小、水平或数量〕中等的；中号的, 传播媒介〔如报纸、电视等〕, 灵媒，巫师，通灵的人","The steak was cooked medium rare.","牛排煎得半熟。"
gasoline,"汽油","I need to fill up my car with gasoline.","我需要给我的车加满汽油。"
interface,"界面， 分界面； 接口","The user interface of this software is very friendly.","这个软件的用户界面非常友好。"
sculpt,"雕刻","He sculpted a beautiful statue out of marble.","他用大理石雕刻了一尊美丽的雕像。"
lipid,"脂质， 类脂","Lipids are a group of naturally occurring molecules that include fats, waxes, and sterols.","脂质是一组天然存在的分子，包括脂肪、蜡和固醇。"
fatal,"致命的； 毁灭性的； 命中注定的","The accident was fatal.","这次事故是致命的。"
hormone,"激素， 荷尔蒙","Hormones are chemical messengers that are produced in the body.","激素是体内产生的化学信使。"
psychology,"心理学； 心理， 心理特征","He is studying psychology at university.","他在大学学习心理学。"
outgas,"除去气","The new carpet will outgas for a few days.","新地毯会散发几天气味。"
ridge,"脊； 山脊， 山脉； 高压脊； 隆起物","We walked along the ridge of the hill.","我们沿着山脊走。"
hypothesize,"假定， 假设","Scientists hypothesize that the universe is expanding.","科学家们假设宇宙正在膨胀。"
puritanical,"极守道德的","He has a puritanical attitude towards sex.","他对性持清教徒般的态度。"
twine,"缠绕， 盘绕， 围绕, 细绳","She tied the package with a piece of twine.","她用一根细绳把包裹系好。"
mobile,"可移动的； 多变的, 动的雕塑","I have a mobile phone.","我有一部手机。"
perform,"做， 履行， 完成； 表演， 演出； 执行","The actors performed the play beautifully.","演员们把这出戏演得很好。"
retrospective,"回顾的， 追想的； 有追溯效力的","The museum is holding a retrospective of the artist's work.","博物馆正在举办这位艺术家的作品回顾展。"
peak,"最高的，高峰的, 最高点， 顶峰","The mountain peak was covered in snow.","山顶上覆盖着白雪。"
evolution,"发展； 演变， 进化， 进化论","The theory of evolution is one of the most important ideas in science.","进化论是科学中最重要的思想之一。"
lucrative,"赚钱的， 获利的， 有利可图的","He has a very lucrative business.","他有一项非常赚钱的生意。"
portrait,"肖像， 画像； 描写， 描绘","She painted a portrait of her daughter.","她画了一幅她女儿的肖像。"
inanity,"空虚， 空洞； 无意义的事物","I was struck by the inanity of his remarks.","我被他毫无意义的话语所震惊。"
acidity,"酸度； 酸性","The acidity of the lemon juice made my mouth pucker.","柠檬汁的酸度让我的嘴都皱起来了。"
complaint,"诉苦， 抱怨； 投诉； 控告","I have a complaint to make about the service.","我要投诉这里的服务。"
pinnacle,"山顶， 顶峰； 鼎盛时期； 小尖塔","He reached the pinnacle of his career.","他达到了事业的顶峰。"
inject,"注射； 注入， 灌输； 投入","The doctor injected the patient with a painkiller.","医生给病人注射了止痛药。"
cannibalism,"嗜食同类","Cannibalism is a taboo in most societies.","在大多数社会中，同类相食都是禁忌。"
indifference,"冷漠， 不关心","She showed a complete indifference to his suffering.","她对他的痛苦表现出完全的冷漠。"
copious,"丰富的， 富饶的","He took copious notes during the lecture.","他在讲座期间做了大量的笔记。"
inception,"开端， 开始","The project has been a success since its inception.","这个项目从一开始就很成功。"
channel,"频道； 渠道， 途径； 通道； 海峡； 水道， 航道","What's your favorite TV channel?","你最喜欢哪个电视频道？"
focus,"集中； 聚焦, 焦点，焦距；中心","Please focus on your work.","请专注于你的工作。"
hamper,"妨碍，阻挠, 大篮子","The bad weather hampered our progress.","恶劣的天气阻碍了我们的进展。"
approach,"接近；","As we approached the house, we could hear music.","我们走近房子时，能听到音乐。"
usher,"引领， 引导, 领座员，招待员","An usher showed us to our seats.","一位引座员把我们带到座位上。"
decisive,"决定性的； 果断的","This is a decisive moment in our history.","这是我们历史上的一个决定性时刻。"
pollinate,"给…授粉","Bees pollinate flowers.","蜜蜂给花授粉。"
concise,"简明的， 简练的","His explanation was concise and to the point.","他的解释简明扼要。"
thesis,"论文； 论题， 论点","I'm writing my thesis on the history of jazz.","我正在写关于爵士乐历史的论文。"
bump,"碰撞, 肿块；撞击；碰撞声","I bumped my head on the low ceiling.","我的头撞到了低矮的天花板上。"
precursor,"先驱； 先兆， 前兆； 前身","The transistor was a precursor to the modern computer.","晶体管是现代计算机的前身。"
revive,"恢复； 苏醒； 重新利用","The doctors tried to revive him.","医生试图让他苏醒过来。"
fumigate,"烟熏， 香薰","They fumigated the house to get rid of the pests.","他们用烟熏法来消灭房子里的害虫。"
arid,"干旱的； 贫瘠的； 无趣的","The desert is an arid region.","沙漠是一个干旱的地区。"
fiber,"纤维素； 纤维制品； 纤维","You should eat more fiber to stay healthy.","你应该多吃纤维以保持健康。"
proceed,"进行下去， 继续做； 发生； 继续下去； 行进， 前往","Please proceed with your work.","请继续你的工作。"
musical,"音乐的；悦耳的；有音乐天赋的，爱好音乐的, 音乐剧","'The Sound of Music' is a famous musical.","《音乐之声》是一部著名的音乐剧。"
aria,"独唱曲， 咏叹调","She sang a beautiful aria from an opera.","她唱了一首优美的歌剧咏叹调。"
bulb,"鳞茎； 鳞茎状物； 灯泡","I need to change the light bulb.","我需要换个灯泡。"
dismiss,"不再考虑， 不接受； 消除， 摒除； 免职， 解雇； 解散， 遣散； 驳回， 不受理","The case was dismissed for lack of evidence.","由于证据不足，此案被驳回。"
abysmal,"深不可测的； 极坏的， 糟透的","The team's performance was abysmal.","球队的表现糟透了。"
verbiage,"冗词， 赘言， 废话","His speech was full of verbiage.","他的演讲充满了废话。"
underlying,"潜在的； 基础的","The underlying cause of the problem is a lack of funding.","问题的根本原因是缺乏资金。"
intelligence,"智力， 智慧； 情报","She is a woman of great intelligence.","她是一位非常聪明的女人。"
utilitarian,"实用的；功利主义的, 功利主义者","The design of the building is very utilitarian.","这座建筑的设计非常实用。"
even,"甚至，连；甚至可以说, 平滑的，平坦的；平稳的，均匀的；均衡的；平均的；偶数的, 平坦； 相等","Even a child can understand this.","连孩子都能明白这个。"
ambience,"周围环境， 气氛","The restaurant has a very relaxed ambience.","这家餐厅的氛围非常轻松。"
install,"安置， 安装","We need to install a new air conditioner.","我们需要安装一台新空调。"
analyze,"分析， 研究","We need to analyze the data carefully.","我们需要仔细分析数据。"
cuneiform,"〔古代美索不达米亚人使用的〕楔形文字的","Cuneiform is one of the earliest systems of writing.","楔形文字是最早的书写系统之一。"
bulk,"容积， 体积； 主体， 大部分","The bulk of the work has already been done.","大部分工作已经完成了。"
vacancy,"空房间； 空位， 空缺； 空虚","There are no vacancies at the hotel.","旅馆没有空房间了。"
champion,"冠军；拥护者, 声援","He is the world champion in chess.","他是国际象棋世界冠军。"
ceramic,"陶器的， 瓷器的","The vase is made of ceramic.","这个花瓶是陶瓷的。"
plumage,"鸟类羽毛","The peacock has a beautiful plumage.","孔雀有漂亮的羽毛。"
circuit,"电路； 线路； 巡回； 环行； 环行路线","The electrician is checking the circuit.","电工正在检查电路。"
piracy,"海盗行为； 抢劫行为； 剽窃行为","Software piracy is a serious problem.","软件盗版是一个严重的问题。"
locomotion,"移动； 运动","The study of locomotion is the study of how animals move.","运动学是研究动物如何移动的学科。"
magnificent,"极好的； 宏伟的， 华丽的； 崇高的， 高尚的","The view from the top of the mountain is magnificent.","从山顶看风景很壮丽。"
irregular,"不规则的， 无规律的； 不整齐的； 不合常规的","The pattern is irregular.","这个图案是不规则的。"
restrict,"限制， 约束","The new law will restrict the sale of alcohol.","新法律将限制酒精的销售。"
mason,"石匠， 泥瓦匠","The mason built a beautiful stone wall.","石匠砌了一堵漂亮的石墙。"
recharge,"充电； 休整； 再装弹药","I need to recharge my phone.","我需要给手机充电。"
legislate,"制定法律； 通过立法","The government has the power to legislate.","政府有权立法。"
imperative,"迫切的，重要紧急的；必要的；命令的；","It is imperative that we act now.","我们必须立即采取行动。"
documentary,"文件的，文献的；记录的，纪实的, 纪录片","I watched a documentary about the history of the world.","我看了一部关于世界历史的纪录片。"
hitherto,"迄今， 至今","Hitherto, he had been a law-abiding citizen.","到目前为止，他一直是个守法的公民。"
consequence,"结果； 影响； 推理； 重要， 重大","The consequences of his actions were disastrous.","他行为的后果是灾难性的。"
linear,"线的， 直线的； 线性的； 长度的","The relationship between the two variables is linear.","这两个变量之间的关系是线性的。"
robust,"健壮的， 强壮的","He is a robust and healthy man.","他是个健壮健康的人。"
raven,"乌黑光亮的, 渡鸦","The raven is a large black bird.","渡鸦是一种大型黑鸟。"
dominant,"统治的， 支配的， 占优势的； 有统治权的","He is the dominant figure in the company.","他是公司的主要人物。"
heading,"标题； 主题","What is the heading of this chapter?","这一章的标题是什么？"
denounce,"谴责， 公开指责， 抨击； 告发","He denounced the government's policies.","他谴责政府的政策。"
swampy,"沼泽的， 湿地的； 松软的","The land is swampy and not suitable for building.","这片土地是沼泽地，不适合建房。"
verge,"接近，濒临, 草地","He was on the verge of tears.","他快要哭了。"
framework,"框架， 构架； 原则， 准则； 机制， 结构","We need to establish a framework for our project.","我们需要为我们的项目建立一个框架。"
milieu,"出身背景； 社会环境","He grew up in a cultured milieu.","他在一个有教养的环境中长大。"
microorganism,"微生物","Bacteria are a type of microorganism.","细菌是一种微生物。"
entity,"实体， 独立存在物","The company is a separate legal entity.","这家公司是一个独立的法律实体。"
chronicle,"把…载入编年史, 编年史， 年代记","The book chronicles the history of the town.","这本书记载了这个小镇的历史。"
tide,"涨落, 潮， 潮汐； 潮流， 趋势","The tide is coming in.","涨潮了。"
prohibit,"禁止， 阻止","Smoking is prohibited in this area.","这个区域禁止吸烟。"
frugal,"节约的， 节俭的； 少量的","He is a very frugal man.","他是个很节俭的人。"
franchise,"特权，特许；特许经销权；选举权, 赋予特权； 赋予选举权","She bought a franchise for a fast-food restaurant.","她买了一家快餐店的特许经营权。"
replica,"复制品","This is a replica of the original painting.","这是原画的复制品。"
bacteria,"细菌","Bacteria can cause disease.","细菌会引起疾病。"
laureate,"享有殊荣的, 桂冠诗人；荣誉获得者","He was awarded the Nobel Prize laureate in literature.","他被授予诺贝尔文学奖。"
reign,"统治，支配；","Queen Victoria reigned for over 60 years.","维多利亚女王统治了60多年。"
infirm,"虚弱的； 不坚定的","He is old and infirm.","他又老又虚弱。"
tempo,"速度， 节奏； 行进速度","The music has a fast tempo.","这首音乐节奏很快。"
manner,"方式，风格；","I don't like his manner of speaking.","我不喜欢他说话的方式。"
associate,"结交； 关联, 副的；合伙的, 伙伴","He is an associate professor at the university.","他是大学的副教授。"
scrupulous,"多顾虑的， 谨慎的； 一丝不苟的， 严谨的； 审慎正直的， 恪守道德规范的","He is a very scrupulous man.","他是个非常谨慎的人。"
gleam,"闪光， 闪烁； 流露出, 微光；一丝，一线；表露","The sun gleamed on the water.","阳光在水面上闪闪发光。"
glean,"点滴搜集， 四处收集","She gleaned information from various sources.","她从各种渠道收集信息。"
detract,"减损； 贬低， 诋毁","His bad temper detracts from his good qualities.","他的坏脾气减损了他的优点。"
pin,"钉住；固定, 大头针； 钢钉； 胸针； 徽章","She used a pin to fasten the two pieces of cloth together.","她用别针把两块布别在一起。"
pit,"使有坑，使…表面有斑点, 大坑， 深坑； 矿井； 陷阱","The miners were working in a deep pit.","矿工们在一个深坑里工作。"
motif,"主题， 主旨； 图形","The recurring motif in the novel is the theme of love and loss.","小说中反复出现的主题是爱与失落。"
stock,"储备，储存, 库存，现货；备用物；股份，股票；世系，血统；家畜，","We have a large stock of this product.","我们有大量这种产品的存货。"
suspend,"吊， 悬挂； 暂缓， 暂停， 中止","The lamp was suspended from the ceiling.","灯吊在天花板上。"
swap,"交换，掉换, 交换， 掉换； 交换物， 被调换者","I'll swap you my apple for your orange.","我用我的苹果换你的橘子。"
ritual,"仪式的； 习惯的， 例行的, 典礼，仪式；例行公事，老规矩","The wedding ceremony was a beautiful ritual.","婚礼仪式是一个美丽的仪式。"
surge,"涌动；蜂拥而出；飞涨，","There was a surge of excitement in the crowd.","人群中掀起了一阵兴奋的浪潮。"
basin,"盆， 脸盆； 盆地； 流域","The Amazon basin is the largest river basin in the world.","亚马逊盆地是世界上最大的河流流域。"
resolute,"坚决的， 果断的","She is a resolute woman.","她是个果断的女人。"
tutor,"辅导, 导师；家庭教师","He has a tutor to help him with his math.","他请了一位家教来帮助他学数学。"
senator,"参议员","He is a United States senator.","他是美国参议员。"
reconcile,"使协调； 使和解； 使顺从","It's difficult to reconcile these two opposing viewpoints.","很难调和这两个对立的观点。"
quantify,"以数量表示， 量化","It's difficult to quantify the damage.","很难量化损失。"
annul,"宣布无效， 取消， 废除","The marriage was annulled.","婚姻被宣布无效。"
tempt,"引诱， 诱惑； 吸引","Don't be tempted by the offer.","不要被这个提议所诱惑。"
ethic,"伦理；道德体系","The company has a strong work ethic.","这家公司有很强的职业道德。"
basic,"基本的， 基础的； 初步的， 初级的","This is a basic course in computer programming.","这是一门计算机编程的基础课程。"
twist,"缠绕，扭曲；曲解，歪曲, 转折， 突然变化； 卷曲物","He twisted his ankle while playing football.","他在踢足球时扭伤了脚踝。"
absolve,"赦免； 免除； 宽恕","The priest absolved him of his sins.","牧师赦免了他的罪过。"
seclusion,"独处， 隐居； 隔离； 与世隔绝， 归隐","He lives in seclusion in the countryside.","他隐居在乡下。"
boulder,"巨石， 巨砾","A large boulder was blocking the road.","一块巨石堵住了路。"
locate,"使坐落于； 找出， 定位","I can't locate my keys.","我找不到我的钥匙。"
Mesolithic,"中石器时代的, 中石器时代","The Mesolithic period was a transitional period between the Paleolithic and Neolithic periods.","中石器时代是旧石器时代和新石器时代之间的过渡时期。"
bush,"灌木； 荒野","We went for a walk in the bush.","我们到灌木丛中散步。"
muse,"沉思， 冥想, 灵感","He was musing on the meaning of life.","他正在思考人生的意义。"
combat,"战斗， 格斗","The two armies were engaged in combat.","两军交战。"
despise,"鄙视， 看不起","I despise him for his cruelty.","我鄙视他的残忍。"
dioxide,"二氧化物","Carbon dioxide is a greenhouse gas.","二氧化碳是一种温室气体。"
grievous,"令人忧伤的； 极严重的","He made a grievous error.","他犯了一个严重的错误。"
oblong,"矩形的，长方形的；椭圆形的, 矩形， 长方形； 椭圆形","The table is oblong in shape.","这张桌子是长方形的。"
unity,"团结一致， 统一， 联合； 协调； 统一体","We must work together in unity.","我们必须团结一致地工作。"
genetics,"遗传学","He is a professor of genetics.","他是遗传学教授。"
pursue,"继续； 从事于； 追击， 追踪； 追求","He is pursuing a career in acting.","他正在追求演艺事业。"
vulgar,"下流的， 粗俗的； 普通的， 通俗的","He used vulgar language.","他使用了粗俗的语言。"
catastrophe,"灾难， 灾祸； 困难","The earthquake was a major catastrophe.","地震是一场大灾难。"
convey,"运送， 运输； 传达， 表达","Please convey my best wishes to your family.","请向你的家人转达我最美好的祝愿。"
convex,"凸出的","A convex lens is thicker in the middle than at the edges.","凸透镜中间比边缘厚。"
redeem,"赎回； 偿清， 付清； 兑换； 弥补， 补偿； 履行， 遵守","He redeemed his watch from the pawnshop.","他从当铺赎回了他的手表。"
skull,"颅骨， 头骨； 脑袋； 头脑","The doctor showed me an X-ray of my skull.","医生给我看了我的头骨X光片。"
rationality,"理性； 合理性","We must approach this problem with rationality.","我们必须理性地处理这个问题。"
monogamy,"一夫一妻制","Monogamy is the practice of having only one spouse at a time.","一夫一妻制是指一次只拥有一个配偶的做法。"
contaminate,"污染","The water supply has been contaminated with chemicals.","供水系统已被化学物质污染。"
allude,"暗指， 影射， 间接提到","He alluded to his financial problems.","他暗示了他的经济问题。"
torpor,"迟钝； 死气沉沉","He fell into a state of torpor.","他陷入了麻木状态。"
chagrin,"懊恼， 失望","To his chagrin, he was not invited to the party.","令他懊恼的是，他没有被邀请参加聚会。"
predator,"捕食性动物， 食肉动物； 掠夺者， 剥削者","The lion is a predator.","狮子是食肉动物。"
chief,"主要的；总的；首席的, 首领； 酋长， 族长","He is the chief executive officer of the company.","他是公司的首席执行官。"
accord,"与…一致， 符合, 协议，条约","His actions do not accord with his words.","他的言行不一。"
forfeit,"被没收，丧失, 罚款； 没收物","He forfeited his right to a trial.","他放弃了受审的权利。"
foremost,"最先的； 最著名的， 最重要的","He is one of the foremost experts in his field.","他是他所在领域最重要的专家之一。"
automatic,"自动的；无意识的；必然的，自然的, 自动手枪； 自动换挡汽车","The doors are automatic.","门是自动的。"
disintegrate,"瓦解； 碎裂","The old building is starting to disintegrate.","这座旧楼开始坍塌了。"
consecutive,"连续不断的， 连贯的","He won the championship for three consecutive years.","他连续三年获得冠军。"
assimilation,"同化； 吸收","The assimilation of immigrants into a new culture can be a difficult process.","移民融入新文化可能是一个艰难的过程。"
quotient,"商； 份额","The quotient of 10 divided by 2 is 5.","10除以2的商是5。"
groan,"呻吟；叹息；发出呻吟般的声音, 呻吟； 抱怨； 呻吟声， 叹息声","He groaned in pain.","他痛苦地呻吟着。"
merchandise,"商品，货物, 买卖， 经营","The store sells a wide variety of merchandise.","这家商店出售各种各样的商品。"
pebble,"小圆石， 鹅卵石","She collected pebbles on the beach.","她在海滩上捡鹅卵石。"
conduct,"引导； 传导； 进行； 管理， 指挥； 表现, 行为； 管理， 实施","He conducted the orchestra with great skill.","他非常熟练地指挥着管弦乐队。"
livelihood,"生计， 谋生手段","He earns a livelihood as a fisherman.","他以打鱼为生。"
reunion,"团圆， 重聚","We had a family reunion last summer.","我们去年夏天举行了一次家庭团聚。"
fantastic,"荒诞的， 奇异的； 极好的； 极大的","The movie was fantastic.","这部电影太棒了。"
semiotics,"符号学","Semiotics is the study of signs and symbols.","符号学是研究符号和象征的学科。"
indecipherable,"无法破译的； 难以领悟的","His handwriting is indecipherable.","他的笔迹难以辨认。"
immigrate,"移居入境","He immigrated to the United States from Ireland.","他从爱尔兰移民到美国。"
apparatus,"器械， 器具， 设备， 装置； 机构， 组织； 器官","The laboratory is equipped with the latest apparatus.","实验室配备了最新的仪器。"
decay,"腐烂， 腐朽； 衰退， 衰落","The old house is in a state of decay.","这座老房子已经破败不堪了。"
incidental,"偶然的； 附带发生的， 伴随而来的","The cost of the trip includes incidental expenses.","旅行费用包括杂费。"
induct,"使正式就任； 使了解， 传授； 使入伍","He was inducted into the army.","他应征入伍了。"
fracture,"断裂， 折断； 分裂, 骨折；断裂；破裂","He suffered a fracture of his leg.","他腿部骨折。"
lessen,"变小， 变少， 减轻","The pain will lessen over time.","疼痛会随着时间的推移而减轻。"
championship,"锦标赛，冠军赛","He won the national championship.","他赢得了全国冠军。"
recycle,"回收利用， 再应用","We should recycle our waste.","我们应该回收我们的废物。"
marsh,"沼泽， 湿地","The marsh is home to many different kinds of birds.","沼泽是许多不同种类的鸟类的家园。"
sapphire,"天蓝色， 蔚蓝色的, 蓝宝石，青石；蔚蓝色","She was wearing a beautiful sapphire ring.","她戴着一枚漂亮的蓝宝石戒指。"
drift,"漂流，漂移；漂泊，游荡, 漂流； 漂泊； 大意， 主旨； 倾向， 趋势","The boat drifted out to sea.","船漂向了大海。"
anthropology,"人类学","Anthropology is the study of human societies and cultures.","人类学是研究人类社会和文化的学科。"
chaos,"混乱","The country was in a state of chaos.","国家处于混乱状态。"
abundant,"大量的， 充足的， 丰富的","There is an abundant supply of food.","食物供应充足。"
absorption,"吸收； 全神贯注， 专心致志","The absorption of nutrients is essential for good health.","营养的吸收对身体健康至关重要。"
pigment,"颜料； 色素","Chlorophyll is the green pigment in plants.","叶绿素是植物中的绿色色素。"
forecast,"预报； 预测， 预料","The weather forecast is for rain tomorrow.","天气预报说明天有雨。"
deteriorate,"变坏， 恶化； 变质","His health has deteriorated rapidly.","他的健康状况迅速恶化。"
recognize,"认出， 识别； 认可","I didn't recognize you with your new haircut.","你剪了新发型，我都没认出来。"
warehouse,"仓库， 货栈","The goods are stored in a warehouse.","货物储存在仓库里。"
bisect,"把…二等分， 对半分","The road bisects the town.","这条路把小镇一分为二。"
induce,"引起， 导致； 诱使， 劝诱； 感应","The drug can induce sleep.","这种药可以催眠。"
abnormal,"反常的， 变态的","His behavior is abnormal.","他的行为不正常。"
wane,"衰退，减弱；减少；亏，缺, 月亏； 衰落","His popularity is on the wane.","他的人气正在下降。"
shrewd,"敏捷的， 机灵的； 精明的","He is a shrewd businessman.","他是个精明的商人。"
baffle,"使困惑， 难住","I was baffled by his strange behavior.","他奇怪的行为让我很困惑。"
molecule,"分子","A molecule is the smallest unit of a substance that has all the properties of that substance.","分子是具有该物质所有性质的最小单位。"
sewerage,"排水系统； 污水处理； 污水","The city has a modern sewerage system.","这个城市有现代化的排污系统。"
resign,"辞去， 辞职； 放弃； 顺从， 听从","He resigned from his job.","他辞职了。"
diligent,"勤奋的， 刻苦的， 勤勉的","She is a very diligent student.","她是个非常勤奋的学生。"
seasoning,"调味品， 调料","Salt and pepper are common seasonings.","盐和胡椒是常见的调味品。"
sophisticated,"老练的， 见多识广的； 精密的； 复杂的， 先进的； 高雅的， 有教养的","She is a sophisticated woman.","她是个见多识广的女人。"
anomaly,"反常， 异常； 异常的人","There is an anomaly in the data.","数据中存在异常。"
chivalrous,"有骑士精神的； 彬彬有礼的， 殷勤的","He was a chivalrous knight who always helped those in need.","他是一位总是帮助有需要的人的骑士。"
dateline,"日期栏； 国际日期变更线","The dateline is on the top of the newspaper article.","日期栏在报纸文章的顶部。"
grazing,"放牧； 牧场","The cows were grazing in the field.","牛在田里吃草。"
reside,"居住于， 定居； 存在， 在于","He resides in a small town.","他住在一个小镇上。"
ware,"陶器；器皿；","The store sells a variety of ware.","这家商店出售各种各样的商品。"
aluminum,"铝","Aluminum is a lightweight metal.","铝是一种轻金属。"
prize,"应获奖的； 优秀的， 典范性的, 珍视, 奖品；奖金；难能可贵的东西","He won first prize in the competition.","他在比赛中获得了一等奖。"
accident,"意外事件， 事故","He was injured in a car accident.","他在一次车祸中受伤了。"
marine,"海的；海生的；海上贸易的, 海军陆战队士兵","He is a marine biologist.","他是海洋生物学家。"
ravine,"沟壑， 溪谷","The river flows through a deep ravine.","河流流经一个深深的峡谷。"
incompatible,"不兼容的； 不协调的， 合不来的","Their personalities are incompatible.","他们的性格不合。"
routine,"例行的； 常规的, 例行公事；惯例，常规","I have a daily routine.","我有每天的例行公事。"
distasteful,"令人反感的， 讨厌的； 味道不佳的","I find his jokes distasteful.","我觉得他的笑话很讨厌。"
defense,"防御， 防卫","The army is responsible for the defense of the country.","军队负责保卫国家。"
tariff,"关税； 价目表， 收费表","The government has imposed a tariff on imported goods.","政府对进口商品征收关税。"
canal,"运河，沟渠, 开运河","The Suez Canal is a major shipping lane.","苏伊士运河是一条主要航道。"
enlist,"征募； 从军， 参军； 谋取","He enlisted in the army.","他参军了。"
convict,"定罪，宣告…有罪, 服刑囚犯","He was convicted of murder.","他被判犯有谋杀罪。"
validate,"使有效， 使生效； 证实","You need to validate your ticket before you get on the train.","上火车前你需要验票。"
dynamical,"动态的； 动力的； 充满活力的","The dynamical system is very complex.","这个动力系统非常复杂。"
surplus,"过剩的， 多余的, 过剩，剩余；盈余，顺差","The company has a surplus of cash.","公司有现金盈余。"
grading,"评分； 等级","The grading system is very fair.","评分制度非常公平。"
decadent,"堕落的， 颓废的","He leads a decadent lifestyle.","他过着颓废的生活。"
gradient,"坡度； 倾斜度， 斜率； 梯度","The road has a steep gradient.","这条路坡度很陡。"
inhibit,"阻碍， 抑制","This drug will inhibit the growth of the tumor.","这种药会抑制肿瘤的生长。"
weathering,"侵蚀， 风化","The rocks have been weathered by the wind and rain.","岩石被风雨侵蚀了。"
intimate,"亲密的，密切的；详尽的，精通的；个人隐私的, 暗示， 透露, 至交， 密友","They are intimate friends.","他们是密友。"
disclose,"泄露， 透露； 揭发","He refused to disclose the source of his information.","他拒绝透露他的信息来源。"
religion,"宗教； 宗教信仰； 宗派， 教派","Christianity is a major world religion.","基督教是世界主要宗教之一。"
diagram,"图表； 图解","He drew a diagram to explain his idea.","他画了一张图来解释他的想法。"
disparate,"迥然不同的","The two cultures are disparate.","这两种文化截然不同。"
defiant,"反叛的， 挑衅的， 公然违抗的","He was defiant in the face of his accusers.","面对指控者，他态度 defiant。"
tragedy,"惨事， 灾难； 悲剧","The story ends in tragedy.","这个故事以悲剧收场。"
oxide,"氧化物","Rust is a type of iron oxide.","铁锈是氧化铁的一种。"
startling,"惊人的， 令人吃惊的","The news was startling.","这个消息令人吃惊。"
bison,"美洲野牛","Bison are large, shaggy-haired animals that are native to North America.","野牛是北美洲特有的大型毛茸茸的动物。"
chart,"用图说明；制图；记录，跟踪；计划, 图表； 航海图","The chart shows the company's sales figures for the last year.","这张图表显示了公司去年的销售数据。"
evoke,"唤起， 引起， 激起","The song evokes happy memories.","这首歌唤起了美好的回忆。"
attend,"出席， 参加； 照料， 看管； 专心， 注意； 陪同","I will attend the meeting.","我会参加会议。"
shovel,"铲；把…大量投入, 铲， 铁铲； 挖掘机","He used a shovel to clear the snow from the driveway.","他用铲子清理车道上的雪。"
embryo,"胚， 胚胎； 雏形","The embryo develops into a fetus.","胚胎发育成胎儿。"
accounting,"会计学； 会计","He is studying accounting at university.","他在大学学习会计学。"
align,"结盟； 排整齐； 校准； 使一致","Please align the chairs in a row.","请把椅子排成一排。"
secure,"安全的，有保障的；可靠的；确定的；","The house is secure.","这所房子很安全。"
intoxication,"醉， 醉酒； 极度兴奋","He was arrested for public intoxication.","他因在公共场合醉酒而被捕。"
wasp,"黄蜂","A wasp stung me on the arm.","一只黄蜂蜇了我的胳膊。"
canopy,"天篷； 罩盖， 遮篷； 天蓬似的树阴","We sat under a canopy of trees.","我们坐在树荫下。"
neutron,"中子","A neutron is a subatomic particle with no net electric charge.","中子是没有净电荷的亚原子粒子。"
locomotive,"运动的； 移动的, 机车，火车头","The train was pulled by a steam locomotive.","这列火车是由蒸汽机车牵引的。"
tile,"铺瓦；铺地砖, 瓦片； 地砖","The roof is covered with tiles.","屋顶上铺着瓦片。"
immense,"巨大的， 极大的","He has an immense amount of knowledge.","他知识渊博。"
avenue,"途径， 手段； 大街","We walked down the avenue.","我们沿着大街走。"
vacate,"腾出， 空出； 离， 退","You must vacate the room by 11:00.","你必须在11点前腾出房间。"
inherent,"固有的； 内在的","There is an inherent risk in all forms of travel.","所有形式的旅行都存在固有的风险。"
brush,"刷，拂；轻碰, 画笔； 刷子； 轻碰； 小冲突","She brushed her hair.","她梳了梳头。"
advantageous,"有利的","It is advantageous to have a good education.","受过良好教育是有利的。"
given,"规定的，特定的；假定的, 考虑到， 鉴于","Given the circumstances, I think you made the right decision.","考虑到当时的情况，我认为你做出了正确的决定。"
hay,"干草","The farmer was baling hay in the field.","农夫在田里打捆干草。"
encroach,"侵占； 侵蚀， 蚕食","The new buildings are encroaching on the park.","新建筑正在侵占公园。"
pronounced,"显著的； 明确的","He has a pronounced limp.","他跛得很厉害。"
perish,"灭亡； 湮灭， 毁灭； 老化","Many people perished in the fire.","许多人在火灾中丧生。"
definite,"清楚的， 确切的； 肯定的","I need a definite answer by tomorrow.","我明天需要一个明确的答复。"
stipulate,"规定， 明确要求； 约定","The contract stipulates that the work must be finished by a certain date.","合同规定，这项工作必须在某个日期前完成。"
wary,"小心翼翼的， 留神的， 警惕的","Be wary of strangers.","要提防陌生人。"
adapt,"适合； 适应； 调整； 改编， 改写","He has adapted to his new life.","他已经适应了他的新生活。"
batch,"分批处理, 一批，一组，一群；一批生产的量","We processed the orders in batches.","我们分批处理订单。"
stagecoach,"公共马车， 驿站马车","The stagecoach was a common form of transportation in the 19th century.","在19世纪，公共马车是一种常见的交通工具。"
insufficient,"不足的， 不够的","There is insufficient evidence to convict him.","证据不足，无法给他定罪。"
intrinsic,"固有的， 本质的， 内在的","The intrinsic value of the diamond is very high.","这颗钻石的内在价值很高。"
guilty,"有罪的， 犯罪的； 内疚的","He was found guilty of murder.","他被判犯有谋杀罪。"
measure,"量，测量, 措施，办法","We need to take measures to protect the environment.","我们需要采取措施保护环境。"
vestige,"遗迹， 残余； 丝毫， 一点儿","There is not a vestige of truth in his story.","他的故事里没有一丝真实性。"
interstellar,"星际的","Interstellar travel is still a dream.","星际旅行仍然是一个梦想。"
luminous,"发光的， 明亮的","The moon was luminous in the night sky.","月亮在夜空中闪闪发光。"
lash,"将系牢，捆绑；猛烈打击；鞭打；猛烈抨击，严厉斥责, 鞭打； 睫毛","He lashed the horse with a whip.","他用鞭子抽打马。"
maritime,"海的， 海事的； 航海的","The country has a long maritime history.","这个国家有悠久的航海历史。"
rattle,"发出咔嗒声；使紧张，使恐惧, 咔嗒声； 拨浪鼓","The windows rattled in the wind.","窗户在风中嘎嘎作响。"
warp,"扭曲，弯曲，变形；","The wood had warped in the heat.","木头在高温下变形了。"
basement,"地下室， 地窖； 建筑物的底部","The washing machine is in the basement.","洗衣机在地下室。"
injurious,"侮辱的， 诽谤的； 造成伤害的， 有害的","Smoking is injurious to your health.","吸烟有害健康。"
chant,"唱圣歌； 反复呼喊, 圣歌；单调的吟唱；反复呼喊的话语","The monks were chanting their morning prayers.","僧侣们正在唱晨祷。"
commune,"与…亲密地交谈, 群体， 公社","He went to live in a commune in the countryside.","他到乡下的一个公社去住了。"
babble,"胡言乱语； 含糊不清地说； 喋喋不休","The baby was babbling happily.","婴儿高兴地呀呀学语。"
focalize,"调节焦距； 使聚焦； 使集中","We need to focalize our efforts on the most important tasks.","我们需要把精力集中在最重要的任务上。"
ceremonial,"礼仪的，礼节的, 礼仪， 礼节","The wedding was a very ceremonial occasion.","婚礼是一个非常隆重的场合。"
toady,"谄媚，奉承, 谄媚者， 马屁精","He's a toady who always agrees with his boss.","他是个马屁精，总是同意他老板的意见。"
squabble,"发生口角，","They were squabbling over a trivial matter.","他们为一件小事争吵。"
rustic,"乡村的； 淳朴的； 用粗糙木材制作的","The house has a rustic charm.","这所房子有乡村的魅力。"
lava,"岩浆， 熔岩","Lava flowed from the volcano.","岩浆从火山流出。"
minimal,"最小的； 最低限度的","The risk is minimal.","风险极小。"
ecology,"生态； 生态学； 生态环境","We need to protect the ecology of the planet.","我们需要保护地球的生态。"
venomous,"有毒的， 分泌毒液的； 恶意的， 狠毒的","The snake is venomous.","这条蛇有毒。"
courageous,"勇敢的， 有胆量的","She is a courageous woman.","她是个勇敢的女人。"
prudent,"谨慎的； 深谋远虑的","It is prudent to save money for the future.","为将来存钱是明智的。"
secrete,"分泌； 藏匿， 躲藏","The gland secretes a hormone.","这个腺体分泌一种激素。"
steady,"牢固的；稳定的；沉稳的，","The table is steady.","这张桌子很稳。"
enclose,"围住； 把…装入","Please enclose a stamped, self-addressed envelope.","请附上一个贴好邮票、写好地址的回信信封。"
overview,"梗概， 概述","This is a brief overview of the project.","这是这个项目的简要概述。"
disease,"疾病； 弊端， 恶疾","He is suffering from a rare disease.","他患有一种罕见的疾病。"
notwithstanding,"虽然， 尽管如此","Notwithstanding the bad weather, the game went on.","尽管天气不好，比赛还是继续进行。"
volatile,"挥发性的， 易挥发的； 不稳定的； 反复无常的","The situation is very volatile.","局势非常不稳定。"
ideomotor,"观念运动的","The ideomotor effect is a psychological phenomenon where a subject makes motions unconsciously.","观念运动效应是一种心理现象，即主体无意识地做出动作。"
generic,"种类的， 属的； 一般的， 普通的","This is a generic drug.","这是一种仿制药。"
endorse,"签名； 宣传， 代言； 签署； 赞同， 支持","I endorse this product.","我为这个产品代言。"
alike,"一样地，相似地；同样程度地, 相同的， 相似的","The two brothers look very alike.","这两兄弟长得很像。"
genius,"天才； 天赋","He is a mathematical genius.","他是个数学天才。"
infrastructure,"基础设施， 基础结构","The country needs to invest in its infrastructure.","这个国家需要投资基础设施。"
typical,"典型的， 有代表性的","This is a typical example of his work.","这是他作品的一个典型例子。"
embargo,"禁止贸易令；","The government has imposed an embargo on all trade with the country.","政府对该国的所有贸易实行了禁运。"
wither,"枯萎， 凋谢； 衰退； 萎缩； 破灭","The flowers withered and died.","花儿枯萎凋谢了。"
quotation,"引文， 引语， 语录； 报价","Can you give me a quotation for the work?","你能给我报个价吗？"
nocturnal,"夜行性的； 夜间发生的","Owls are nocturnal birds.","猫头鹰是夜行性鸟类。"
corrosion,"腐蚀， 侵蚀","The corrosion of the metal was caused by the acid rain.","金属的腐蚀是由酸雨造成的。"
notorious,"臭名昭著的， 声名狼藉的","He is a notorious criminal.","他是个臭名昭著的罪犯。"
illustrative,"作为例证的； 用做说明的； 解释性的","The book is full of illustrative examples.","这本书充满了说明性的例子。"
hydrogen,"氢","Hydrogen is the most abundant chemical element in the universe.","氢是宇宙中最丰富的化学元素。"
superimpose,"使重叠， 使叠加； 添加","The artist superimposed one image on top of another.","艺术家把一张图片叠加在另一张上面。"
infant,"婴儿的； 初期的, 婴儿，幼儿","The infant was sleeping peacefully.","婴儿安详地睡着。"
artifact,"人工制品， 手工艺品","The museum has a large collection of ancient artifacts.","博物馆收藏了大量古代文物。"
carbon,"碳","Carbon is a chemical element with the symbol C and atomic number 6.","碳是一种化学元素，符号为C，原子序数为6。"
dinosaur,"恐龙","Dinosaurs are a group of extinct reptiles.","恐龙是一群已灭绝的爬行动物。"
turnpike,"收费公路","We had to pay a toll on the turnpike.","我们在收费公路上得付通行费。"
deprive,"使失去， 剥夺","He was deprived of his freedom.","他被剥夺了自由。"
tantalizing,"诱人的","The smell of the food was tantalizing.","食物的香味很诱人。"
swoop,"猛扑； 突然袭击, 突然行动","The eagle swooped down on its prey.","老鹰猛扑向它的猎物。"
floral,"花的， 像花的； 饰以花的， 绘有花的","The dress has a floral pattern.","这件连衣裙是花卉图案的。"
pest,"害虫； 令人讨厌的人","Aphids are a common pest in gardens.","蚜虫是花园里常见的害虫。"
swoon,"昏厥， 昏倒； 痴迷","She swooned at the sight of blood.","她一看到血就晕了过去。"
magnesium,"镁","Magnesium is a chemical element with the symbol Mg and atomic number 12.","镁是一种化学元素，符号为Mg，原子序数为12。"
infancy,"幼年； 初期","The project is still in its infancy.","这个项目还处于起步阶段。"
heritage,"遗产； 传统","We must preserve our cultural heritage.","我们必须保护我们的文化遗产。"
supreme,"至高无上的","The Supreme Court is the highest court in the land.","最高法院是该国最高法院。"
philosophy,"哲学； 哲学体系， 思想体系； 人生观， 人生哲学","He has a very positive philosophy of life.","他有非常积极的人生哲学。"
slope,"倾斜, 斜坡，斜面；斜度","The ski slope is very steep.","滑雪坡很陡。"
outrageously,"令人不能容忍地； 肆无忌惮地","The prices are outrageously high.","价格高得离谱。"
lapse,"期满终止， 失效； 衰退； 背弃, 失误；失足","There was a lapse in security.","安保出现了疏忽。"
regenerate,"复兴， 振兴； 再生","The lizard can regenerate its tail.","蜥蜴可以再生尾巴。"
latent,"潜在的， 隐伏的； 潜伏的； 休眠的","He has a latent talent for music.","他有潜在的音乐天赋。"
forestall,"预防， 预先阻止； 先发制人","He forestalled any objections by explaining his plan in detail.","他详细解释了他的计划，从而预先阻止了任何反对意见。"
terrific,"极好的； 非常的， 极度的； 可怕的","That's a terrific idea!","那真是个好主意！"
stanza,"节， 段","The poem has four stanzas.","这首诗有四节。"
niche,"生态位； 壁龛","He found his niche in the company.","他在公司里找到了自己的位置。"
worship,"祭拜； 崇拜， 崇敬","They worship their ancestors.","他们崇拜祖先。"
lawn,"草地， 草坪； 操场","He was mowing the lawn.","他在修剪草坪。"
infection,"传染， 感染； 传染病","He has a bacterial infection.","他有细菌感染。"
ponderous,"笨重的； 笨拙的； 沉闷的","The book is a ponderous tome.","这本书是一本厚重的大部头。"
stubborn,"顽固的， 倔强的； 难对付的","He is as stubborn as a mule.","他像骡子一样固执。"
imprecise,"不精确的； 不严密的","The instructions were imprecise.","说明书不精确。"
formulate,"阐明， 确切表达； 规划， 构想； 制定","He formulated a new theory.","他提出了一种新理论。"
glorify,"吹捧， 美化； 赞美， 赞扬","The movie glorifies violence.","这部电影美化暴力。"
emigrate,"移民， 移居国外","He emigrated from his home country to find a better life.","他从祖国移民出去寻找更好的生活。"
sinuous,"蜿蜒的； 迂回的","The river follows a sinuous course.","这条河蜿蜒曲折。"
triangle,"三角形； 三角形物体","A triangle has three sides and three angles.","三角形有三条边和三个角。"
alien,"外星人；组织之外的人；外国人，","The movie is about an alien from another planet.","这部电影是关于一个来自另一个星球的外星人。"
layer,"层， 层次","The cake has three layers.","蛋糕有三层。"
linguistic,"语言的， 语言学的","He is a linguistic expert.","他是语言学专家。"
sanitation,"卫生； 卫生设施， 卫生设备","Good sanitation is essential for public health.","良好的卫生对公共健康至关重要。"
elite,"卓越的，精锐的, 精英","The elite athletes competed in the Olympics.","精英运动员参加了奥运会。"
ornament,"装饰, 装饰， 点缀","The Christmas tree was decorated with ornaments.","圣诞树上装饰着各种装饰品。"
chubby,"丰满的， 圆胖的","The baby has chubby cheeks.","婴儿有胖乎乎的脸颊。"
ivory,"象牙； 象牙制品； 象牙色， 乳白色","The piano keys are made of ivory.","钢琴键是用象牙制成的。"
anomalous,"异常的； 不规则的","The results of the experiment were anomalous.","实验结果异常。"
deficient,"不足的， 缺乏的； 有缺陷的， 不完善的","The diet is deficient in vitamins.","这种饮食缺乏维生素。"
henceforth,"从此以后","Henceforth, all employees must wear a uniform.","从今以后，所有员工都必须穿制服。"
preponderance,"优势","There is a preponderance of evidence against him.","有压倒性的证据对他不利。"
barrel,"桶","The wine is aged in oak barrels.","这种酒在橡木桶中陈酿。"
chain,"链；, 用链条拴住； 联号， 连锁店","The prisoner was in chains.","囚犯被锁链锁着。"
efficient,"有效的， 有效率的； 有能力的， 能胜任的","She is a very efficient worker.","她是个非常有效率的工人。"
unify,"统一， 联合","The two countries decided to unify.","两国决定统一。"
consistent,"一致的； 稳定的； 调和的； 始终如一的","His story is not consistent with the facts.","他的故事与事实不符。"
reverse,"反转；彻底转变，颠倒；撤销，废除；交换；, 相反的","She reversed the car into the garage.","她把车倒进车库。"
ravage,"毁坏； 抢劫， 掠夺","The storm ravaged the coastline.","暴风雨摧毁了海岸线。"
barren,"贫瘠的， 荒芜的； 不结果实的， 不育的","The land is barren and dry.","这片土地贫瘠干旱。"
fungi,"[fungus的复数]真菌","Mushrooms are a type of fungi.","蘑菇是一种真菌。"
permanent,"持久的， 永久的； 固定不变的","This is a permanent job.","这是一份永久性的工作。"
foster,"鼓励，促进，助长；培养，抚育；领养, 代养的","They decided to foster a child.","他们决定收养一个孩子。"
receptacle,"容器； 插座","The trash can is a receptacle for garbage.","垃圾桶是装垃圾的容器。"
summarize,"概括， 总结","Can you summarize the main points of the article?","你能总结一下这篇文章的要点吗？"
facility,"设施；设备；容易；灵巧","The hotel has a number of facilities, including a swimming pool and a gym.","这家酒店有许多设施，包括一个游泳池和一个健身房。"
gregarious,"群居的； 合群的， 爱社交的","She is a very gregarious person.","她是个很会社交的人。"
beam,"面露喜色；发射，播送；照射, 束， 波束， 光线； 梁； 笑容， 喜色","A beam of sunlight shone through the window.","一缕阳光透过窗户照了进来。"
beak,"鸟嘴， 喙","The bird has a sharp beak.","这只鸟的喙很锋利。"
fiction,"小说； 虚构， 编造","I enjoy reading science fiction.","我喜欢读科幻小说。"
bead,"珠子； 小滴","She was wearing a necklace of beads.","她戴着一串珠子项链。"
replace,"替换， 取代； 归还， 把…放回原处","I need to replace the battery in my watch.","我需要更换手表里的电池。"
aviation,"航空， 航空学； 飞行","He is interested in aviation.","他对航空很感兴趣。"
appointment,"约会， 约定； 任命， 委派； 职位","I have an appointment with the doctor.","我和医生有个约会。"
synthesize,"合成； 综合","The new drug is synthesized from a plant.","这种新药是从一种植物中合成的。"
trek,"艰苦跋涉","They went on a trek through the Himalayas.","他们徒步穿越喜马拉雅山。"
squash,"压碎，挤压；挤进，塞入；制止, 软式墙网球， 壁球； 果汁汽水","He squashed the bug with his shoe.","他用鞋子踩扁了虫子。"
major,"主修， 专攻, 较大的；主要的；主修的, 专业","What is your major?","你的专业是什么？"
playwright,"剧作家","William Shakespeare is a famous playwright.","威廉·莎士比亚是一位著名的剧作家。"
interrupt,"打扰； 中断； 阻碍","Please don't interrupt me while I'm speaking.","我说话时请不要打断我。"
beat,"打拍子，指挥；敲打；打败，胜过；跳动, 疲惫的, 跳动；节拍，节奏；有规律的敲击","The drums were beating loudly.","鼓声震天响。"
feasible,"可行的， 行得通的","The plan is feasible and should be implemented.","这个计划是可行的，应该予以实施。"
prescribe,"开处方； 规定； 指示","The doctor prescribed some medicine for my cold.","医生给我开了些感冒药。"
proofread,"校对， 校正","Please proofread this document for any errors.","请校对这份文件，看看有没有错误。"
potential,"潜在的； 可能的, 潜能，潜力","She has the potential to be a great leader.","她有成为一位伟大领袖的潜力。"
lounge,"懒洋洋地站, 等候室，休息室","We waited in the lounge for our flight.","我们在休息室等飞机。"
gross,"总的，毛的；粗俗的，粗野的；令人不快的, 总收入为, 一罗；","What is your gross annual income?","你的年总收入是多少？"
resist,"抵抗； 耐， 抗","I couldn't resist the temptation to eat the cake.","我忍不住吃了蛋糕。"
archive,"档案室, 存档","The historical documents are stored in an archive.","历史文献储存在档案室里。"
disarm,"解除武装； 裁军； 消除， 消解","The police disarmed the gunman.","警察解除了持枪歹徒的武装。"
extrapolate,"外推； 推断， 推知","We can extrapolate the future trend from the current data.","我们可以从当前数据推断未来的趋势。"
stimulate,"刺激； 激励， 激发","The new policy is designed to stimulate economic growth.","新政策旨在刺激经济增长。"
reciprocity,"互惠， 互助； 互惠主义","The two countries have a relationship based on reciprocity.","两国关系建立在互惠的基础上。"
eclipse,"遮住光；使相形见绌, 日食， 月食","A solar eclipse occurs when the Moon passes between the Sun and Earth.","当月球经过太阳和地球之间时，就会发生日食。"
square,"正方形的；成直角的，方的；平方的, 正方形；广场；平方, 使成正方形； 求平方； 使打成平局","The room is square.","房间是正方形的。"
careless,"粗心的， 疏忽的； 无忧无虑的； 不关心的， 冷漠的","He is a very careless driver.","他是个非常粗心的司机。"
soak,"浸泡， 浸湿， 浸透","Soak the beans in water overnight.","把豆子在水里泡一夜。"
counteract,"消除； 抵消","This medicine will counteract the effects of the poison.","这种药可以抵消毒药的作用。"
deserted,"荒废的， 空无一人的； 被离弃的， 被遗弃的","The village was deserted.","村庄荒无人烟。"
commute,"上下班往返， 经常往返； 代偿； 减刑","I commute to work by train every day.","我每天乘火车上下班。"
sustain,"保持， 维持； 支持， 支撑； 经受， 承受","The company has sustained heavy losses this year.","公司今年遭受了严重亏损。"
anarchist,"无政府主义者","He is an anarchist who believes in the abolition of all government.","他是一个无政府主义者，相信废除所有政府。"
classify,"分类； 分等","The books are classified according to subject.","这些书是按主题分类的。"
altitude,"海拔，高度；","The plane was flying at an altitude of 30,000 feet.","飞机在3万英尺的高空飞行。"
request,"要求， 请求","I made a request for a new computer.","我申请了一台新电脑。"
colony,"群， 群体； 殖民地； 聚居地","The country was a former British colony.","这个国家曾是英国的殖民地。"
wagon,"四轮马车； 货车","The pioneers traveled west in covered wagons.","拓荒者们坐着有篷马车向西行进。"
numeric,"数字的","The data is in numeric format.","数据是数字格式的。"
debut,"首次演出； 初次亮相","She made her debut in the new play.","她在这部新剧中首次亮相。"
uphold,"支持， 维护； 维持","The court upheld the decision of the lower court.","法院维持了下级法院的判决。"
dimension,"维，元；尺寸；方面；特点；","What are the dimensions of the room?","这个房间的尺寸是多少？"
nostalgia,"思乡病， 乡愁； 怀旧之情， 恋旧","He felt a wave of nostalgia for his childhood.","他感到一阵对童年的怀念。"
deserve,"应得， 值得","You deserve a break.","你应该休息一下。"
process,"加工，处理, 过程； 程序， 手续； 工序， 制作法","The application process is very complicated.","申请过程非常复杂。"
artisan,"工匠， 手艺人","He is a skilled artisan.","他是个熟练的工匠。"
sprout,"发芽，抽条，生长；迅速出现，涌现出, 新芽， 嫩枝， 苗","The seeds have started to sprout.","种子已经开始发芽了。"
restore,"恢复； 修复； 归还， 交还","The government is trying to restore order.","政府正试图恢复秩序。"
viscous,"黏滞的， 黏性的","Honey is a viscous liquid.","蜂蜜是一种粘稠的液体。"
nostalgic,"思乡的； 怀旧的","He felt nostalgic for his childhood.","他怀念自己的童年。"
alternative,"可供替代的； 非传统的, 可供选择的事物；选择的自由，选择的余地","Is there an alternative to surgery?","除了手术还有别的选择吗？"
banner,"横幅","The protesters were carrying banners.","抗议者举着横幅。"
encounter,"偶然碰到； 遭遇","I encountered an old friend at the supermarket.","我在超市偶然遇到了一个老朋友。"
soda,"苏打， 纯碱","I'd like a soda, please.","请给我一杯苏打水。"
landslide,"山崩， 塌方； 压倒性胜利","The landslide blocked the road.","山体滑坡堵塞了道路。"
prairie,"大草原","The prairie is a large area of flat grassland.","大草原是一大片平坦的草地。"
approve,"批准； 赞成","I still don't approve.",""
chafe,"擦破， 擦痛； 恼怒， 焦躁","The strap chafes the baby's skin.",""
chew,"咀嚼； 思量， 熟思","We were taught to chew our food thoroughly.",""
domicile,"住处， 住所",,
pedestrian,"徒步的； 缺乏想象力的,步行者，行人","The street is so crowded, you have to drive at a pedestrian pace.","这条街太拥挤了，你不得不以步行者的速度开车。"
hurry,"使加快，催促；赶快，匆忙,急忙， 匆忙， 仓促","We'd better hurry or we'll be late.","我们最好快点，否则会迟到。"
account,"说明，解释；占,解释， 描述， 叙述； 账目； 账户","I paid the money into my account this morning.","今天上午我把钱存入了我的账户。"
radioactive,"放射性的， 有辐射的","The uranium is radioactive.","铀有放射性。"
innocent,"天真的； 清白的； 无恶意的","He pleaded innocent to all charges.","他辩称对所有指控都是清白的。"
alphabet,"字母表","A quick brown fox jumps over the lazy dog.","一只敏捷的棕色狐狸跳过那只懒狗。"
stride,"大步；步法；","He crossed the room in a few strides.","他几大步就穿过了房间。"
advance,"前进，向前移动；发展，进步；促进；预付,预先的； 先头的,前进；进展；预付","The fire advanced steadily through the forest.","大火在森林中不断蔓延。"
appreciate,"赏识； 鉴赏， 欣赏； 感激","I appreciate having time off work.","我很感激能有休息时间。"
bleach,"变白， 漂白,漂白剂","He bleached his white shirt.","他用漂白粉漂洗白衬衫上的汙跡。"
diverse,"不同的； 多样的","His message appealed to a diverse audience.","他的信息吸引了不同的受众。"
rally,"集合，召集；恢复，重新振作,集会， 大会","The crowds rallied to protest the new law.","人群聚集起来抗议新法律。"
soft,"柔软的； 柔和的； 不强烈的； 心肠软的； 软性的","The blanket is very soft.","这条毯子很软。"
fictitious,"虚构的； 假的； 假装的， 虚伪的","The characters in the book are entirely fictitious.","书中的人物完全是虚构的。"
prime,"主要的；最初的；最好的；首先的,全盛时期，盛年,使准备好； 事先指点","His prime concern is to help the poor.","他的主要关注点是帮助穷人。"
intellect,"智力， 理解力； 知识分子","She has a very sharp intellect.","她有非常敏锐的智力。"
amble,"缓行， 漫步","They ambled down the road.","他们沿着路漫步。"
loyal,"忠诚的， 忠贞的","He remained loyal to his principles.","他始终忠于自己的原则。"
preference,"偏爱； 优先","Her preference is for classical music.","她偏爱古典音乐。"
mainstream,"主流， 主要倾向； 主流思想","The film has finally entered the mainstream.","这部电影终于进入了主流。"
opportunity,"机会， 时机","This is a great opportunity to learn.","这是一个很好的学习机会。"
dissolute,"放荡的， 放纵的， 道德沦丧的","He was appalled by the corruption and dissolute attitude.","他对这种腐败和放荡的态度感到震惊。"
court,"法院，法庭；宫廷，朝廷；球场,献殷勤， 讨好； 招致； 求爱","The case is before the state's highest court.","这个案件正在州最高法院审理。"
chapel,"教堂； 祈祷室","Church services will be held in the chapel this week.","本周的教会礼拜将在小教堂举行。"
distort,"弄歪； 扭曲， 歪曲","She felt he was distorting the facts.","她觉得他在歪曲事实。"
subsidiary,"次要的； 辅助的， 附设的； 附属的,子公司；附属机构；支流","The company and its subsidiary companies.","这家公司及其子公司。"
venture,"敢于去； 冒险,冒险，投机；投机活动，风险项目","He was afraid to venture out into the storm.","他害怕冒险进入暴风雨中。"
interrelate,"相互关联， 紧密联系","Supply and demand are interrelated.","供给和需求是相互关联的。"
corrosive,"腐蚀的","racism is dangerous and corrosive to society.","种族主义对社会是危险和具有腐蚀性的。"
enthusiasm,"热情； 积极性； 热衷的事物","He showed great enthusiasm for the project.","他对这个项目表现出极大的热情。"
discern,"洞悉； 识别","I could just discern a figure in the darkness.","在黑暗中我只能辨认出一个身影。"
propensity,"倾向， 癖好","He has a propensity for violence.","他有暴力倾向。"
entreat,"乞求， 恳求， 请求","She entreated him not to go.","她恳求他不要走。"
flexible,"易弯曲的； 柔韧的； 灵活的， 可变通的","Rubber is a flexible material.","橡胶是一种有弹性的材料。"
agile,"敏捷的， 灵活的","He was very agile, quick in his actions.","他的行动非常敏捷。"
replenish,"添加， 补充","He replenished his supply of books.","他补充了他的图书储备。"
hoe,"用锄头锄,锄头","He hoed the weeds in the garden.","他用锄头锄花园里的杂草。"
amenable,"顺从的， 服从劝导的； 有服从义务的","That may have made the regime more amenable to his visit.","这可能使得该政权更愿意接受他的访问。"
depict,"描写， 描述， 描绘","The wall was painted with a large mural depicting famous scenes.","墙上画着一幅描绘著名场景的大壁画。"
sustainable,"不破坏生态平衡的， 可持续的； 足可支撑的； 可忍受的","The company is committed to sustainable development.","公司致力于可持续发展。"
hop,"单足跳行；齐足跳行；跳上,蹦跳； 短程旅行","The little girl hopped across the room.","小女孩单脚跳着穿过房间。"
secede,"正式脱离， 退出","The southern states seceded from the Union.","南部各州正式脱离了联邦。"
characteristic,"特有的； 典型的,特性，特征","Genes determine the characteristics of every living thing.","基因决定每个生物的特征。"
interior,"内部的；内地的,内部； [the ～]内陆","The interior of the house was very dark.","房子的内部很暗。"
interweave,"交织， 编结","The two stories are skillfully interwoven.","这两个故事巧妙地交织在一起。"
rouse,"唤起， 唤醒； 激起， 鼓舞； 激怒","He roused himself from a deep sleep.","他从沉睡中醒来。"
capability,"能力； 性能； 容量； 潜质","The software has the capability to run on any platform.","这款软件有能力在任何平台上运行。"
spark,"激发，引发，触发；","The new discovery sparked a debate among scientists.","这项新发现引发了科学家之间的争论。"
integral,"构成整体所必需的， 不可或缺的； 完整的","An integral part of the service is a free consultation.","免费咨询是这项服务不可或缺的一部分。"
comet,"彗星","Halley's Comet appears every 76 years.","哈雷彗星每76年出现一次。"
assembly,"集会； 集会者； 装配， 安装； 立法机构， 议会","The students gathered for the school assembly.","学生们聚集在一起参加学校集会。"
smelting,"冶炼， 熔炼","The company specializes in smelting aluminum.","该公司专门从事铝冶炼。"
spare,"备用的；空闲的,抽出；免除,备用品","Do you have a spare key?","你有多余的钥匙吗？"
chip,"削下,碎片； 芯片","I chipped a tooth on a hard candy.","我吃硬糖时磕掉了一块牙。"
replicate,"复制； 再制， 再生","Scientists are trying to replicate the experiment.","科学家们正在试图复制这个实验。"
emotional,"感情的， 情绪的； 引起情感的； 易动感情的","He is a very emotional person.","他是一个很感性的人。"
noticeable,"明显的， 值得注意的","There was a noticeable change in his attitude.","他的态度有了明显的改变。"
assemble,"集合； 装配","All the guests were assembled in the hall.","所有客人都聚集在大厅里了。"
hibernation,"冬眠； 休眠， 蛰伏","Bears go into hibernation for the winter.","熊在冬天进入冬眠期。"
transition,"过渡， 过渡时期； 转变","The country is in transition from a military to a civilian government.","这个国家正在从军政府向文职政府过渡。"
march,"前进， 进发； 行进， 齐步走； 游行示威,行进，行军；示威游行；进行曲；进行，进展","The soldiers were ordered to march.","士兵们接到命令前进。"
blast,"爆炸；发出尖响；猛烈抨击,一阵； 爆炸； 冲击波； 响声","A loud blast shattered the windows.","一声巨响震碎了窗户。"
repel,"击退， 驱逐； 排斥； 抵制， 拒绝； 使反感， 使厌恶","The army was unable to repel the enemy.","军队无法击退敌人。"
publicize,"宣传， 推广， 宣扬","The company will publicize its new products.","公司将宣传其新产品。"
underscore,"强调； 在…之下画线,底线","The report underscores the need for better communication.","这份报告强调了改善沟通的必要性。"
seashore,"海岸， 海滨","We went for a walk along the seashore.","我们沿着海边散步。"
series,"系列， 连续； 连续剧","He wrote a series of books.","他写了一系列书。"
cultivate,"耕种； 培养","He cultivated a taste for fine wines.","他培养了对美酒的品味。"
thrive,"茂盛； 茁壮成长； 兴旺， 繁荣","The business is thriving.","这家生意正在蓬勃发展。"
imaginative,"富有想象力的； 创新的","She is a very imaginative writer.","她是一位很有想象力的作家。"
treadmill,"踏车； 枯燥乏味的工作","I feel like I'm on a treadmill just doing the same work every day.","我感觉自己像是在踏车上，每天都在做同样枯燥的工作。"
represent,"代表； 表现； 描绘； 象征","The lion represents courage.","狮子象征着勇气。"
dispatch,"分派， 派遣； 发送","The police dispatched officers to the scene.","警方派遣了警官到现场。"
corpus,"文集， 文献， 汇编； 语料库","The book is a corpus of all his poems.","这本书是他所有诗歌的汇编。"
inconvenient,"不便的； 让人不舒服的","The timing is inconvenient for me.","这个时间对我来说不方便。"
dramatize,"改编成戏剧； 戏剧化， 戏剧性地表现","The movie dramatizes the life of a famous singer.","这部电影将一位著名歌手的生活戏剧化了。"
absurd,"可笑的， 荒唐的","The idea is completely absurd.","这个想法完全是荒谬的。"
prior,"在…前的； 优先的","The meeting was scheduled at a prior time.","会议安排在之前的时间。"
trait,"特性， 特点","Honesty is one of her best traits.","诚实是她最好的品质之一。"
landmark,"路标， 地标； 〈喻〉里程碑","The monument is a famous landmark.","这座纪念碑是一个著名的地标。"
vanish,"消失； 灭绝","The sun vanished behind the clouds.","太阳消失在云层后面。"
vault,"跳过,拱顶；金库，保险库；撑杆跳","He vaulted over the fence.","他跳过了篱笆。"
concave,"凹的","The concave lens is used to correct myopia.","凹透镜用于矫正近视。"
dolphin,"海豚","The dolphins were swimming near the boat.","海豚们在船边游动。"
enactment,"制订， 颁布； 法律， 法规","The enactment of the new law was celebrated.","新法律的颁布受到了庆祝。"
planet,"行星","Earth is a planet.","地球是一颗行星。"
ornithology,"鸟类学","He studied ornithology at the university.","他在大学里学习鸟类学。"
prerequisite,"必备的， 作为先决条件的,先决条件，前提","A good grade is a prerequisite for this course.","好成绩是这门课的先决条件。"
count,"数，计算；算入；看做，认为；值得考虑，有重要意义,计数， 计算； 总数； 罪状","He can count from one to ten.","他能从一数到十。"
creep,"缓慢行进； 爬行； 悄悄地移动","The cat crept silently toward the mouse.","猫悄悄地爬向老鼠。"
deciduous,"落叶的； 非永久的， 短暂的","Deciduous trees lose their leaves in autumn.","落叶树在秋天落叶。"
scholar,"学者； 奖学金获得者","He is a distinguished scholar in history.","他是一位杰出的历史学者。"
contradictory,"对立的，矛盾的；反驳的,对立物； 矛盾因素","The two statements are contradictory.","这两个陈述是相互矛盾的。"
accompany,"为…伴奏； 陪伴， 陪同； 伴随， 和…一起发生","He accompanied her to the concert.","他陪她去听音乐会。"
immediate,"即刻的； 当前的； 最接近的； 紧接的， 紧靠的","The immediate cause of death was heart failure.","死亡的直接原因是心力衰竭。"
perspicuous,"明白易懂的； 明了的","His speech was perspicuous and easy to follow.","他的演讲明白易懂，很容易理解。"
beneficial,"有益的， 有利的","Exercise is beneficial to your health.","运动对你的健康有益。"
blame,"谴责，责备,过失， 责备； 责任","Don't blame me for the mistake.","不要因为这个错误责备我。"
confusion,"困惑； 混乱， 混淆","There was a lot of confusion about the schedule.","关于这个时间表有很多混乱。"
platitude,"陈词滥调， 老生常谈","The speech was full of platitudes.","这篇演讲充满了陈词滥调。"
auditorium,"礼堂； 观众席","The auditorium was full of people.","礼堂里坐满了人。"
session,"会议； 开庭； 开庭期； 一节","The parliament is in session.","议会正在开会。"
tactile,"触觉的； 有触觉的； 可感触的","The tactile sense is very important for a baby.","触觉对婴儿来说非常重要。"
extrinsic,"外来的， 外在的， 非本质的","The extrinsic factors affected the outcome.","外在因素影响了结果。"
bland,"平淡的， 乏味的； 清淡的； 沉稳的","The food was bland and tasteless.","食物平淡无味。"
microbe,"微生物， 细菌","Microbes can be found everywhere.","微生物无处不在。"
reception,"招待会； 反响； 接纳， 接待； 接收","The book received a good reception.","这本书反响不错。"
sole,"单独的；唯一的,鞋底， 脚底","He was the sole survivor of the accident.","他是这次事故中唯一的幸存者。"
lumber,"笨拙地移动；迫使担负,木材， 木料； 杂物","He lumbered through the woods.","他笨拙地穿过树林。"
sledding,"进展","It's tough sledding for the team this season.","这支球队本赛季的进展很艰难。"
solo,"独自，单独地,单独的；独唱的，独奏的,独唱， 独奏， 独舞","She performed a solo dance.","她表演了一段独舞。"
monitor,"监控；调节,显示器； 监视器； 班长","The teacher monitored the students' progress.","老师监控学生的进步。"
tuition,"学费； 教学， 讲授","She received a scholarship to cover her tuition.","她获得了奖学金来支付学费。"
Fahrenheit,"华氏温度的,华氏温度计","The temperature is 70 degrees Fahrenheit.","温度是70华氏度。"
tangible,"可触摸的， 可感知的； 明确的， 确凿的； 有形的， 实际的","The benefits of the program are tangible.","这个项目的好处是实实在在的。"
congest,"充满， 拥塞； 充血","The city is congested with traffic.","这座城市因交通而拥堵。"
postage,"邮资， 邮费","How much is the postage for this letter?","这封信的邮资是多少？"
tame,"驯服的；沉闷的，乏味的,驯化； 控制并利用","The wild animal was difficult to tame.","这只野生动物很难驯服。"
cavern,"大洞穴， 大山洞","The explorers found a huge cavern.","探险家们发现了一个巨大的洞穴。"
material,"物质的， 身体上的； 重要的； 实质性的， 客观存在的,材料，原料；素材，资料","The material world is all around us.","物质世界就在我们周围。"
adjoin,"贴近， 紧挨， 毗连","The two houses adjoin each other.","这两栋房子紧挨着。"
spectacular,"壮观的，引人注目的,壮观的场面； 壮观的演出","The fireworks display was spectacular.","烟花表演非常壮观。"
peculiar,"独特的； 罕见的； 奇怪的， 古怪的","He has a peculiar way of walking.","他走路的方式很奇怪。"
hue,"颜色； 色度， 色调； 信仰， 观点； 形式， 样子","The sky was a beautiful hue of orange.","天空呈现出美丽的橙色。"
idiom,"习惯用语； 术语； 风格， 特色","Learning idioms can be difficult.","学习习语可能很难。"
diplomat,"外交官； 有手腕的人","She is a skilled diplomat.","她是一位熟练的外交官。"
landmass,"大片陆地","Antarctica is a large landmass.","南极洲是一大片陆地。"
president,"总统， 校长， 主席","He was elected president of the company.","他被选为公司的总裁。"
muscular,"肌肉的； 肌肉发达的； 强健的， 强壮的","He has a very muscular body.","他有一个非常强壮的身体。"
staple,"主要产品；原材料；主食；订书钉","Rice is a staple food in many countries.","大米是许多国家的主食。"
memo,"备忘录","He sent a memo to all staff members.","他给所有员工发了一份备忘录。"
artifice,"诡计， 奸计； 策略","The artifice of the salesman was quite clever.","那个推销员的诡计相当聪明。"
collaborate,"协作， 合作； 勾结， 通敌","They collaborated on the project.","他们合作完成了这个项目。"
collaborator,"合作者， 协作者； 通敌者","She is a frequent collaborator with the director.","她是这位导演的常年合作者。"
superficial,"肤浅的， 浅薄的； 表面的， 外表的， 外层的","His knowledge of the subject is superficial.","他对这个主题的知识很肤浅。"
executive,"执行的， 实施的； 行政的,执行者；管理人员；行政负责人","He is an executive in a large company.","他是一家大公司的高管。"
melt,"融化， 熔化； 溶化； 消散","The ice cream is melting.","冰淇淋正在融化。"
hook,"连接到无线电设备；勾住,钩， 吊钩； 钩状物","The fish was caught on a hook.","这条鱼被鱼钩钩住了。"
stadium,"竞走场； 运动场","The football game was held in the stadium.","足球比赛在体育场举行。"
refrigerate,"冷冻， 冷藏； 使冷却， 使变冷","You must refrigerate the milk after opening.","牛奶开封后必须冷藏。"
casualty,"伤亡事故； 伤亡","There were no casualties in the accident.","这次事故中没有人员伤亡。"
spatial,"空间的","Spatial awareness is important for pilots.","空间意识对飞行员很重要。"
gauge,"标准，规格；测量仪表，计量器,测量， 度量","The speedometer is a gauge of your speed.","速度计是你速度的计量器。"
belt,"地带， 地区； 腰带， 皮带； 带状物","The country has a major industrial belt.","这个国家有一个主要的工业地带。"
ridicule,"嘲笑，奚落,嘲笑， 奚落","She was the subject of public ridicule.","她成了公众嘲笑的对象。"
protest,"抗议， 反对,抗议， 反对","The students protested against the new rules.","学生们抗议新规定。"
sensitive,"敏感的； 灵敏的","He is very sensitive to criticism.","他非常容易受批评影响。"
vacant,"空的； 闲置的； 茫然的， 空虚的","The seat next to me was vacant.","我旁边的座位是空的。"
hoof,"蹄","The horse's hoofs were very hard.","这匹马的蹄子很硬。"
afford,"买得起， 担负得起； 冒险做； 提供， 给予","I can't afford to buy a new car.","我买不起一辆新车。"
underground,"在地下， 往地下； 秘密地， 不公开地,地下的； 秘密的， 不公开的","The tunnel is underground.","隧道在地下。"
sieve,"筛子；漏勺,筛， 滤","The flour was passed through a fine sieve.","面粉被用细筛子筛过。"
appease,"平息； 安抚， 抚慰； 绥靖","The government tried to appease the protesters.","政府试图安抚抗议者。"
reddish,"微红的","The sky had a reddish glow.","天空有微红的光芒。"
impede,"妨碍， 阻碍， 阻止","The bad weather impeded our progress.","糟糕的天气阻碍了我们的进展。"
acting,"代理的,演戏， 表演","He is the acting manager of the department.","他是该部门的代理经理。"
machinery,"〈总称〉机器， 机械； 机构","The factory has a lot of heavy machinery.","这家工厂有很多重型机械。"
shield,"防护物；盾,保护","He used his arm as a shield against the sun.","他用手臂遮挡阳光。"
anatomy,"解剖； 解剖构造； 剖析","He is studying human anatomy.","他正在学习人体解剖学。"
deliver,"传送， 传递； 发表， 宣布； 履行诺言； 移交， 交出； 接生","The mail is delivered in the morning.","邮件在上午投递。"
instantaneous,"瞬间的， 即刻的， 立即的","The effect of the drug was instantaneous.","这种药的效果是立竿见影的。"
phenomenon,"现象， 迹象； 非凡的人","Gravity is a natural phenomenon.","重力是一种自然现象。"
quarterly,"按季度，一季一次,季度的， 每季一次的,季刊","The magazine is published quarterly.","这本杂志是季刊。"
notify,"通报","You will be notified of the results by email.","结果将通过电子邮件通知你。"
smirk,"假笑， 得意地笑","He smirked at her and walked away.","他得意地对她假笑了一下然后走开了。"
barbecue,"在烤架上烧烤,烧烤野餐；金属烤架","We decided to barbecue some hamburgers.","我们决定烤一些汉堡包。"
abbey,"修道院； 大教堂","Westminster Abbey is a famous church in London.","威斯敏斯特教堂是伦敦一座著名的教堂。"
alienable,"可转让的","Property is alienable.","财产是可以转让的。"
buoyant,"有浮力的， 漂浮的； 轻快的， 快乐的； 繁荣的； 看涨的","The cork is buoyant on water.","软木塞在水上有浮力。"
intrepid,"勇敢的， 无畏的","He was an intrepid explorer.","他是一位无畏的探险家。"
generalize,"概括， 归纳； 推广","It's hard to generalize from these few examples.","很难从这几个例子中概括出结论。"
accredit,"委任， 授权； 把…归于； 正式认可","The university is accredited by the state.","这所大学得到了州的正式认可。"
nourish,"滋养； 养育","A good diet will nourish your body.","良好的饮食会滋养你的身体。"
faucet,"龙头， 旋塞","The faucet is leaking.","水龙头在漏水。"
lengthen,"延长， 变长","The days lengthen in summer.","夏天白昼变长了。"
unconsolidated,"松散的， 疏松的","The soil was unconsolidated and easily eroded.","土壤疏松，很容易被侵蚀。"
strike,"碰，撞，撞击；侵袭；突然想到；给…以深刻印象；罢工；敲响,罢工； 袭击","The workers went on strike for higher wages.","工人们为了更高的工资而罢工。"
subdue,"制服， 征服； 抑制， 克制","The police subdued the suspect.","警察制服了嫌疑犯。"
allege,"断言， 宣称","The newspaper alleged that the company was a fraud.","报纸宣称这家公司是个骗局。"
positive,"肯定的； 积极的； 确凿的； 自信的， 乐观的； 正电的","He has a positive attitude about life.","他对生活持积极态度。"
trigger,"引发，导致,扳机","The event triggered a chain reaction.","这个事件引发了一连串反应。"
segregate,"隔离， 使分开","The school was ordered to segregate students.","这所学校被勒令将学生隔离。"
maize,"玉米","Maize is a staple crop in many countries.","玉米是许多国家的主要农作物。"
meticulous,"细心的， 小心翼翼的","He is very meticulous about his work.","他对工作非常细心。"
rental,"租用的；出租的,租金额； 租赁， 出租","The rental fee for the car is high.","这辆车的租赁费用很高。"
prospect,"勘探， 勘察,前景，前途；可能性；景象；期望","The prospect of a long holiday is exciting.","长假的前景令人兴奋。"
radar,"雷达","The plane was detected by radar.","飞机被雷达探测到了。"
withhold,"拒绝给， 不给； 抑制； 忍住","The company withheld her salary.","公司扣发了她的工资。"
kinetic,"运动的， 运动引起的； 动力学的","Kinetic energy is the energy of motion.","动能是运动的能量。"
specialize,"专攻； 专用于","He specializes in criminal law.","他专攻刑法。"
rotate,"转动， 旋转； 轮流","The earth rotates on its axis.","地球绕着它的轴心旋转。"
instance,"例子， 事例","For instance, consider the case of John.","例如，考虑一下约翰的案例。"
consonant,"和谐的，协调的，符合的,辅音","His actions were consonant with his beliefs.","他的行动与他的信念相符。"
engulf,"吞没","The fire engulfed the entire building.","大火吞没了整栋建筑。"
inheritance,"遗产， 继承物； 继承； 遗传","She received a large inheritance from her aunt.","她从姨妈那里继承了一大笔遗产。"
reptile,"爬行动物， 爬虫类； 卑鄙的人","Snakes and lizards are reptiles.","蛇和蜥蜴都是爬行动物。"
cassette,"盒式录音带","He listened to music on an old cassette.","他用旧录音带听音乐。"
receptive,"接受得快的； 善于接受的， 能接纳的","She is very receptive to new ideas.","她很乐于接受新想法。"
blade,"刀刃， 刀片； 叶片； 草叶； 桨叶","The knife has a very sharp blade.","这把刀的刀刃很锋利。"
solution,"溶液； 解答， 解决","We need to find a solution to the problem.","我们需要找到解决问题的方法。"
foreshorten,"用透视法缩小； 缩短， 节略","The artist foreshortened the figure to create a sense of depth.","艺术家用透视法缩小了人物，以创造深度感。"
diverge,"分开， 叉开； 分歧； 偏离","The two roads diverge here.","这两条路在这里分岔。"
opponent,"对立的， 反对的， 对抗的,敌手，对手，反对者","He is my main opponent in the election.","他是我在选举中的主要对手。"
accelerate,"加快， 加速","The car accelerated down the road.","汽车在路上加速。"
emblem,"徽章； 标记， 象征","The dove is an emblem of peace.","鸽子是和平的象征。"
regardless,"不顾， 不管","He went on with his work regardless of the noise.","他不顾噪音继续工作。"
confiscate,"没收， 充公， 征用","The police confiscated the illegal goods.","警察没收了非法货物。"
filial,"子女的； 子孙后代的","He showed filial piety towards his parents.","他对父母表现出孝顺。"
barge,"冲撞，乱闯,驳船","He barged into the room without knocking.","他没敲门就闯进了房间。"
turtle,"龟， 海龟","The turtle moves very slowly.","乌龟移动得很慢。"
meteorology,"气象学","He studied meteorology in college.","他在大学里学习气象学。"
occur,"发生， 出现； 存在于","The accident occurred at 3 p.m.","事故发生在下午3点。"
illustrate,"说明， 解释； 加插图于； 显示…存在","The example illustrates the point clearly.","这个例子清楚地说明了这一点。"
scuba,"水中呼吸器， 水肺","They went scuba diving in the Caribbean.","他们去加勒比海潜水。"
definitive,"确定的，最后的，决定性的；","The study provides a definitive answer.","这项研究提供了一个明确的答案。"
breeze,"飘然移动,微风，和风","A gentle breeze was blowing.","一阵微风吹拂着。"
trash,"无价值之物，废物；拙劣的文学作品；没用的人,捣毁， 破坏","He threw the trash in the bin.","他把垃圾扔进了垃圾桶。"
horn,"角； 号角， 喇叭","The car's horn suddenly sounded.","汽车的喇叭突然响了。"
troupe,"剧团； 马戏团； 芭蕾舞团","The circus troupe arrived in town.","马戏团来到了镇上。"
transit,"运输， 运送； 中转； 转变； 交通运输系统","The goods are in transit.","货物正在运输中。"
sore,"疼痛的；恼火的,疮口， 痛处","My feet are sore from walking so much.","我的脚因为走太多路而酸痛。"
position,"安置,位置； 职位； 立场； 姿势， 姿态； 见解","He is in a good position to get the job.","他处于一个很好的位置来得到这份工作。"
curtail,"缩短， 缩减， 削减","The government decided to curtail spending.","政府决定削减开支。"
glow,"发光；发红，发热；洋溢,暗淡的光； 容光焕发； 喜悦","The firefly glowed in the dark.","萤火虫在黑暗中发光。"
patent,"有专利的； 显而易见的,取得专利权,专利权","He took out a patent on his invention.","他为自己的发明申请了专利。"
sheath,"鞘， 外壳； 套； 护皮； 紧身连衣裙","The sword was in its sheath.","这把剑在剑鞘里。"
pollen,"花粉","Bees collect pollen from flowers.","蜜蜂从花朵中收集花粉。"
remodel,"重新塑造， 改造； 改编； 改变","They are remodeling their kitchen.","他们正在改造他们的厨房。"
groove,"沟； 槽； 唱片上的纹路","The wheel ran in a groove.","轮子在凹槽里转动。"
certificate,"证书， 证明书； 文凭， 结业证书","He received a certificate for his achievement.","他因成就而获得了一份证书。"
dispersal,"疏散； 散布， 散开","The police ordered the dispersal of the crowd.","警察命令人群散开。"
quantum,"量子","Quantum physics is a difficult subject.","量子物理学是一门很难的学科。"
racket,"球拍； 喧嚷， 吵闹； 勒索， 诈骗","The kids were making a terrible racket.","孩子们正在制造可怕的喧闹。"
mess,"肮脏，杂乱；混乱，困境,弄脏， 弄乱； 搞糟","The room was a complete mess.","房间里一片狼藉。"
nominal,"名义上的； 微不足道的","He is the nominal head of the company.","他是公司的名义负责人。"
excess,"过量的； 额外的,过度， 超过","You should avoid excess sugar in your diet.","你应该避免饮食中糖分过量。"
perspective,"展望； 观点， 看法； 远景； 透视图， 透视法； 前途","He has a different perspective on the matter.","他对这件事有不同的看法。"
galaxy,"星系； [G-]银河系， 银河； 群英","Our solar system is in the Milky Way Galaxy.","我们的太阳系在银河系中。"
invade,"侵入， 侵略； 侵扰","The army invaded the neighboring country.","军队入侵了邻国。"
intervening,"介于中间的， 发生于期间的","In the intervening years, a lot has changed.","在中间的几年里，发生了很大的变化。"
clump,"聚集， 成群； 以沉重的脚步行走,丛，簇，束；块，团；群，组","The bushes grew in a clump.","灌木丛成团地生长。"
thorough,"彻底的； 详尽的； 一丝不苟的","He did a thorough cleaning of the house.","他彻底地打扫了房子。"
democracy,"民主政体， 民主制度； 民主国家； 民主精神","Democracy is a form of government.","民主是一种政府形式。"
peninsula,"半岛","Florida is a peninsula.","佛罗里达是一个半岛。"
evolve,"发展； 进化","The company has evolved from a small business into a large corporation.","这家公司从小企业发展成了一家大公司。"
congratulation,"祝贺， 道喜","Congratulations on your new job!","祝贺你找到新工作！"
abandon,"离弃，放弃,放纵， 放任","The sailors had to abandon the sinking ship.","水手们不得不放弃正在下沉的船。"
extol,"赞美， 颂扬","He extolled the virtues of his wife.","他赞美他妻子的美德。"
household,"家庭的，家用的；家喻户晓的,家庭","He is responsible for the household chores.","他负责家务。"
adverse,"负面的； 不利的； 逆的","The company faced adverse publicity.","公司面临不利的宣传。"
bulletin,"新闻简报； 公告， 布告； 简报","The school bulletin announced the new policy.","学校公告宣布了新政策。"
ratio,"比， 比率","The ratio of boys to girls is 2:1.","男孩和女孩的比例是2:1。"
junction,"交叉点， 汇合处； 连接， 接合","The car crashed at the junction.","汽车在路口相撞了。"
electrolysis,"电解作用； 电解术","Water can be split into hydrogen and oxygen by electrolysis.","水可以通过电解作用分解成氢和氧。"
bandanna,"色彩鲜艳的围巾","He wore a red bandanna around his neck.","他脖子上系着一条红色的头巾。"
instinct,"本能， 直觉； 生性， 天性","Birds fly south in winter by instinct.","鸟类在冬天凭本能飞往南方。"
gourmet,"美味的,美食家","He is a gourmet and loves to try new restaurants.","他是一个美食家，喜欢尝试新的餐厅。"
reputation,"名声， 声望， 名誉","The restaurant has a good reputation for its food.","这家餐厅以其食物而享有盛誉。"
spike,"长钉， 大钉； 猛增， 急升","The price of gas saw a sudden spike.","汽油价格突然猛增。"
shrub,"灌木","The garden was filled with roses and other shrubs.","花园里种满了玫瑰和其他灌木。"
presentation,"提供， 显示； 介绍， 陈述； 赠送； 表演","She gave a presentation on her research.","她作了一场关于她的研究的报告。"
genesis,"起源， 开端","The book of Genesis is the first book of the Bible.","《创世记》是《圣经》的第一本书。"
subliminal,"下意识的， 潜意识的","The advertisement used subliminal messages.","这则广告使用了潜意识信息。"
engrave,"雕刻； 铭刻","He engraved his name on the ring.","他在戒指上刻下了自己的名字。"
tavern,"小旅馆， 客栈； 小酒店","They stopped at a tavern for a drink.","他们在一家小酒馆停下来喝了一杯。"
glimmer,"发微光； 隐约出现,闪烁的微光；隐约的迹象；一丝，一线","I saw a glimmer of hope in her eyes.","我在她的眼里看到了一丝希望。"
awkward,"别扭的； 笨拙的； 难处理的， 棘手的； 难操纵的","He is very awkward in social situations.","他在社交场合非常笨拙。"
adhesive,"带黏性的,胶合剂","The sticker has an adhesive backing.","这个贴纸背面有胶。"
monumental,"纪念碑的； 不朽的","The book is a monumental work of scholarship.","这本书是一部不朽的学术著作。"
ruin,"破坏，毁灭；使破产,毁灭，毁坏；","The bad weather ruined our plans.","恶劣的天气毁了我们的计划。"
spill,"溢出，溅出；蜂拥而出,溢出， 泄漏","I spilled coffee on my shirt.","我把咖啡洒在了衬衫上。"
celebrate,"赞美； 庆祝","The whole town celebrated the victory.","全镇都在庆祝胜利。"
cradle,"摇篮； 发源地","The cradle of civilization is in Mesopotamia.","文明的摇篮在美索不达米亚。"
abut,"邻接， 毗邻","The house abuts a large field.","房子毗邻一片大田。"
folkway,"社会风俗","Table manners are an example of a folkway.","餐桌礼仪是社会风俗的一个例子。"
mountainous,"多山的； 巨大的","The country has a mountainous terrain.","这个国家地势多山。"
laboratory,"实验室， 研究室","The scientist worked in the laboratory.","这位科学家在实验室工作。"
geometric,"几何的， 几何学的","He drew a geometric pattern.","他画了一个几何图案。"
Latin,"拉丁的；拉丁语的,拉丁语","The Latin language is the root of many European languages.","拉丁语是许多欧洲语言的根源。"
inspect,"检查， 视察","The police inspected the crime scene.","警察勘察了犯罪现场。"
campaign,"竞选；参加战斗,竞选活动； 活动； 战役","The candidate is running a strong campaign.","这位候选人正在进行一场强有力的竞选活动。"
vital,"生死攸关的； 至关重要的； 精力充沛的， 有活力的","It is vital that we find a solution.","找到解决方案至关重要。"
conflict,"冲突； 不一致； 争论,冲突； 争论","There was a conflict between the two parties.","两党之间有冲突。"
engraving,"雕刻术， 刻版术； 版画","He is an expert in wood engraving.","他是木版雕刻方面的专家。"
rough,"粗糙不平的；粗暴的；艰难的,高低不平的地面","The road was rough and bumpy.","这条路崎岖不平。"
lawsuit,"诉讼","He filed a lawsuit against the company.","他向该公司提起诉讼。"
sequential,"序列的； 连续的； 随之而来的","The events occurred in sequential order.","事件按顺序发生。"
detect,"发现， 察觉； 探测； 查明","The police detected a trace of the drug.","警方查出了一丝毒品痕迹。"
derivative,"派生的，引出的；无创意的,派生词， 衍生词； 派生物","The word "happily" is a derivative of "happy."",""happily"这个词是"happy"的派生词。"
amateur,"业余爱好的； 业余的,业余爱好者；外行","He is an amateur photographer.","他是一位业余摄影师。"
rodeo,"牛仔竞技表演","They went to a rodeo on the weekend.","他们周末去看了一场牛仔竞技表演。"
assistance,"帮助， 援助","He asked for assistance with his homework.","他请求帮助完成作业。"
commerce,"贸易， 商业； 交往， 交流","The city is a center for international commerce.","这座城市是国际贸易中心。"
canvass,"游说， 拉选票； 细查","The candidate canvassed the neighborhood for votes.","这位候选人挨家挨户地游说拉票。"
gulf,"海湾； 分歧， 隔阂， 鸿沟","The two countries are separated by a gulf of distrust.","两国之间存在着不信任的巨大鸿沟。"
causal,"原因的， 因果关系的","The study found a causal link between smoking and cancer.","这项研究发现了吸烟和癌症之间的因果关系。"
tectonics,"构造地质学","The theory of plate tectonics explains earthquakes.","板块构造学说解释了地震。"
wonder,"诧异；纳闷，想知道,惊奇， 惊异； 奇迹， 奇事","I wonder who she is.","我想知道她是谁。"
mansion,"公寓， 府邸； 大厦","He lives in a large mansion.","他住在一栋大宅子里。"
gull,"鸥， 海鸥","Seagulls are common near the coast.","海鸥在海岸附近很常见。"
summary,"概括的， 概要的； 即刻的， 立即的,摘要，概要","He gave a summary of the report.","他作了这份报告的摘要。"
illusory,"虚幻的， 幻觉的","The feeling of security was illusory.","安全感是虚幻的。"
nickel,"镍； 五分镍币","The coin is made of nickel.","这枚硬币是镍做的。"
accustom,"使习惯于","He soon accustomed himself to the new schedule.","他很快就习惯了新的日程安排。"
entail,"牵涉； 使必要， 需要","The job entails a lot of travel.","这份工作需要经常出差。"
inferior,"劣等的，较差的；次要的；级别低的,下级， 下属， 晚辈","This product is inferior to the one we had before.","这个产品不如我们以前的那个。"
dramatic,"戏剧的； 引人注目的； 突然的， 巨大的； 戏剧性的","The play was a dramatic success.","这部戏剧获得了巨大的成功。"
spinet,"小型立式钢琴","She learned to play the spinet.","她学会了弹奏小型立式钢琴。"
mosquito,"蚊子","A mosquito bit me.","一只蚊子咬了我。"
parasite,"寄生物； 食客","The flea is a parasite.","跳蚤是一种寄生虫。"
artificial,"人工的， 人造的， 假的； 矫揉造作的， 假装","The plant is made of artificial materials.","这株植物是用人造材料制成的。"
deficiency,"不足， 缺乏","The vitamin deficiency can cause illness.","维生素缺乏会引起疾病。"
imaginary,"想象中的， 虚构的， 假想的","He has an imaginary friend.","他有一个想象中的朋友。"
removal,"除去； 移动， 搬迁","The removal of the old bridge was difficult.","拆除旧桥很困难。"
comment,"评论； 注释","He made a comment on the article.","他对这篇文章发表了评论。"
vaporize,"蒸发， 汽化","The water will vaporize when it boils.","水沸腾时会汽化。"
transcend,"超越","The artist's work transcends all boundaries.","这位艺术家的作品超越了所有界限。"
spiny,"长满刺的， 多刺的， 带刺的； 棘手的","The plant has spiny leaves.","这种植物有带刺的叶子。"
chronological,"按年代顺序排列的， 年代学的","The events are listed in chronological order.","这些事件按年代顺序列出。"
humanitarian,"人道主义的，慈善的,人道主义者， 博爱者， 慈善家","He is a well-known humanitarian.","他是一位著名的人道主义者。"
employ,"用，使用；雇用,受雇， 雇用","The company employs 100 people.","这家公司雇佣了100名员工。"
surcharge,"额外费用，增收费，附加费,收取额外费用","There is a surcharge for using a credit card.","使用信用卡需要支付额外费用。"
sturdy,"健壮的， 结实的； 稳固的； 顽强的","The chair is very sturdy.","这把椅子很结实。"
fable,"寓言； 谎言","The story of the boy who cried wolf is a fable.","狼来了的故事是一个寓言。"
balcony,"阳台； 楼厅， 楼座","She stood on the balcony and looked at the view.","她站在阳台上看风景。"
instill,"慢慢灌输； 逐渐培养","Parents try to instill good values in their children.","父母试图向孩子灌输良好的价值观。"
consist,"在于， 存在于； 由…组成， 由…构成","The team consists of five players.","这个团队由五名队员组成。"
palatable,"美味的， 可口的； 合意的， 认可的","The food was palatable.","食物很可口。"
compatible,"协调的， 一致的； 兼容的； 能和睦相处的","The software is compatible with both systems.","这款软件与两种系统都兼容。"
critic,"评论家， 批评家； 吹毛求疵者","The movie critic gave the film a bad review.","电影评论家给这部电影写了差评。"
tenement,"廉租公寓","He lived in a cramped tenement apartment.","他住在一间拥挤的廉租公寓里。"
photosynthesis,"光合作用","Photosynthesis is how plants make food.","光合作用是植物制造食物的方式。"
sidebar,"补充报道","The newspaper included a sidebar with additional information.","报纸附带了一篇有补充信息的侧边报道。"
crest,"达到顶点,顶峰，顶点；浪尖；羽冠","The wave crested and broke on the shore.","海浪达到浪尖，然后拍打在岸上。"
profession,"职业； 同行； 专业； 宣称","He is a doctor by profession.","他的职业是医生。"
deplore,"悲叹， 哀叹， 公开谴责","He deplored the rise of violence in the city.","他谴责该城市暴力事件的增加。"
compress,"压缩； 缩短； 浓缩","The gas can be compressed into a liquid.","这种气体可以被压缩成液体。"
grimly,"冷酷地； 严肃地； 坚定地","He grimly refused to answer.","他冷酷地拒绝回答。"
cherish,"爱护， 珍爱； 怀有， 抱有","She cherished her memories of her grandmother.","她珍爱着关于祖母的记忆。"
outlive,"比…长命， 比…耐久","She outlived her husband by 20 years.","她比她丈夫多活了20年。"
patronize,"以高人一等的态度对待； 光顾； 赞助， 资助","Some restaurants patronize artists by displaying their work.","一些餐馆通过展示艺术家的作品来资助他们。"
eminent,"显著的， 杰出的","He is an eminent scholar.","他是一位杰出的学者。"
underneath,"在下面,在…下面","He hid the key underneath the doormat.","他把钥匙藏在门垫下面。"
spectrum,"谱， 光谱， 频谱； 范围， 幅度","The full spectrum of human emotions.","人类情感的全部范围。"
prolong,"拉长， 延长","The doctor tried to prolong his life.","医生试图延长他的生命。"
refund,"偿还额； 退款,退还， 偿付","I would like a refund for this product.","我想要这个产品的退款。"
distress,"痛苦，忧伤；贫困，窘迫；遇难,使痛苦， 使悲伤， 使忧虑","The family was in great distress after the fire.","火灾后，这家人陷入了巨大的痛苦。"
remnant,"残余物； 布头； 遗迹","The remnants of a Roman wall were found.","发现了罗马城墙的残骸。"
broadcast,"广播，播放,广播， 广播节目","The news was broadcast on the radio.","这条新闻在广播中播出了。"
compressible,"可压缩的","Air is a compressible gas.","空气是一种可压缩的气体。"
steep,"陡的，陡峭的；急剧的；过高的,浸泡； 沉浸","The hill is too steep to climb.","这座山太陡峭了，无法攀登。"
classical,"经典的， 古典的","He loves listening to classical music.","他喜欢听古典音乐。"
immunity,"免疫力； 保护； 免除， 豁免","He has gained immunity to the disease.","他对这种疾病获得了免疫力。"
privilege,"给予特权，特别优待,特权， 特殊待遇； 特殊利益， 优惠； 荣耀， 荣幸","It was a privilege to meet the president.","能见到总统是一种荣幸。"
shroud,"隐藏，遮蔽,裹尸布， 寿衣； 遮蔽物","The facts were shrouded in mystery.","事实被神秘所笼罩。"
substitute,"代替,代替者，代替品","You can substitute soy milk for regular milk.","你可以用豆奶代替普通牛奶。"
criss-cross,"构成十字形图案；交叉往来,纵横交错的","The roads criss-crossed the city.","道路纵横交错地穿过城市。"
uniform,"统一的； 均匀的,制服","The students wear a school uniform.","学生们穿校服。"
choppy,"波浪起伏的， 不平静的； 不连贯的， 支离破碎的","The sea was choppy.","大海波涛汹涌。"
blaze,"燃烧， 着火； 发光， 放光彩； 怒视,火焰；光辉，强烈的光；迸发","The fire blazed fiercely.","火势熊熊燃烧。"
bountiful,"慷慨的； 大量的， 充足的","Nature has been bountiful this year.","今年大自然很慷慨。"
meager,"不足的， 贫乏的； 消瘦的","He earns a meager salary.","他挣的工资很少。"
scatter,"使分散， 驱散， 散开； 撒播","He scattered seeds on the ground.","他把种子撒在地上。"
violate,"违反， 违背； 亵渎； 侵犯， 干扰","The company violated the safety regulations.","该公司违反了安全规定。"
methanol,"甲醇","Methanol is a type of alcohol.","甲醇是一种酒精。"
steer,"驾驶，为…操舵；引导,食用公牛","He steered the boat toward the shore.","他驾驶船向岸边驶去。"
pheromone,"信息素","Pheromones are chemical signals that animals use to communicate.","信息素是动物用来交流的化学信号。"
collective,"集体的，共同的,集体， 共同体","The decision was a collective effort.","这个决定是集体努力的结果。"
buddy,"密友； 搭档， 伙伴","He is my best buddy.","他是我最好的朋友。"
undergo,"经历； 遭受","The patient underwent surgery.","病人接受了手术。"
outlying,"边远的， 偏僻的； 无关的， 题外的","The company has several outlying branches.","这家公司有几个偏远的子公司。"
delineate,"描绘， 描述； 解释","The artist delineated the figure with a pencil.","艺术家用铅笔描绘了人物的轮廓。"
agency,"代理处， 经销机构； 专门机构","She works for a travel agency.","她在一家旅行社工作。"
coupon,"礼券， 优惠券； 配给券， 票证","I used a coupon to get a discount.","我用了一张优惠券来获得折扣。"
multitude,"大量， 众多； 群众， 民众； 人群","A multitude of people gathered in the square.","大量的人群聚集在广场上。"
inhabit,"居住于， 栖居于","Many different species inhabit the forest.","许多不同的物种居住在这片森林里。"
innate,"天生的， 固有的； 内在的， 直觉的","He has an innate talent for music.","他有天生的音乐天赋。"
siege,"包围， 围困； 封锁","The city was under siege for three months.","这座城市被围困了三个月。"
gratify,"使满意， 使高兴； 满足","He was gratified by the positive feedback.","他因积极的反馈而感到高兴。"
fascinating,"迷人的， 醉人的","The book is a fascinating read.","这本书读起来很吸引人。"
abstract,"抽象的；抽象派的,摘要， 梗概,做…的摘要； 提取","The painting is an abstract work.","这幅画是一幅抽象作品。"
agenda,"议程， 议程表","The first item on the agenda is the budget.","议程上的第一项是预算。"
liquid,"液体的，液态的，流体的；清澈的；流畅的,液体； 液态","Water is a liquid at room temperature.","水在室温下是液体。"
quasar,"类星体","Quasars are the most distant objects we can see.","类星体是我们能看到的最遥远的物体。"
anonymous,"匿名的， 不具名的； 无特色的， 无个性特征的",,"The letter was sent by an anonymous donor." ,"这封信是由一位匿名捐赠者寄来的。"
fake,"伪造； 伪装","He faked the signature on the document.","他在文件上伪造了签名。"
span,"跨度；持续时间,跨越； 持续， 贯穿； 包括","The bridge spans the river.","这座桥横跨河流。"
desegregate,"废除种族隔离","The government ordered the schools to desegregate.","政府下令废除学校的种族隔离制度。"
girder,"主梁， 大梁","The bridge is supported by steel girders.","这座桥由钢梁支撑。"
bizarre,"奇形怪状的， 古怪可笑的， 怪诞的","He was wearing a bizarre outfit.","他穿着一套奇装异服。"
perfect,"完美的， 理想的； 完全的， 十足的,使完美， 使熟练","He is a perfect gentleman.","他是一位完美的绅士。"
prefer,"更喜欢， 宁愿","I prefer coffee to tea.","我更喜欢咖啡而不是茶。"
astronomical,"天文学的； 极大的， 庞大的","The cost of the project was astronomical.","这个项目的成本是天文数字。"
ascribe,"把…归于； 归咎于","He ascribed his success to hard work.","他将他的成功归功于努力工作。"
pole,"地极； 磁极， 电极； 柱， 杆， 杖； 极端","The North Pole is at the top of the earth.","北极在地球的顶端。"
minority,"少数； 少数民族","The minority of voters voted against the law.","少数选民投了反对票。"
allure,"诱惑， 吸引","The allure of the sea was strong.","大海的诱惑很强烈。"
reference,"提到， 论及， 涉及； 引文， 参考； 介绍","He made a reference to the book in his speech.","他在演讲中提到了那本书。"
conspiracy,"密谋； 阴谋","They were charged with conspiracy to commit murder.","他们被控密谋谋杀。"
chamber,"会议厅； 议院； 洞穴； 腔， 室； 房间","The chamber was filled with smoke.","房间里充满了烟雾。"
arrange,"布置； 安排， 筹备","I'll arrange a meeting for next week.","我将安排下周开会。"
aristocratic,"贵族的， 有贵族气派的","She has an aristocratic bearing.","她有贵族的气派。"
trivialize,"使显得琐碎； 轻视","He tends to trivialize her problems.","他倾向于轻视她的问题。"
depart,"离开； 背离","The train will depart at 7 a.m.","火车将在上午7点离开。"
exponent,"解释者； 倡导者， 拥护者； 指数， 幂","He is a leading exponent of the new theory.","他是新理论的主要倡导者。"
accordion,"手风琴","He played a tune on the accordion.","他用手风琴演奏了一支曲子。"
incongruity,"不一致， 不和谐","There was a strange incongruity between his words and his actions.","他的言行之间有一种奇怪的不一致。"
solicit,"恳请； 乞求； 征求； 勾引； 招揽","He solicited donations for the charity.","他为慈善机构募集捐款。"
rhyme,"押韵；和…同韵,押韵； 同韵词， 押韵词","The poem has a simple rhyme scheme.","这首诗的押韵方式很简单。"
fossil,"化石的；陈腐的,化石； 老顽固","The fossil of a dinosaur was discovered.","发现了一块恐龙化石。"
disciple,"门徒， 弟子， 追随者","He was a disciple of the famous philosopher.","他是那位著名哲学家的门徒。"
collision,"碰撞； 冲突， 抵触","Two cars were involved in a collision.","两辆车发生了碰撞。"
manufacture,"大量制造，成批生产；捏造,大量制造；","The company manufactures car parts.","这家公司生产汽车零件。"
arthritis,"关节炎","She suffers from arthritis in her hands.","她患有手关节炎。"
focal,"焦点的； 很重要的","The focal point of the painting is the woman's face.","这幅画的焦点是女人的脸。"
spinning,"旋转的,纺纱","The spinning wheel is an old invention.","纺纱机是一项古老的发明。"
squid,"鱿鱼， 枪乌贼","We had fried squid for dinner.","我们晚餐吃了炸鱿鱼。"
slogan,"标语， 口号； 广告语","The company's new slogan is "Live your best life."","这家公司的新口号是“活出你最好的生活”。"
bosom,"胸部， 乳房； 胸怀， 内心","She held the baby close to her bosom.","她把婴儿紧紧地抱在胸前。"
tract,"地域； 领域； 传单， 小册子； 大片","He owns a large tract of land.","他拥有一大片土地。"
mercury,"[M-]水星； 水银， 汞","Mercury is the smallest planet in our solar system.","水星是太阳系中最小的行星。"
interact,"相互作用； 互相配合","The children interact with each other in the playground.","孩子们在操场上互相玩耍。"
powder,"粉， 粉末； 散剂； 火药， 炸药","She used powder on her face.","她在脸上用了散粉。"
bestow,"赠与， 授予， 献给","The king bestowed a knighthood on him.","国王授予他爵位。"
aggregate,"聚集物； 总计,聚集； 总计","The aggregate amount of the sales was impressive.","销售总额令人印象深刻。"
differential,"差别的，有区别的；微分的,差别， 差异； 微分","There is a differential in pay between men and women.","男女工资存在差异。"
forsake,"遗弃， 放弃， 抛弃","He forsook his family and left town.","他抛弃了家人离开了城镇。"
rust,"生锈,锈， 铁锈； 锈病","The old car was covered in rust.","这辆旧车满是铁锈。"
trace,"查出，找到；追溯；探索；描摹；追述,痕迹； 微量， 少许； 扫描线","The police found traces of blood at the scene.","警方在现场发现了血迹。"
stylized,"非写实的； 程式化的","The artist created a stylized portrait.","这位艺术家创作了一幅程式化的肖像画。"
array,"一系列；阵列,布置， 排列； 部署","A vast array of books were on the shelf.","书架上摆放着大量的书籍。"
terrorism,"恐怖主义","The government is taking steps to fight terrorism.","政府正在采取措施打击恐怖主义。"
nominee,"被提名者， 被任命者","She is the nominee for the award.","她是这个奖项的被提名者。"
discriminate,"区别； 歧视","It is illegal to discriminate against people based on their race.","基于种族歧视他人是违法的。"
camouflage,"掩饰， 伪装","The soldiers wore camouflage uniforms.","士兵们穿着伪装服。"
track,"跟踪， 追踪,跑道；小路；轨迹；足迹","The police tracked the thief to his home.","警察追踪窃贼到了他的家。"
annex,"兼并； 附加","The country annexed the neighboring territory.","该国兼并了邻近的领土。"
enslave,"奴役","The invaders enslaved the local population.","入侵者奴役了当地居民。"
centennial,"百年纪念","The town is celebrating its centennial.","这个小镇正在庆祝它的百年纪念。"
monetary,"金钱的， 货币的","The company's monetary policy is very strict.","公司的货币政策非常严格。"
rush,"冲，突进；奔，急速流动；仓促从事；突袭,冲，急速行进；匆忙；","He rushed to the hospital.","他匆忙赶到医院。"
demolish,"拆除； 破坏； 驳倒， 推翻","The old building was demolished.","那栋旧楼被拆除了。"
shellfish,"贝类， 有壳的水生动物","Oysters and clams are shellfish.","牡蛎和蛤蜊是贝类。"
trade,"交易， 买卖； 互相交换,贸易，商业；交易；职业，行业","The two countries have a lot of trade.","两国之间有大量的贸易往来。"
gush,"滔滔不绝地说；喷涌,喷出， 涌出； 迸发， 发作","Oil gushed out of the well.","石油从井里喷涌而出。"
derivation,"起源， 发源； 派生","The word "family" has a Latin derivation.",""family"这个词起源于拉丁语。"
spew,"喷涌；射出；呕吐，呕出,喷出物","The volcano spewed lava and ash.","火山喷出熔岩和火山灰。"
comic,"可笑的，滑稽的；喜剧的,喜剧演员","The movie is a comic masterpiece.","这部电影是一部喜剧杰作。"
weave,"迂回行进；编织；编造，编纂,编法， 织法","She wove a basket out of reeds.","她用芦苇编了一个篮子。"
normally,"通常地； 正常地","He normally gets up at 7 a.m.","他通常早上7点起床。"
vague,"模糊的； 不明确的","She gave a vague answer.","她给了一个模糊的回答。"
fare,"进展,费用","How did you fare in the exam?","你考试考得怎么样？"
juridical,"法律的， 司法的","The juridical system needs reform.","司法系统需要改革。"
ephemeral,"短暂的， 转瞬即逝的","Fame is often ephemeral.","名声常常是短暂的。"
accuracy,"准确， 精确","The accuracy of the report is questionable.","这份报告的准确性值得怀疑。"
curtsy,"行屈膝礼,屈膝礼","The young girl made a curtsy to the queen.","小女孩向女王行了屈膝礼。"
setting,"环境； 背景； 布景； 曲； 底座， 底板","The film has a beautiful setting.","这部电影有一个美丽的背景。"
score,"评分；划；获胜，成功,得分， 分数； 乐谱； 抓痕， 划痕； 二十","He scored 100 on the test.","他考试得了100分。"
quote,"引用；","He quoted a famous poem.","他引用了一首著名的诗。"
unanimous,"全体一致的， 一致同意的","The decision was unanimous.","这个决定是一致通过的。"
quota,"配额， 限额， 定额","The company has a quota for sales.","公司有销售定额。"
scorn,"轻蔑， 鄙视； 不屑于,轻蔑，鄙视","He looked at her with scorn.","他轻蔑地看着她。"
thermal,"热的，热量的；保暖的，防寒的,上升的热气流","Thermal energy can be used to generate electricity.","热能可以用来发电。"
percussion,"打击乐器","He plays the percussion in the band.","他在乐队里演奏打击乐器。"
nationalism,"国家主义； 民族主义， 民族优越感","Nationalism can be a powerful force.","民族主义可以是一种强大的力量。"
sulfur,"硫； 硫黄","Sulfur is a yellow chemical element.","硫是一种黄色的化学元素。"
terrain,"地势， 地形； 地带","The terrain was rough and rocky.","地形崎岖多岩石。"
navigate,"航行， 横渡； 导航； 设法完成","The captain navigated the ship through the storm.","船长驾驶着船穿过风暴。"
culpable,"有罪的； 该谴责的， 难辞其咎的","The police found him culpable for the accident.","警方发现他对这起事故有罪。"
raw,"生的， 未烹制的； 自然状态的， 未经加工的； 生疏的， 无经验的； 粗犷的； 原始的， 未经处理的","Raw fish can be dangerous to eat.","生鱼吃起来可能很危险。"
sprinkle,"撒，洒，喷,少量","She sprinkled cheese over the pasta.","她在意大利面上撒了些奶酪。"
backlighting,"逆光","The photographer used backlighting to create a dramatic effect.","摄影师使用逆光来创造戏剧性的效果。"
municipal,"市政的； 内政的； 地方性的","The municipal government is responsible for the city's parks.","市政府负责城市的公园。"
institute,"设立；制定；开创,研究所， 学院","They instituted a new policy.","他们制定了一项新政策。"
endure,"忍受， 忍耐； 持久， 持续","He had to endure a lot of pain.","他不得不忍受巨大的痛苦。"
feign,"装作， 假装； 伪造","He feigned ignorance of the situation.","他假装对情况一无所知。"
poster,"海报， 招贴画； 发布消息的人","The movie poster was very eye-catching.","这部电影的海报非常引人注目。"
shortly,"不久； 简要地； 不耐烦地","He will be here shortly.","他马上就到。"
criterion,"〔判断、决定的〕标准，准则","The main criterion for a good job is job satisfaction.","衡量一份好工作的主要标准是工作满意度。"
essence,"本质， 精髓","The essence of the matter is simple.","这件事的本质很简单。"
pore,"仔细阅读，审阅；审视,气孔， 小孔","He pored over the book for hours.","他仔细研读这本书好几个小时。"
ambient,"周围的， 周围环境的； 产生轻松氛围的","The ambient temperature of the room was warm.","房间的周围温度很暖和。"
insistence,"坚持， 坚决主张","He got his way through sheer insistence.","他通过纯粹的坚持达到了目的。"
manual,"手工的；体力的,手册， 指南","The manual work is tiring.","体力劳动很累。"
ornamental,"装饰性的，装饰用的,装饰物","The vase is purely ornamental.","这个花瓶纯粹是装饰用的。"
sentimental,"情感的； 伤感的， 多愁善感的","He became sentimental when he talked about his childhood.","当他谈到童年时，变得多愁善感。"
maneuver,"操纵，控制；耍花招,策略； 花招","The pilot performed a difficult maneuver.","飞行员完成了一个困难的动作。"
dual,"双的， 二重的","He has a dual nationality.","他有双重国籍。"
retire,"退休， 引退， 退役； 退出； 撤退； 就寝","He retired from his job at age 65.","他65岁时从工作中退休了。"
dexterous,"惯用右手的； 灵巧的， 熟练的","He is a dexterous pianist.","他是一位灵巧的钢琴家。"
aspect,"方面； 朝向， 方向； 外表， 外观","We should consider all aspects of the problem.","我们应该考虑问题的各个方面。"
vegetarian,"素食者的,素食者","She is a vegetarian.","她是一位素食者。"
aggressive,"侵略的， 挑衅的； 强有力的； 敢作敢为的， 有进取心的","He has an aggressive marketing strategy.","他有一个激进的营销策略。"
resilience,"弹力， 弹性； 复原力； 适应力","The resilience of the human spirit is remarkable.","人类精神的韧性是了不起的。"
corona,"日冕， 日华； 光环","The solar eclipse revealed the sun's corona.","日食揭示了太阳的日冕。"
midterm,"中间的，期中的,期中考试； 中期； 期中","We have a midterm exam next week.","我们下周有期中考试。"
signify,"意味； 表示， 预示； 要紧， 有重要性","What do these symbols signify?","这些符号象征着什么？"
suction,"吸， 抽吸； 吸力","The vacuum cleaner works by suction.","吸尘器通过吸力工作。"
holistic,"整体的， 全面的； 功能整体性的","The doctor takes a holistic approach to health.","这位医生对健康采取了一种全面的方法。"
stratum,"岩层；地层","The archaeologist found ancient tools in the upper stratum.","考古学家在上层地层中发现了古代工具。"
swing,"摆动，摇荡；突然转向，突然转身,摆动， 摇摆； 秋千","The children are playing on the swing.","孩子们正在荡秋千。"
turbulent,"动乱的； 狂暴的， 汹涌的","The plane experienced a turbulent flight.","飞机经历了颠簸的飞行。"
overt,"公开的， 非秘密的","He made an overt threat.","他进行了公开的威胁。"
invasion,"侵入， 侵略， 侵犯","The invasion of privacy is a serious issue.","侵犯隐私是一个严重的问题。"
forefront,"最前沿， 最前线； 中心","The company is at the forefront of technology.","这家公司处于科技的最前沿。"
spin,"快速旋转；纺纱；吐丝；甩干衣服,旋转","The top spins very fast.","陀螺转得非常快。"
grocery,"杂货店； 杂货","I need to buy some groceries.","我需要买一些杂货。"
shallow,"浅的；","The water in the pool is very shallow.","游泳池里的水很浅。"
scout,"侦察；寻找；搜索,侦察员； 侦察机； 童子军","The scout found a good place to camp.","侦察兵找到了一个很好的露营地。"
edifice,"大厦， 宏伟的建筑物","The library is a beautiful edifice.","图书馆是一座美丽的宏伟建筑。"
register,"登记， 注册","He registered for the course.","他注册了这门课程。"
persuasive,"有说服力的， 让人信服的","He gave a persuasive argument.","他提出了一个有说服力的论点。"
couple,"对，双；夫妇，情侣；几个人，几件事,连接， 结合","The couple went for a walk.","这对夫妇去散步了。"
communicate,"交流， 沟通； 传达， 传播； 通信","It's important to communicate clearly.","清晰地沟通很重要。"
saddle,"马鞍；车座,给…备鞍","He put the saddle on the horse.","他把马鞍放在马背上。"
rural,"乡村的， 农村的； 田园的","He lives in a rural area.","他住在农村地区。"
acclaim,"喝彩， 称赞","The play was acclaimed by critics.","这部戏受到了评论家的好评。"
concord,"和睦； 公约","The two nations lived in concord.","这两个国家和睦相处。"
acid,"酸的， 酸味的； 尖刻的， 刻薄的,酸，酸性物质","The lemon juice is very acid.","柠檬汁很酸。"
shortage,"不足， 缺乏","There is a shortage of clean water.","干净的水资源短缺。"
blush,"脸红；羞愧,脸上泛起的红晕","She blushed when he complimented her.","当他赞美她时，她脸红了。"
overgraze,"过度放牧","The land was overgrazed by the cattle.","这片土地被牛群过度放牧了。"
dubious,"怀疑的， 拿不准的； 可疑的， 靠不住的","I am dubious about his claims.","我对他的说法持怀疑态度。"
clipper,"快速帆船； 剪刀","He used a nail clipper to trim his nails.","他用指甲刀修剪指甲。"
swift,"敏捷的，速度快的,雨燕","The swift bird flew by.","这只敏捷的鸟飞了过去。"
ductile,"有延性的， 韧性的； 易引导的， 易受影响的","Gold is a very ductile metal.","黄金是一种延展性很好的金属。"
conciliate,"安抚， 抚慰； 调和","He tried to conciliate the angry crowd.","他试图安抚愤怒的人群。"
utensil,"用具； 器皿","Kitchen utensils are for cooking.","厨房用具是用来做饭的。"
accede,"即位， 就任； 同意","He acceded to the throne.","他继承了王位。"
ratify,"正式批准， 使正式生效","The treaty was ratified by the government.","该条约得到了政府的正式批准。"
vivify,"赋予生气； 使生动， 使活跃","The artist's bright colors vivified the painting.","艺术家的明亮色彩使画作生动起来。"
pose,"摆姿势；造成；提出,姿势","The model posed for the photographer.","模特摆姿势让摄影师拍照。"
amend,"修正， 修订","The law was amended to include new provisions.","法律被修订以包含新条款。"
erupt,"突然发生， 爆发； 喷出","The volcano erupted.","火山爆发了。"
benevolent,"慈善的； 善心的","The benevolent old man donated a lot of money to the charity.","这位仁慈的老人向慈善机构捐赠了很多钱。"
consent,"同意， 赞成， 准许","She gave her consent to the marriage.","她同意了这桩婚事。"
respect,"尊重，尊敬；遵守,尊敬， 尊重； 重视； 方面","He has a great deal of respect for his teacher.","他对老师非常尊敬。"
retreat,"退却，撤退；退缩,退却， 撤退； 隐退处","The army was forced to retreat.","军队被迫撤退。"
fusion,"熔化， 熔解； 熔合； 核聚变； 联合， 合并","Nuclear fusion is a source of energy.","核聚变是一种能源。"
parachute,"跳伞； 空投,降落伞","He jumped out of the plane with a parachute.","他带着降落伞跳出飞机。"
behaviorism,"行为主义","Behaviorism is a school of thought in psychology.","行为主义是心理学的一个流派。"
mutual,"相互的； 共有的","They have a mutual respect for each other.","他们彼此相互尊重。"
shell,"壳，外壳；壳状物；骨架，框架；外表；炮弹,给…去壳； 炮击","The crab has a hard shell.","螃蟹有坚硬的壳。"
carnivore,"食肉动物","A lion is a carnivore.","狮子是食肉动物。"
pharmacy,"药店； 药剂学","I went to the pharmacy to get my prescription.","我去了药店拿处方药。"
therefore,"因此，从而,因此","He studied hard; therefore, he passed the exam.","他努力学习，因此通过了考试。"
exchange,"兑换；交易；调换，交换；交流,交易； 兑换； 交换； 交流","They exchanged phone numbers.","他们交换了电话号码。"
crooked,"不诚实的； 欺诈的； 弯曲的","He is a crooked politician.","他是一个不诚实的政客。"
contiguous,"接壤的， 毗邻的； 不间断的","The two states are contiguous.","这两个州是毗邻的。"
nourishment,"营养， 营养品","The soup provided much-needed nourishment.","这碗汤提供了急需的营养。"
connote,"意味着； 暗示","The word "home" connotes warmth and comfort.","“家”这个词意味着温暖和舒适。"
puddle,"水坑， 水洼","The rain left a puddle on the street.","雨在街上留下了一个水坑。"
primal,"最初的； 主要的， 首要的","He was driven by primal instincts.","他被原始的本能驱使着。"
paste,"粘贴；拼贴,面团； 糨糊","She pasted the photos into a scrapbook.","她把照片粘贴在剪贴簿里。"
directory,"人名地址录， 电话号码簿； 目录","I looked up the number in the phone directory.","我在电话簿里查了号码。"
jeans,"牛仔裤","He wears jeans every day.","他每天都穿牛仔裤。"
monarch,"君主， 帝王","The monarch of the country has no real power.","这个国家的君主没有实际权力。"
overnight,"整夜； 一夜之间,通宵的， 一整夜的； 一夜之间的","He stayed at a hotel overnight.","他在酒店住了一晚。"
behave,"行为， 表现； 表现得体， 有礼貌； 作出反应","The children behaved well at the party.","孩子们在派对上表现得很好。"
laser,"激光； 激光器","The surgeon used a laser to perform the operation.","外科医生使用激光进行手术。"
scope,"范围， 界限； 眼界， 见识； 余地， 机会","The scope of the project is very broad.","这个项目的范围非常广泛。"
notate,"以符号表示， 把…写成记号","He notated the melody for the piano.","他用符号将旋律记下来以供钢琴演奏。"
archaeology,"考古学","She is studying archaeology.","她在学习考古学。"
molecular,"分子的； 摩尔的； 由分子组成的","Molecular biology is a branch of science.","分子生物学是科学的一个分支。"
morale,"士气， 斗志","The morale of the team was very high.","球队的士气很高。"
periphery,"外围， 边缘","The new houses were built on the periphery of the town.","新房子建在城镇的郊区。"
fresco,"绘湿壁画于,湿壁画；湿壁画技法","The artist painted a beautiful fresco on the wall.","艺术家在墙上画了一幅美丽的湿壁画。"
identify,"识别； 鉴定； 找到， 发现","He was unable to identify the person in the photograph.","他无法认出照片里的人。"
embrace,"拥抱；包含；欣然接受,拥抱","She embraced her old friend.","她拥抱了她的老朋友。"
nitrogen,"氮","Nitrogen is a major component of the air.","氮是空气的主要成分。"
artesian,"自流水的， 喷水的","An artesian well produces its own pressure.","自流井可以自己产生压力。"
label,"标记,标签； 称号","The label on the box says "fragile."","盒子上的标签写着“易碎”。"
aquarium,"养鱼缸； 水族馆","We went to the aquarium to see the fish.","我们去水族馆看鱼。"
modify,"修改， 更改； 缓和； 【语】修饰","He modified the car to make it faster.","他改装了车以使其更快。"
soprano,"女高音","She has a beautiful soprano voice.","她有一个美丽的女高音嗓音。"
mortify,"使蒙受屈辱， 使难堪","I was mortified when I dropped my tray in the cafeteria.","当我在自助餐厅把托盘掉地上时，我感到很羞辱。"
cram,"填塞， 塞满； 匆忙准备， 临时死记硬背","He crammed for the exam all night.","他通宵为考试临时抱佛脚。"
clone,"克隆动物，无性繁殖动物；复制品，翻版,克隆， 以无性繁殖技术复制","Scientists were able to clone a sheep.","科学家们成功克隆了一只羊。"
detest,"憎恶","I detest rude behavior.","我讨厌粗鲁的行为。"
enunciate,"清晰地发音； 表达， 阐明","He enunciated each word clearly.","他清晰地发出了每个音。"
reservoir,"水库， 蓄水池； 储备， 储藏","The city's water supply comes from a reservoir.","这个城市的供水来自一个水库。"
exempt,"被免除的，被豁免的,免除， 豁免","He was exempted from military service.","他被免除了兵役。"
degenerative,"衰退的， 堕落的； 变性的","Alzheimer's is a degenerative disease.","阿尔茨海默氏症是一种退行性疾病。"
crab,"蟹， 螃蟹","We caught a crab at the beach.","我们在海滩上捉到了一只螃蟹。"
feminist,"女权主义者","She is a strong advocate for feminist causes.","她是女权主义事业的坚定拥护者。"
aesthetic,"审美的， 美学的； 美的， 艺术的","The aesthetic beauty of the painting is undeniable.","这幅画的美学价值是不可否认的。"
backup,"后援，增援；","The police called for backup.","警察请求增援。"
arithmetic,"算术","He is good at arithmetic.","他擅长算术。"
hardy,"强壮的； 耐寒的； 能吃苦耐劳的","The hardy plants survived the winter.","这些耐寒的植物度过了冬天。"
caption,"说明文字；标题；字幕,给加说明文字","The photograph had a caption underneath.","照片下面有一段说明文字。"
mismanage,"对…管理不当， 处理不当","The project was mismanaged from the start.","这个项目从一开始就被管理不当。"
carbohydrate,"碳水化合物","Pasta is a good source of carbohydrates.","意大利面是碳水化合物的良好来源。"
subconscious,"下意识的， 潜意识的,下意识，潜意识","His actions were guided by his subconscious mind.","他的行为受到他的潜意识的引导。"
eject,"逐出， 驱赶； 喷出， 喷射； 弹出","The pilot was forced to eject from the plane.","飞行员被迫从飞机上弹射出来。"
meteorologist,"气象学者","The meteorologist predicted rain for tomorrow.","气象学家预测明天有雨。"
defect,"变节， 叛变,瑕疵， 缺陷； 过失","The car was recalled due to a manufacturing defect.","这辆车因制造缺陷被召回。"
obedience,"服从， 顺从","He showed perfect obedience to his parents.","他对父母表现出完全的顺从。"
reinforce,"加固， 加强； 增援","The new bridge was reinforced with steel.","新桥用钢筋加固了。"
casual,"非正式的， 随便的； 漫不经心的； 漠不关心的， 冷淡的； 偶然的， 碰巧的； 临时的","He wore casual clothes to the party.","他穿了便装去参加派对。"
rim,"边，轮缘；边界,给…镶边","The rim of the cup was broken.","杯子的边缘破了。"
decline,"下降； 衰退； 拒绝， 谢绝","The company's sales have declined.","公司的销售额下降了。"
rip,"扯破，撕坏,裂口， 裂缝","He ripped his pants on the fence.","他的裤子在栅栏上撕破了。"
property,"财产， 所有物； 所有权； 房产， 地产； 特性","This car is my private property.","这辆车是我的私有财产。"
debris,"岩屑； 残骸； 碎屑","The street was covered in debris after the explosion.","爆炸后，街道上到处都是碎片。"
scuffle,"扭打， 混战","The two men were involved in a scuffle.","那两个男人卷入了一场混战。"
luster,"光亮， 光泽； 荣耀","The diamonds had a brilliant luster.","钻石有明亮的光泽。"
handle,"处理；对待；操纵；触，摸,柄， 把手， 拉手","He handled the situation with great care.","他非常谨慎地处理了这件事。"
urbanization,"都市化","The urbanization of the area is a concern.","该地区的城市化是一个问题。"
tough,"坚韧的； 棘手的， 困难的； 强健的， 吃苦耐劳的； 粗暴的； 严格的； 老的","He is a tough boss.","他是一个严厉的老板。"
yeast,"酵母， 发酵粉","Yeast is used to make bread rise.","酵母是用来让面包发酵的。"
script,"剧本，脚本，广播稿；笔迹；字母表,为电影写剧本","She wrote the script for the movie.","她写了这部电影的剧本。"
melody,"旋律， 曲调； 乐曲， 歌曲","The melody of the song is beautiful.","这首歌的旋律很美。"
trilogy,"三部剧， 三部曲","The movie is the third part of a trilogy.","这部电影是三部曲的第三部。"
spot,"认出，发现,地点； 斑点； 少量","I spotted him in the crowd.","我在人群中认出了他。"
sterile,"不育的； 贫瘠的； 无菌的； 无结果的， 没有实际价值的； 刻板的","The soil is sterile and nothing will grow there.","这片土壤贫瘠，什么也长不出来。"
watercourse,"水道， 河道","The watercourse was dry due to the drought.","由于干旱，水道干涸了。"
catholic,"广泛的，包罗万象的；[C-]天主教的,[C-]天主教","His tastes were catholic and he enjoyed all kinds of art.","他的兴趣广泛，喜欢各种艺术。"
mighty,"强有力的； 巨大的","The mighty army marched forward.","强大的军队向前进发。"
partial,"部分的， 不完全的； 偏爱的， 癖好的； 偏袒的","I have a partial understanding of the subject.","我对这个主题有部分了解。"
pictorial,"图示的，有图片的；绘画的，图画的,画报， 画刊","The book gives a pictorial history of the war.","这本书用图片展示了战争的历史。"
slough,"使脱落,泥坑， 沼泽； 绝境","The snake sloughed off its skin.","蛇蜕掉了它的皮。"
drench,"使湿透","The sudden rain drenched my clothes.","突如其来的雨把我的衣服淋湿了。"
retain,"保持， 保留","She retained her calm in the face of danger.","她在危险面前保持了冷静。"
drastic,"剧烈的， 猛烈的， 激烈的","The company took drastic measures to cut costs.","公司采取了激烈的措施来削减成本。"
epoch,"新纪元， 时代","The invention of the computer marked a new epoch.","计算机的发明标志着一个新的纪元。"
retail,"以零售方式,零售；以…价格销售,零售","She works in retail.","她在零售业工作。"
crew,"全体船员； 全体工作人员","The ship's crew was a mix of different nationalities.","船上的船员来自不同的国家。"
spear,"刺，戳, 矛， 枪； 嫩叶","The warrior threw his spear at the enemy.","战士向敌人投掷了长矛。"
innovate,"革新， 创新","The company that does not innovate will fail.","不创新的公司将会倒闭。"
extravagant,"放肆的， 过分的； 奢侈的， 铺张的","She has very extravagant tastes.","她的品味非常奢侈。"
accommodate,"提供； 容纳； 适应， 顺应","The hotel can accommodate up to 500 guests.","这家旅馆最多可容纳500名客人。"
bubble,"泡；","The champagne was full of bubbles.","香槟里充满了气泡。"
yield,"生产，出产；屈服，顺从；让出，放弃；变形，弯曲, 产量； 收益","The land yields a good crop.","这片土地收成很好。"
protagonist,"主角， 主人公； 领导者， 倡导者","The protagonist of the story is a young girl.","故事的主人公是一个年轻的女孩。"
vacation,"度假, 假期","We're going on vacation to Spain this year.","我们今年要去西班牙度假。"
sacred,"宗教的； 上帝的， 神圣的","This is a sacred place.","这是一个神圣的地方。"
outcome,"结果， 成果","What was the outcome of the meeting?","会议的结果是什么？"
polar,"极的， 极地的； 磁极的； 正好相反的， 截然对立的","The polar bear is a large white bear that lives in the Arctic.","北极熊是生活在北极的大型白熊。"
tender,"嫩的；脆弱的；温柔的，亲切的, 提出；投标, 投标","The meat was very tender.","肉很嫩。"
vapor,"蒸气， 潮气","Water vapor is a gas.","水蒸气是一种气体。"
curriculum,"课程","The school has a new curriculum this year.","学校今年有了新课程。"
meditate,"沉思， 冥想； 考虑； 谋划","I like to meditate in the morning.","我喜欢在早上冥想。"
prototype,"原型， 雏形","This is a prototype of our new car.","这是我们新车的原型。"
meantime,"其时， 同时","In the meantime, I'll be waiting for you.","在此期间，我会等你的。"
dehydrate,"脱水","It's important to stay hydrated and not dehydrate in hot weather.","在炎热的天气里，保持水分，不要脱水，这一点很重要。"
cite,"引用， 引证； 传唤， 传讯； 表彰， 嘉奖","He cited several sources in his paper.","他在论文中引用了几个来源。"
blurt,"脱口而出","He blurted out the secret.","他脱口而出那个秘密。"
atom,"原子； 微粒， 微量","An atom is the smallest unit of an element.","原子是元素的最小单位。"
internship,"实习期","She's doing an internship at a law firm.","她在一家律师事务所实习。"
pertain,"存在； 适用","This rule does not pertain to you.","这条规则不适用于你。"
shed,"抛弃；摆脱；流出；散发；发出；脱落, 小屋","The snake shed its skin.","蛇蜕了皮。"
spun,"拉成丝的","The spider spun a web.","蜘蛛织了一张网。"
tolerable,"可忍受的， 可容忍的； 尚好的， 过得去的","The pain was tolerable.","疼痛是可以忍受的。"
bicameral,"两院制的， 有两个议院的","The United States has a bicameral legislature.","美国有两院制立法机关。"
correspond,"相一致， 符合； 相当于； 通信","Her actions do not correspond with her words.","她的言行不一。"
spur,"刺激；激励；马刺, 激励， 鼓舞； 刺激， 促进","The new law will spur economic growth.","新法律将刺激经济增长。"
mode,"方式， 形式； 风格； 时尚","What is your preferred mode of transportation?","你更喜欢哪种交通方式？"
rear,"后部的， 后面的, 养育，抚养，培养；饲养, 后部，后方；臀部","The rear of the car was damaged in the accident.","汽车的后部在事故中受损。"
elapse,"消逝， 流逝","Two years have elapsed since we last met.","自我们上次见面以来，已经过去两年了。"
symmetry,"对称； 相似， 相仿","The design has a perfect symmetry.","这个设计具有完美的对称性。"
insect,"昆虫， 虫","Ants are a type of insect.","蚂蚁是一种昆虫。"
complement,"补充， 补足， 使完善； 与…相配, 补充物， 补足物； 足数， 足额； 补足语","The wine complements the food perfectly.","这种酒与食物完美搭配。"
qualify,"具有资格， 合格； 有权； 限定， 修饰","She is qualified for the job.","她有资格胜任这份工作。"
bode,"预示","This does not bode well for the future.","这对未来不是好兆头。"
already,"已， 已经","I have already eaten.","我已经吃过了。"
Pueblo,"普韦布洛印第安人村落； 普韦布洛人","The Pueblo people are a Native American people in the Southwestern United States.","普韦布洛人是美国西南部的美洲原住民。"
applicable,"可应用的， 可实施的； 适当的， 合适的","This rule is not applicable to everyone.","这条规则不适用于所有人。"
admission,"准许进入； 入场费； 承认","Admission to the museum is free.","博物馆免费入场。"
adhere,"黏附， 附着； 坚持； 遵守","You must adhere to the rules.","你必须遵守规则。"
sediment,"沉淀物， 沉积物","There was a layer of sediment at the bottom of the glass.","杯底有一层沉淀物。"
tremulous,"发抖的， 颤抖的； 害怕的","She spoke in a tremulous voice.","她用颤抖的声音说话。"
hybrid,"杂交产生的；混合的，合成的, 杂交植物； 混合物， 合成物","A mule is a hybrid of a male donkey and a female horse.","骡子是公驴和母马的杂交种。"
panorama,"全景， 全貌； 概观， 综述","The view from the top of the mountain was a beautiful panorama.","从山顶看，景色壮丽的全景。"
adaptable,"能适应的； 可改编的","She is a very adaptable person.","她是个适应能力很强的人。"
contemporary,"当代的；","He is a contemporary artist.","他是一位当代艺术家。"
mock,"嘲笑，嘲弄；模仿；蔑视，, 模拟考试","He mocked her for her accent.","他嘲笑她的口音。"
credence,"可信性， 真实性； 信任； 信念","I don't give any credence to his story.","我不相信他的故事。"
gear,"齿轮，传动装置；挡；设备, 调节， 使适应","The car is in first gear.","汽车挂在一档。"
facilitate,"推动， 促进","The new road will facilitate the movement of traffic.","新路将促进交通的流动。"
rob,"抢夺， 抢掠； 剥夺， 使失去","He robbed a bank.","他抢劫了一家银行。"
rod,"杆， 棒","He was holding a fishing rod.","他拿着一根鱼竿。"
roe,"鱼卵","I like to eat fish roe.","我喜欢吃鱼子。"
quiver,"颤动， 抖动, 颤抖；箭筒","Her lip quivered with emotion.","她的嘴唇激动地颤抖着。"
encase,"包住","The statue was encased in glass.","雕像被玻璃罩住了。"
telegraph,"打电报， 发电报, 电报；电报机","He telegraphed the news to his family.","他把消息电告家人。"
disappoint,"失望， 扫兴","I was disappointed with the results.","我对结果感到失望。"
rebellious,"反叛的， 叛逆的； 叛乱的","He was a rebellious teenager.","他是个叛逆的少年。"
gloss,"有光泽, 光泽，色泽；亮光漆；注解","The floor has a high gloss.","地板光泽度很高。"
ration,"配给量，定量；给养，口粮, 配给， 定量供应","We were given a ration of food and water.","我们得到了食物和水的配给。"
construction,"构造， 结构； 建筑物","The construction of the new bridge will take two years.","新桥的建设需要两年时间。"
predict,"预言， 预测","It's hard to predict the future.","很难预测未来。"
dump,"丢弃，倾倒；抛弃；推卸；倾销, 垃圾场","Don't dump your trash on the street.","不要把垃圾扔在街上。"
universal,"普遍的， 全体的； 通用的， 万能的； 宇宙的， 全世界的","The universal language of music.","音乐的通用语言。"
subjective,"主观的， 个人的","Beauty is subjective.","美是主观的。"
blossom,"开花； 长成, 花","The cherry trees are in blossom.","樱花盛开。"
radical,"根本的；激进的，极端的；全新的，不同凡响的, 激进分子； 游离基， 自由基","He is a radical politician.","他是一位激进的政治家。"
blunt,"钝的；不敏感的；直率的, 使迟钝； 使减弱","This knife is blunt.","这把刀很钝。"
irresistible,"无法抗拒的， 诱人的； 不能自已的","The temptation was irresistible.","诱惑是无法抗拒的。"
doodle,"乱涂， 胡画","He was doodling in his notebook.","他在笔记本上乱涂乱画。"
intuitive,"直觉的","She has an intuitive understanding of people.","她对人有直觉的理解。"
minute,"细微的， 极小的； 细致入微的， 详细的, 分， 分钟； 一会儿， 片刻； 时刻","Wait a minute.","等一下。"
analogy,"类比， 类推","He drew an analogy between the human brain and a computer.","他把人脑比作电脑。"
transcendent,"卓越的， 出众的","He is a transcendent genius.","他是一位卓越的天才。"
swirl,"打旋， 旋转, 漩涡；螺旋形","The water swirled down the drain.","水旋转着流入下水道。"
application,"请求， 申请； 应用， 运用； 敷用","I have submitted my application for the job.","我提交了工作申请。"
productive,"生产的； 能产的， 多产的； 富有成效的","She is a very productive worker.","她是个非常高产的工人。"
hummingbird,"蜂鸟","A hummingbird is a small bird that can hover in the air.","蜂鸟是一种可以在空中盘旋的小鸟。"
semester,"学期","This is my last semester of college.","这是我大学的最后一学期。"
hypothesis,"假设， 假说； 前提","The hypothesis needs to be tested.","这个假设需要被检验。"
collapse,"崩溃， 倒塌； 虚脱","The building collapsed in the earthquake.","大楼在地震中倒塌了。"
dull,"乏味的， 单调的； 迟钝的； 无光泽的； 萧条的； 阴沉的， 昏暗的","The movie was dull and boring.","这部电影枯燥乏味。"
ferment,"发酵； 骚动, 发酵； 动乱， 骚动","The wine is fermenting.","葡萄酒正在发酵。"
comprehend,"理解， 领会； 包括， 由…组成","I can't comprehend his strange behavior.","我无法理解他奇怪的行为。"
potency,"影响力， 支配力； 效力","The potency of the drug is very high.","这种药的药效很强。"
accurate,"正确无误的， 精确的","The information is accurate.","信息准确无误。"
octopus,"章鱼","An octopus has eight arms.","章鱼有八条腿。"
prostitution,"卖淫； 出卖灵魂， 堕落； 滥用","Prostitution is illegal in many countries.","在许多国家，卖淫是违法的。"
legend,"传奇故事， 传说； 传奇文学","The legend of King Arthur is very famous.","亚瑟王的传说非常有名。"
paraphrase,"解释； 改写, 释义","Can you paraphrase this sentence for me?","你能帮我解释一下这句话吗？"
erect,"直立的, 建立； 竖立","The soldiers stood erect.","士兵们挺直了身子。"
exalted,"崇高的， 高贵的， 显赫的","He holds an exalted position in the company.","他在公司里身居高位。"
identification,"身份证明； 辨认， 鉴定","I need to see some form of identification.","我需要看某种形式的身份证明。"
protein,"蛋白质","Meat is a good source of protein.","肉是蛋白质的良好来源。"
annual,"每年的，一年一度的, 年报， 年刊， 年鉴； 一年生植物","The company holds an annual meeting.","公司每年举行一次会议。"
exclusive,"独占的；除外的，排他的；奢华的, 独家新闻","This is an exclusive interview.","这是一次独家专访。"
jar,"震动；冲突，抵触；感到不快, 坛子； 广口瓶","I have a jar of honey.","我有一罐蜂蜜。"
poverty,"贫穷， 贫困","Many people live in poverty.","许多人生活在贫困中。"
repertoire,"常备剧目， 保留剧目； 可表演节目； 全部才能","The orchestra has a large repertoire of classical music.","这个管弦乐队有大量的古典音乐保留曲目。"
resort,"求助, 度假胜地； 手段","We went to a ski resort for our vacation.","我们去滑雪胜地度假。"
dwindle,"减少； 缩小","Our supplies are dwindling.","我们的供应正在减少。"
lightning,"闪电般的， 快速的, 闪电","There was a flash of lightning.","一道闪电。"
jaw,"颌，颚；","The shark has a powerful jaw.","鲨鱼有强壮的下颚。"
reef,"礁， 暗礁","The ship was wrecked on a coral reef.","船在珊瑚礁上遇难了。"
margin,"边缘； 页边空白； 差数， 差额； 余地， 余裕","There is a wide margin on the left side of the page.","页面的左边有很宽的空白。"
nail,"指甲，爪；钉, 将…钉牢， 钉住","She painted her nails red.","她把指甲涂成了红色。"
tarnish,"失去光泽；玷污，败坏, 污点； 瑕疵","The silver has tarnished.","银器失去了光泽。"
sunlit,"阳光照射的","The room was sunlit and airy.","房间阳光充足，通风良好。"
refine,"精炼， 精制； 使完善； 净化， 提纯","The company refines sugar.","这家公司提炼糖。"
mount,"增加；登上，攀登；骑上，乘上；发起，组织，开展, 山， 山峰； 支架， 底座","He mounted his horse and rode away.","他骑上马走了。"
coexist,"共存","The two cultures coexist peacefully.","两种文化和平共存。"
acquiesce,"默许， 默认","He acquiesced in the decision.","他默许了这个决定。"
pathetic,"可怜的， 引起怜悯的， 令人怜惜的","The little kitten was a pathetic sight.","那只小猫看起来很可怜。"
turkey,"火鸡； 失败","We had turkey for Thanksgiving dinner.","我们感恩节晚餐吃了火鸡。"
atomic,"原子的； 原子能的","The atomic bomb is a powerful weapon.","原子弹是一种威力强大的武器。"
overtime,"加班, 超时的， 加班的","I had to work overtime last night.","我昨晚得加班。"
scorch,"烧焦；枯萎，枯黄, 焦痕","The sun scorched the grass.","太阳把草晒焦了。"
telescope,"望远镜","He looked at the stars through a telescope.","他用望远镜看星星。"
mound,"土墩， 土丘； 堆， 垛","There was a mound of earth in the middle of the field.","田野中央有一座土墩。"
gentility,"有教养， 文雅","She was a woman of great gentility.","她是一位非常有教养的女人。"
accuse,"谴责； 指责， 归咎； 指控， 控告","He was accused of theft.","他被指控盗窃。"
algebra,"代数","I'm studying algebra in school.","我在学校学习代数。"
espouse,"支持， 拥护， 赞成","He espoused the cause of the poor.","他支持穷人的事业。"
predecessor,"前辈； 前任； 原有事物","My predecessor was a very competent man.","我的前任是个非常能干的人。"
acquire,"获得， 取得","He acquired a lot of wealth.","他获得了大量财富。"
tactic,"手段，策略；","What's your tactic for winning the game?","你赢得比赛的策略是什么？"
worth,"值…的，价值…的，值得…的, 价值； 财产","This book is worth reading.","这本书值得一读。"
automobile,"汽车， 机动车","The automobile has changed the way we live.","汽车改变了我们的生活方式。"
fertile,"肥沃的， 富饶的； 能结果的， 能繁殖的； 想象力丰富的","The soil is very fertile.","这片土地很肥沃。"
diversity,"多样性","The diversity of cultures in this city is amazing.","这座城市文化的多样性令人惊叹。"
notion,"概念， 观念； 想法","I have no notion of what he's talking about.","我不知道他在说什么。"
captive,"被监禁的，被困住的；受控制的, 俘虏， 战俘","The soldiers were taken captive.","士兵们被俘虏了。"
dividend,"红利， 股息； 回报， 效益； 被除数","The company paid a dividend to its shareholders.","公司向股东支付了股息。"
popular,"通俗的； 受欢迎的； 流行的","This is a very popular song.","这是一首非常流行的歌曲。"
vice,"恶行， 恶习； 副， 代理","He has a number of vices, including gambling and drinking.","他有很多恶习，包括赌博和酗酒。"
esteem,"尊重， 敬重","I have great esteem for her.","我非常敬重她。"
outweigh,"超过","The benefits outweigh the costs.","利大于弊。"
shear,"剪； 切断， 剪切","The farmer sheared the sheep.","农夫给羊剪毛。"
wedge-shaped,"楔形的","The tool has a wedge-shaped blade.","这个工具有一个楔形的刀片。"
alga,"水藻","Algae are a group of simple, plant-like organisms.","藻类是一组简单的、植物样的生物。"
dupe,"上当者, 欺骗， 愚弄","He was duped into buying a fake watch.","他被骗买了一块假表。"
meteor,"流星","A meteor is a small body of matter from outer space that enters the earth's atmosphere.","流星是来自外太空进入地球大气层的一小块物质。"
empower,"授权， 准许； 使控制局势","The new law will empower women.","新法律将赋予妇女权力。"
suppress,"抑制， 阻止； 镇压， 压制； 禁止发表， 查禁； 阻止…的生长","The government suppressed the rebellion.","政府镇压了叛乱。"
crater,"火山口； 坑","The volcano has a large crater at its summit.","火山顶上有一个大火山口。"
gravitational,"重力的， 万有引力的","The gravitational force of the Earth keeps us from floating away.","地球的引力使我们不会飘走。"
wrinkle,"起皱纹, 皱纹","She has a few wrinkles around her eyes.","她眼角有几条皱纹。"
calm,"平静的；镇静的，沉着的, 使平静， 使镇定， 平息","The sea was calm.","海面很平静。"
supervise,"监督； 指导","She supervises a team of workers.","她监督一个工人团队。"
fabulous,"寓言式的； 难以置信的； 极好的","She looks fabulous in that dress.","她穿那件衣服真漂亮。"
dilemma,"困境， 进退两难的局面","I'm in a dilemma.","我进退两难。"
rub,"擦， 摩擦","She rubbed her hands together to warm them up.","她搓了搓手，让手暖和起来。"
through,"从头到尾，自始至终；直达，径直；彻底，完全, 完成的， 结束的； 直达的， 直通的, 穿过，通过；从头到尾，自始至终；经由，以；因为，由于","We drove through the tunnel.","我们开车穿过隧道。"
rug,"地毯； 围毯","There is a rug on the floor.","地板上有一块地毯。"
hieroglyph,"象形文字， 象形符号","The ancient Egyptians used hieroglyphs to write.","古埃及人使用象形文字书写。"
towering,"高耸的； 杰出的","The towering mountains were covered in snow.","高耸的群山被白雪覆盖。"
occasional,"偶然的， 不经常的； 临时的","I have an occasional cigarette.","我偶尔抽根烟。"
enact,"制定法律， 颁布； 扮演","The government has enacted a new law.","政府颁布了一项新法律。"
deviant,"不正常的，越出常规的, 不正常的人","His behavior is deviant.","他的行为不正常。"
pharaoh,"法老","The pharaohs were the rulers of ancient Egypt.","法老是古埃及的统治者。"
scrutinize,"仔细检查， 细察","He scrutinized the document carefully.","他仔细检查了这份文件。"
realtor,"房地产经纪人","I need to find a realtor to help me sell my house.","我需要找一个房地产经纪人来帮我卖掉我的房子。"
debate,"辩论； 讨论， 争论","There was a lively debate about the new law.","关于新法律的辩论很热烈。"
spacecraft,"航天器， 宇宙飞船","The spacecraft is on its way to Mars.","宇宙飞船正在飞往火星。"
extinguish,"熄灭， 扑灭； 消灭， 毁灭， 使破灭","He extinguished the fire.","他扑灭了火。"
vulnerable,"易受攻击的， 易受伤的","She is very vulnerable to criticism.","她很容易受到批评。"
preach,"布道， 讲道； 竭力鼓吹， 宣讲， 宣传； 说教","The priest preached a sermon on the importance of forgiveness.","牧师就宽恕的重要性布道。"
fibrous,"含纤维的； 纤维状的","Celery is a fibrous vegetable.","芹菜是一种富含纤维的蔬菜。"
recollection,"记忆力； 回忆， 记忆； 回想起来的事","I have a vivid recollection of that day.","我对那天记忆犹新。"
subjugate,"征服， 制伏， 使服从","The invaders subjugated the local population.","侵略者征服了当地居民。"
donate,"捐赠； 赠送","He donated a large sum of money to charity.","他向慈善机构捐赠了一大笔钱。"
deplete,"使枯竭， 耗尽","The war has depleted the country's resources.","战争耗尽了该国的资源。"
bonanza,"富矿带； 带来好运的事； 兴盛， 繁荣","The new oil discovery was a bonanza for the company.","新的石油发现对公司来说是一笔横财。"
statistic,"统计数字，统计资料；","The statistics show that the crime rate is falling.","统计数据显示犯罪率正在下降。"
nicotine,"尼古丁","Nicotine is a stimulant found in tobacco.","尼古丁是烟草中的一种兴奋剂。"
taboo,"忌讳的, 禁忌，忌讳；禁止，避讳","Sex is a taboo subject in many cultures.","在许多文化中，性是一个禁忌话题。"
mold,"霉菌；模型, 塑造","The cheese was covered in mold.","奶酪上长满了霉菌。"
bold,"大胆的； 冒失的； 粗体的； 醒目的","She is a bold and adventurous woman.","她是个大胆而富有冒险精神的女人。"
significant,"有重大意义的， 重要的， 显著的； 意味深长的","This is a significant discovery.","这是一个重大的发现。"
tentacle,"触角， 触须， 触手","The octopus has eight tentacles.","章鱼有八条触手。"
overlap,"交叠， 部分重叠, 重叠； 重叠的部分","The two circles overlap.","两个圆重叠。"
volunteer,"自愿做, 志愿的， 义务的, 志愿者；志愿军","I volunteered to help at the local hospital.","我自愿去当地医院帮忙。"
senate,"参议院； 上院","The Senate is the upper house of the United States Congress.","参议院是美国国会的上议院。"
assassinate,"暗杀， 行刺； 诋毁","The president was assassinated.","总统被暗杀了。"
crow,"啼叫， 打鸣； 得意洋洋, 乌鸦","The crow is a black bird.","乌鸦是黑色的鸟。"
bolt,"逃跑；闩上, 插销， 门闩； 闪电","He bolted the door.","他闩上了门。"
congressional,"立法机构的； 代表大会的； 国会的","He is a congressional candidate.","他是一位国会候选人。"
boon,"恩惠， 恩赐； 益处","The new bridge will be a boon to the local community.","新桥将给当地社区带来福音。"
novelty,"新奇， 新颖； 新奇的事物","The novelty of the new toy soon wore off.","新玩具的新鲜感很快就消失了。"
boom,"迅速发展，激增；发出低沉有力的声音, 激增， 繁荣； 繁荣昌盛期","The economy is booming.","经济正在蓬勃发展。"
abolish,"废止， 废除","Slavery was abolished in the United States in 1865.","美国于1865年废除了奴隶制。"
absence,"缺席； 缺乏","His absence was noted.","他的缺席被注意到了。"
attract,"吸引","The flowers attract bees.","花朵吸引蜜蜂。"
critique,"批评，评论, 写评论","He wrote a critique of the new movie.","他写了一篇关于新电影的评论。"
cautious,"小心的， 谨慎的","Be cautious when crossing the street.","过马路时要小心。"
recession,"衰退， 衰退时期， 萧条时期； 撤回， 退回","The economy is in a recession.","经济正处于衰退之中。"
situated,"坐落在…的； 处于…境地的","The hotel is situated in the city center.","酒店位于市中心。"
malicious,"怀有恶意的， 恶毒的","He made a malicious rumor about her.","他散布了一个关于她的恶意谣言。"
vigilance,"警戒， 警惕","We must maintain our vigilance against terrorism.","我们必须对恐怖主义保持警惕。"
ally,"结盟, 同盟国； 结盟者， 支持者","The United States is a close ally of the United Kingdom.","美国是英国的亲密盟友。"
concentric,"同心的","The target is made of concentric circles.","靶子是由同心圆组成的。"
mantle,"覆盖物； 披风， 斗篷； 纱罩； 【地】地幔","The Earth's mantle is the layer of the Earth between the crust and the core.","地幔是地球地壳和地核之间的地层。"
outrageous,"残暴的； 骇人的； 反常的， 过度的","The price of the tickets was outrageous.","票价高得离谱。"
abbreviate,"缩略， 缩写","'United States' is often abbreviated to 'U.S.'","'United States' 经常缩写为 'U.S.'。"
lavish,"大方的， 慷慨的； 大量的； 浪费的, 慷慨给予，滥用；浪费，挥霍","He is very lavish with his money.","他花钱很大方。"
substance,"物质； 主旨， 实质； 根据； 重要性","The substance of his speech was that we need to do more to protect the environment.","他演讲的主旨是，我们需要为保护环境做更多的事情。"
varnish,"上清漆, 清漆","The table has a beautiful varnish.","这张桌子有漂亮的清漆。"
tribal,"部落的， 宗族的； 种族的","The tribal chief is a very respected man.","部落首领是一位非常受人尊敬的人。"
bond,"黏合， 结合, 联结，黏结；债券；黏合剂；契约，合同","The two countries have a strong bond of friendship.","两国有着牢固的友谊纽带。"
momentum,"动量； 动力， 冲力； 势头","The campaign is gaining momentum.","竞选活动势头越来越猛。"
target,"目标，对象；靶子, 把…作为目标","The target of the investigation is the company's CEO.","调查的目标是公司的首席执行官。"
discourse,"讲述， 论述, 演讲； 论文； 话语","He gave a discourse on the importance of education.","他发表了关于教育重要性的演说。"
obstruct,"妨碍， 阻挠； 阻塞","The fallen tree is obstructing the road.","倒下的树堵塞了道路。"
grind,"打磨；磨，碾, 磨碎， 碾碎； 苦差事","He grinds his own coffee beans.","他自己磨咖啡豆。"
bony,"瘦骨嶙峋的； 似骨的； 多骨的","He is a bony man.","他是个骨瘦如柴的人。"
labyrinth,"迷宫； 错综复杂的事件","The old city is a labyrinth of narrow streets.","这座古城是一座由狭窄街道组成的迷宫。"
aquatic,"水生的； 水上的","Aquatic plants grow in water.","水生植物在水中生长。"
cape,"海角， 岬； 斗篷， 披肩","She wore a long black cape.","她穿着一件黑色的长斗篷。"
microprocessor,"微处理器","The microprocessor is the brain of a computer.","微处理器是计算机的大脑。"
delicate,"易损的； 微妙的； 精巧的； 娇弱的， 纤细的","The flower is very delicate.","这朵花很娇嫩。"
rebel,"造反， 起义， 反抗, 叛逆者， 起义者","The rebels were defeated by the army.","叛军被军队击败了。"
modeling,"立体感； 建模， 造型","She is a successful model.","她是个成功的模特。"
bounce,"弹起，反弹, 弹跳； 反弹力","The ball bounced off the wall.","球从墙上弹了回来。"
ammonia,"氨， 氨水","Ammonia is a colorless gas with a pungent smell.","氨是一种有刺激性气味的无色气体。"
crustal,"外壳的， 地壳的","The Earth's crustal plates are constantly moving.","地球的地壳板块在不断移动。"
tissue,"纸巾，面巾纸","I need a tissue to wipe my nose.","我需要一张纸巾擦鼻子。"
experimental,"实验的， 用于实验的","This is an experimental drug.","这是一种实验性药物。"
cart,"运货马车；手推车, 用车装运","He was pushing a cart full of groceries.","他推着一辆装满杂货的手推车。"
cast,"浇铸；投掷；投射；蜕, 铸件； 演员表， 全体演员； 投， 抛","The actors were well cast in the play.","演员们在这出戏里选得很好。"
anxious,"渴望的； 担忧的； 令人焦虑的","She was anxious about her exam results.","她为考试成绩感到焦虑。"
slice,"薄片；部分，份额, 把…切成片","I'd like a slice of cake, please.","请给我一片蛋糕。"
auditory,"耳的； 听觉的","The auditory nerve connects the ear to the brain.","听神经连接耳朵和大脑。"
frost,"结霜，蒙上霜, 霜； 霜冻； 严寒","The ground was covered with frost.","地上结了一层霜。"
larva,"〔昆虫的〕幼虫，幼体","The larva of a butterfly is called a caterpillar.","蝴蝶的幼虫叫毛毛虫。"
burrow,"挖掘，挖地洞；寻找，","The rabbit burrowed into the ground.","兔子钻进了地里。"
incline,"倾斜； 倾向于, 斜坡， 斜面","The road has a steep incline.","这条路坡度很陡。"
olfactory,"嗅觉的","The olfactory nerve is responsible for the sense of smell.","嗅神经负责嗅觉。"
elevate,"举起， 抬高； 提升职位； 使情绪高昂， 使兴高采烈","He was elevated to the position of CEO.","他被提升为首席执行官。"
designate,"已任命但尚未就职的, 命名；任命；指明，标示","He has been designated as the new leader.","他被指定为新领导人。"
slick,"光滑的； 熟练的； 圆滑的， 口齿伶俐的； 精巧的， 巧妙的","The road was slick with rain.","路面因雨而湿滑。"
oppressive,"压迫的， 压制的； 令人焦虑的","The government is oppressive.","政府是压迫性的。"
item,"项目， 条款； 一件商品； 一条， 一则","What is the next item on the agenda?","议程上的下一个项目是什么？"
canvas,"画布； 油画； 帆布","The tent is made of canvas.","帐篷是用帆布做的。"
superintendent,"主管， 负责人； 指挥者， 管理者； 警长","He is the superintendent of schools.","他是学监。"
invasive,"侵入的， 侵略的； 开刀的","This is an invasive species of plant.","这是一种入侵性植物。"
calculable,"可计算的； 能预测的； 可信的","The risks are calculable.","风险是可计算的。"
hollow,"空心的，中空的；凹陷的；空洞的，虚伪的；沉闷的，, 挖空， 凿空","The tree is hollow inside.","这棵树里面是空的。"
shipwright,"造船者， 造船工人； 修船工","The shipwright built a new boat.","造船工人造了一艘新船。"
epic,"史诗般的； 艰苦卓绝的； 壮丽的， 宏大的, 史诗；史诗般的电影；壮举","The movie is an epic about the Trojan War.","这部电影是关于特洛伊战争的史诗。"
downtown,"在市中心； 往市中心, 市中心的","I'm going downtown to do some shopping.","我要去市中心购物。"
rely,"依赖， 依靠； 信赖， 信任","You can rely on me.","你可以信赖我。"
moor,"停泊， 系泊, 沼泽；旷野，荒野","The boat was moored in the harbor.","船停泊在港口。"
slide,"滑动, 滑动； 滑坡， 滑道； 幻灯片","The children were sliding down the hill on a sled.","孩子们坐着雪橇从山上滑下来。"
hydrothermal,"热液的","Hydrothermal vents are found on the ocean floor.","热液喷口是在海底发现的。"
sticky,"黏的， 黏性的； 闷热的； 棘手的","My hands are sticky with honey.","我的手粘着蜂蜜。"
grill,"烧烤；拷问，盘问, 烤架","We grilled some burgers for dinner.","我们晚饭烤了些汉堡。"
care,"关心， 关怀； 介意； 担忧, 小心，谨慎；照看，照料；忧虑，焦虑","Take care of yourself.","照顾好你自己。"
pattern,"模式，方式；样式，图案；样品，样本, 仿制； 使形成， 促成","The dress has a beautiful pattern.","这件连衣裙的图案很漂亮。"
settle,"安定， 安顿， 定居； 结束， 解决； 决定， 确定； 平静下来； 支付， 结算； 飞落， 停留","They decided to settle in a small town.","他们决定在一个小镇定居下来。"
increment,"增加； 增量； 定期的加薪","The salary increases in annual increments.","工资每年递增。"
harsh,"恶劣的， 严酷的； 刺耳的； 粗糙的， 毛糙的","The punishment was too harsh.","惩罚太严厉了。"
smother,"使窒息而死； 厚厚地覆盖； 抑制， 扼杀； 把闷熄","She smothered the fire with a blanket.","她用毯子把火扑灭了。"
cramped,"狭小的， 狭窄的； 受限制的； 密小难认的","The room was cramped and crowded.","房间又小又挤。"
vehicle,"交通工具， 车辆； 工具， 手段","The car is a popular vehicle.","汽车是一种很受欢迎的交通工具。"
scrape,"刮掉，擦掉；发出刺耳的刮擦声；","She scraped the mud off her shoes.","她把鞋上的泥刮掉了。"
kiln,"窑， 炉","The pottery was fired in a kiln.","陶器是在窑里烧制的。"
bleak,"阴冷的； 无望的， 令人沮丧的； 乏味的； 荒凉的","The future looks bleak.","前途渺茫。"
meteorological,"气象学的； 气象的","The meteorological data is collected from weather stations around the world.","气象数据是从世界各地的气象站收集的。"
cushion,"起缓冲作用, 垫子","The cushion on the chair is very soft.","椅子上的垫子很软。"
glorious,"壮丽的， 辉煌的； 光荣的； 令人愉快的， 极好的","It was a glorious day.","那是美好的一天。"
bilateral,"有两边的； 双边的","The two countries signed a bilateral agreement.","两国签署了双边协议。"
plateau,"保持稳定水平, 高原；稳定期，停滞期","The price of oil has reached a plateau.","石油价格已达到稳定水平。"
aptitude,"适合， 恰当； 天资， 才能， 资质","She has an aptitude for languages.","她有语言天赋。"
daisy,"雏菊； 一流的人物","The field was full of daisies.","田野里开满了雏菊。"
stress,"强调； 重读； 焦虑不安, 压力；强调；精神压力，紧张；重音，重读","He is under a lot of stress at work.","他工作压力很大。"
reliance,"依靠， 依赖； 信任","The company has a heavy reliance on its foreign markets.","这家公司严重依赖国外市场。"
display,"陈列； 展示； 显示","The museum has a large display of ancient artifacts.","博物馆里陈列着大量古代文物。"
gnaw,"啃， 咬","The dog was gnawing on a bone.","狗在啃骨头。"
disorder,"混乱， 凌乱； 动乱， 骚乱； 失调， 紊乱","The room was in a state of disorder.","房间里一片混乱。"
aggravate,"恶化， 加重； 激怒","His condition was aggravated by the cold weather.","他的病情因寒冷的天气而加重。"
disquiet,"不安，忧虑, 不安， 忧虑","There is a growing disquiet about the state of the economy.","人们对经济状况越来越感到不安。"
addictive,"使人上瘾的； 使人沉醉的， 醉心的","Cigarettes are highly addictive.","香烟很容易上瘾。"
yarn,"纱， 纱线； 故事","She was knitting with a ball of yarn.","她用一团纱线在织东西。"
spurn,"拒绝； 摈弃","She spurned his advances.","她拒绝了他的追求。"
orchid,"兰， 兰花","The orchid is a beautiful flower.","兰花是一种美丽的花。"
dairy,"乳品的, 牛奶场；乳品店；奶制品","I buy milk from the dairy.","我从牛奶场买牛奶。"
plaque,"匾额； 牙斑","He has a plaque on his wall from his old school.","他墙上挂着一块母校的牌匾。"
membrane,"薄膜； 细胞膜","The cell membrane controls what enters and leaves the cell.","细胞膜控制着细胞的进出。"
mature,"成熟的；","He is a mature young man.","他是个成熟的年轻人。"
scavenger,"捡破烂的人， 拾荒者； 食腐动物","Vultures are scavengers.","秃鹫是食腐动物。"
alleviate,"减轻， 缓解， 缓和","This medicine will alleviate the pain.","这种药可以减轻疼痛。"
talent,"天赋； 才干； 人才","She has a talent for music.","她有音乐天赋。"
scoff,"嘲笑， 讥笑","He scoffed at my idea.","他嘲笑我的想法。"
sacrificial,"供奉的， 献祭的， 牺牲的","The lamb was a sacrificial offering.","羔羊是祭品。"
factual,"实际的， 真实的， 事实的","The report is based on factual evidence.","这份报告是基于事实证据的。"
negotiate,"谈判， 商议； 商定， 达成； 通过， 越过","The two sides are negotiating a peace treaty.","双方正在谈判一项和平条约。"
moth,"蛾","A moth is a type of insect that is similar to a butterfly.","蛾是一种类似于蝴蝶的昆虫。"
germ,"微生物， 细菌； 萌芽","Wash your hands to get rid of the germs.","洗手以去除细菌。"
shatter,"粉碎， 破碎； 破灭； 散开， 吹散； 给予极大打击","The window shattered into a thousand pieces.","窗户碎成了一千块。"
credentialism,"文凭主义","Credentialism is the belief that formal qualifications are the best measure of a person's ability.","文凭主义认为，正式的资格是衡量一个人能力的最佳标准。"
glimpse,"一看，一瞥, 瞥见","I caught a glimpse of her as she walked by.","她走过时我瞥见了她一眼。"
moss,"苔藓","The rocks were covered with moss.","岩石上长满了苔藓。"
detective,"侦探的, 侦探，私人侦探","Sherlock Holmes is a famous detective.","夏洛克·福尔摩斯是一位著名的侦探。"
transfer,"转移；转学；转让；换乘, 转移； 转学； 转让； 换乘","I need to transfer some money to my savings account.","我需要转一些钱到我的储蓄账户。"
resin,"树脂","Resin is a sticky substance that is produced by some trees.","树脂是某些树木产生的一种粘性物质。"
affection,"喜爱，钟爱；","She has a lot of affection for her grandchildren.","她非常疼爱她的孙子孙女。"
diversion,"消遣， 娱乐； 转移， 转换","What do you do for diversion?","你有什么消遣活动？"
omit,"省略， 删去； 遗漏， 忽略","You can omit this question if you like.","如果你愿意，可以省略这个问题。"
courteous,"谦恭的， 有礼貌的","He is a very courteous young man.","他是个非常有礼貌的年轻人。"
limitation,"限制； 局限性","There is a limitation on the number of people who can attend the event.","参加活动的人数有限制。"
sponsor,"主办；赞助, 发起者； 赞助者","The company is a major sponsor of the event.","这家公司是这次活动的主要赞助商。"
jog,"慢跑； 轻轻触碰","I go for a jog every morning.","我每天早上都去慢跑。"
ascertain,"弄清， 查明","We need to ascertain the cause of the accident.","我们需要查明事故的原因。"
insert,"插入","Insert the key into the lock.","把钥匙插入锁中。"
jot,"草草记下， 匆匆记下","I jotted down her phone number.","我草草记下了她的电话号码。"
Neolithic,"新石器时代的","The Neolithic period was a time of great change in human history.","新石器时代是人类历史上一个发生巨大变化的时期。"
highlight,"强调，突出；以强烈光线照射, 最精彩部分","The highlight of my trip was visiting the Grand Canyon.","我旅行的亮点是参观大峡谷。"
database,"数据库","The company has a large database of customers.","这家公司有一个庞大的客户数据库。"
sac,"囊， 液囊","The sac contains the eggs of the insect.","这个囊里装着昆虫的卵。"
patient,"有耐心的，能忍耐的, 病人， 患者","The doctor is with a patient.","医生正在看病。"
reject,"拒绝， 抵制； 抛弃， 摈弃， ， 丢弃； 拒收， 不录用； 排斥, 被拒货品， 不合格产品","He rejected my offer.","他拒绝了我的提议。"
sheer,"垂直地，陡峭地, 急转， 偏离, 陡峭的；完全的，十足的，全然的；绝对的；极薄的","The cliff was a sheer drop.","悬崖是垂直的。"
imitation,"模仿， 仿效； 仿制； 仿造品","This is an imitation of a famous painting.","这是对一幅名画的模仿。"
compliment,"赞美， 称赞, 赞美；","He complimented her on her new dress.","他称赞她的新衣服。"
miracle,"奇事， 奇迹","It's a miracle that he survived the accident.","他在事故中幸存下来真是个奇迹。"
rinse,"冲洗，漂洗，冲刷, 漂洗， 冲洗， 洗涤； 染发剂","Rinse the dishes with clean water.","用清水冲洗盘子。"
amount,"总计, 总额","The total amount is $100.","总金额是100美元。"
comply,"服从； 遵守","You must comply with the rules.","你必须遵守规则。"
sap,"使衰竭；削弱，逐渐破坏, 液， 汁； 精力； 笨蛋","The long illness sapped her strength.","长期的疾病耗尽了她的精力。"
spellbind,"用妖术迷惑； 迷住， 使入迷","The audience was spellbound by his performance.","观众被他的表演迷住了。"
nectar,"花蜜； 甘美的饮料， 琼浆玉液","Bees collect nectar from flowers.","蜜蜂从花中采集花蜜。"
feudal,"封建的","Feudal society was based on a system of land ownership.","封建社会建立在土地所有制的基础上。"
kingdom,"王国； 领域， 界","The United Kingdom is a kingdom.","联合王国是一个王国。"
spread,"展开；蔓延，扩散；散布；涂，敷, 传播， 蔓延； 涉及幅度， 活动范围","The news spread quickly.","消息迅速传开。"
puppet,"木偶； 玩偶； 傀儡， 受人操纵的人","He is a puppet of the government.","他是政府的傀儡。"
educated,"受过教育的， 有教养的","She is an educated woman.","她是一位受过教育的女人。"
favor,"帮助； 赞同， 支持； 偏爱","Can you do me a favor?","你能帮我个忙吗？"
latter,"后面的，后半期的；后者的, 后者","Of the two options, I prefer the latter.","在这两个选择中，我更喜欢后者。"
clinic,"门诊部， 诊所","I have an appointment at the clinic.","我在诊所有个约会。"
affiliate,"使隶属于, 分公司","The company is affiliated with a larger corporation.","这家公司隶属于一家更大的公司。"
simply,"简单地， 简明地； 简直； 仅仅， 只； 朴素地， 简朴地","I'm simply telling you the truth.","我只是在告诉你真相。"
recessive,"隐性的","Blue eyes are a recessive trait.","蓝眼睛是隐性特征。"
equivalent,"相同的； 相当的, 对等物；等价物","This is the equivalent of a week's salary.","这相当于一周的薪水。"
momentary,"片刻的， 瞬间的， 暂时的","There was a momentary pause in the conversation.","谈话中出现了片刻的停顿。"
hypocritical,"伪善的， 虚伪的","It's hypocritical of him to criticize others for the same things he does himself.","他批评别人做他自己也做同样的事情，这是虚伪的。"
constricted,"狭窄的； 收缩的； 抑制的， 约束的","The snake's constricted its prey.","蛇勒死了它的猎物。"
sensational,"轰动性的， 引起哗然的， 耸人听闻的； 〈口〉极好的， 绝妙的","The news was sensational.","这个消息轰动一时。"
canoe,"乘独木舟，划独木舟, 独木舟","We went canoeing on the lake.","我们去湖上划独木舟。"
wedge,"楔子；楔形物, ■入， 塞入","He used a wedge to split the log.","他用楔子劈开了圆木。"
alienate,"使疏远， 使不友好； 转让， 让渡","His behavior alienated his friends.","他的行为疏远了他的朋友。"
awake,"唤醒；醒；觉醒，醒悟, 醒着的； 警觉的","I was awake all night.","我整夜没睡。"
plague,"困扰，使苦恼；纠缠, 鼠疫； 传染病； 祸患， 灾害","The city was hit by a plague.","这座城市遭受了一场瘟疫。"
perpetual,"连续不断的； 永久的， 长期的","He seems to be in a perpetual state of confusion.","他似乎一直处于混乱状态。"
retrospect,"回顾， 反顾","In retrospect, I think I made the right decision.","回想起来，我认为我做出了正确的决定。"
fascinate,"深深吸引， 迷住","I was fascinated by his story.","我被他的故事迷住了。"
offer,"提供；自愿给予；提出，提议, 提议； 报价， 出价； 特价","He offered me a job.","他给了我一份工作。"
diplomatic,"外交的， 从事外交的； 有策略的， 有手腕的， 老练的","He is a skilled diplomat.","他是一位熟练的外交家。"
projector,"放映机， 幻灯机， 投影仪","We used a projector to show the movie.","我们用放映机放映电影。"
draft,"供役使的, 草图，草稿；汇票；气流, 起草；征募，选派","I have a draft of my speech.","我有一份演讲稿的草稿。"
loath,"不情愿的， 勉强的","I'm loath to admit that I was wrong.","我不愿承认我错了。"
complex,"合成的， 综合的； 复杂的， 错综的， 难以理解的, 建筑群； 综合体， 集合体； 情结","The problem is very complex.","这个问题非常复杂。"
humidity,"湿度； 潮湿","The humidity is very high today.","今天湿度很高。"
fluid,"液体的； 流动的, 液体，流体","The human body is mostly made of fluid.","人体大部分是由液体组成的。"
pamphlet,"小册子","He was handing out pamphlets on the street.","他在街上分发小册子。"
healthful,"有益健康的","A healthful diet is important for good health.","健康的饮食对身体健康很重要。"
posit,"安排； 假定","He posited that the Earth is round.","他假定地球是圆的。"
ornate,"华丽的， 豪华的","The palace is very ornate.","宫殿非常华丽。"
metropolis,"首府； 大都市","New York is a major metropolis.","纽约是一个大都市。"
documentation,"文件； 归档， 文献记录","Please provide the necessary documentation.","请提供必要的文件。"
proliferate,"激增， 迅速繁殖","The weeds have proliferated in the garden.","花园里杂草丛生。"
personal,"个人的， 私人的； 亲自的","This is a personal matter.","这是私事。"
plastic,"塑料的； 可塑的； 做作的， 虚伪的, 塑料","The toy is made of plastic.","这个玩具是塑料的。"
delay,"耽搁，延迟, 耽搁， 延迟","The flight was delayed due to bad weather.","由于天气不好，航班延误了。"
onslaught,"冲击； 攻击， 猛攻","The army launched an onslaught against the enemy.","军队向敌人发起了猛攻。"
transient,"短暂的， 转瞬即逝的； 临时的","The happiness was transient.","幸福是短暂的。"
disrepute,"坏名声， 不光彩","The company has fallen into disrepute.","这家公司名声扫地。"
plank,"木板； 政策要点， 政纲的核心","He walked the plank.","他走上了跳板。"
heyday,"全盛期","In its heyday, the company was the largest in the world.","在其全盛时期，这家公司是世界上最大的公司。"
sponge,"用海绵擦， 揩, 海绵；寄生虫","She used a sponge to clean the dishes.","她用海绵洗碗。"
deal,"处理， 对付； 给予； 做买卖， 经营, 交易，买卖；协议","I'll deal with this problem later.","我稍后再处理这个问题。"
spaghetti,"意大利式细面条","I had spaghetti for dinner.","我晚饭吃意大利面。"
insulate,"使隔离， 使隔绝","The house is well insulated.","这所房子隔热很好。"
scheme,"密谋， 秘密策划， 图谋, 计划，方案；阴谋；体系，体制","He came up with a clever scheme to make money.","他想出了一个赚钱的聪明计划。"
affect,"影响； 感染","His decision will affect us all.","他的决定将影响我们所有人。"
drain,"流走，流出；使耗尽, 下水道， 排水沟； 排放； 消耗","The water drained away quickly.","水很快就排干了。"
smoothly,"顺利地； 平稳地； 平静地","The car runs smoothly.","这辆车开得很平稳。"
isolate,"使隔离， 使孤立","He was isolated from the other prisoners.","他被与其他囚犯隔离。"
civil,"市民的， 公民的， 平民的； 民事的； 国家的， 政府的； 文明的， 有教养的","This is a civil matter, not a criminal one.","这是民事案件，不是刑事案件。"
subsequent,"随后的； 并发的","Subsequent events proved him right.","后来的事证明他是对的。"
indicate,"表明， 显示； 指出， 指示； 象征， 预示； 暗示， 间接提及","The red light indicates that the machine is on.","红灯表示机器开着。"
metabolic,"新陈代谢的","The metabolic rate is the rate at which the body uses energy.","新陈代谢率是身体使用能量的速度。"
completion,"完成， 实现； 结束","The completion of the project is scheduled for next year.","该项目预计明年完成。"
contain,"包含， 容纳； 控制； 防止…蔓延","The box contains a number of items.","盒子里有许多东西。"
litter,"乱扔； 使凌乱, 废弃物，垃圾；一窝幼崽","Don't litter the streets.","不要乱扔垃圾。"
sew,"缝， 做针线活； 缝补， 缝上","She sewed a button on her shirt.","她给衬衫缝了一颗纽扣。"
oval,"卵形的，椭圆形的, 卵形， 椭圆形","The table is oval in shape.","这张桌子是椭圆形的。"
column,"专栏； 圆柱， 支柱； 纵队","He writes a weekly column for the newspaper.","他每周为报纸写一个专栏。"
indigent,"贫困的， 贫穷的","The charity helps indigent families.","这家慈善机构帮助贫困家庭。"
biography,"传记","I'm reading a biography of Abraham Lincoln.","我正在读亚伯拉罕·林肯的传记。"
procedure,"程序， 手续， 步骤","What is the procedure for applying for a visa?","申请签证的程序是什么？"
sample,"样品，标本, 抽样调查； 品尝， 体验","I'd like to try a sample of the cheese.","我想尝一尝奶酪样品。"
integrate,"合并， 成为一体","The two companies have decided to integrate.","两家公司决定合并。"
operant,"运转中的；生效的；操作性的, 起作用的人","Operant conditioning is a type of learning in which behavior is controlled by consequences.","操作性条件反射是一种学习类型，其中行为受后果控制。"
cellist,"大提琴演奏家","Yo-Yo Ma is a famous cellist.","马友友是一位著名的大提琴家。"
applicant,"申请者","There are many applicants for the job.","这份工作有很多申请人。"
awesome,"使人敬畏的； 使人恐惧的","The view from the top of the mountain was awesome.","从山顶看风景很棒。"
admiration,"钦佩， 赞赏， 羡慕","I have great admiration for her.","我非常钦佩她。"
Jupiter,"木星","Jupiter is the largest planet in our solar system.","木星是我们太阳系中最大的行星。"
pique,"激怒；激起，引起, 恼怒， 生气； 怨恨","His comments piqued my curiosity.","他的评论激起了我的好奇心。"
planetary,"行星的","The planetary system is a system of planets that orbit a star.","行星系是围绕恒星运行的行星系统。"
ultraviolet,"紫外的","Ultraviolet radiation can be harmful to the skin.","紫外线辐射可能对皮肤有害。"
diagnose,"诊断； 判断","The doctor diagnosed her with cancer.","医生诊断她患有癌症。"
petition,"请愿， 正式请求, 请愿；请愿书；诉状","They signed a petition to protest the new law.","他们签署了一份请愿书，抗议新法律。"
somewhat,"稍微， 有点","I'm somewhat tired.","我有点累了。"
vicinity,"邻近， 附近","There are no good restaurants in the vicinity.","附近没有好餐馆。"
earnest,"认真的；真诚的, 诚挚； 认真","He is a very earnest young man.","他是个非常认真的年轻人。"
validity,"合法性； 符合逻辑","The validity of the contract is in question.","合同的有效性受到质疑。"
crevice,"缺口， 裂缝","A small plant was growing in a crevice in the rock.","岩石的裂缝里长着一株小植物。"
precede,"在…之前， 先于","The introduction precedes the main body of the book.","引言在书的正文之前。"
humorous,"幽默的， 滑稽的， 诙谐的","He is a very humorous man.","他是个很幽默的人。"
bet,"打赌； 敢说， 确信, 打赌；赌注","I bet you can't do it.","我敢打赌你做不到。"
differentiate,"不同， 区别","It's difficult to differentiate between the two twins.","很难区分这对双胞胎。"
discharge,"释放； 放； 解雇； 清偿； 履行, 流出物； 放电","He was discharged from the army.","他从军队退伍了。"
disadvantage,"缺点， 障碍， 不利之处","The disadvantage of this plan is that it is very expensive.","这个计划的缺点是它非常昂贵。"
plaster,"在…上抹灰泥， 厚厚地涂, 灰浆，灰泥，石膏","He plastered the wall with posters.","他把墙上贴满了海报。"
metropolitan,"大都市的； 本土的","This is a metropolitan area.","这是一个大都市区。"
eclecticism,"折中主义","His music is a strange eclecticism of jazz, pop, and classical.","他的音乐是爵士乐、流行音乐和古典音乐的奇怪折中。"
garbage,"垃圾， 废物； 废话， 无聊的东西； 垃圾箱","Please take out the garbage.","请把垃圾拿出去。"
suspicious,"可疑的， 令人怀疑的； 不信任的， 猜疑的， 多疑的","He is a very suspicious person.","他是个非常多疑的人。"
complain,"诉苦， 抱怨； 投诉； 控告","He complained about the bad service.","他抱怨服务不好。"
polygamy,"一夫多妻制， 一妻多夫制， 多配偶制","Polygamy is illegal in many countries.","在许多国家，一夫多妻制是违法的。"
renovate,"修复； 更新， 翻新","They are renovating their house.","他们正在翻新他们的房子。"
adjust,"调整， 调节； 适合， 适应； 校正， 校准","You need to adjust the mirror.","你需要调整镜子。"
debt,"债务； 负债情况； 罪过","He is in debt.","他负债累累。"
perpendicular,"成直角的，垂直的, 垂直线","The two lines are perpendicular.","这两条线是垂直的。"
ordinate,"纵坐标","The ordinate is the y-coordinate of a point on a graph.","纵坐标是图上一点的y坐标。"
deem,"认为， 相信","He deemed it his duty to help.","他认为帮助是他的责任。"
stiffen,"变僵硬； 变坚定， 变强硬","His body stiffened with fear.","他吓得浑身僵硬。"
compel,"驱使， 强迫","He was compelled to resign.","他被迫辞职。"
depress,"降低， 削弱； 使沮丧； 使萧条","The bad news depressed him.","坏消息使他沮丧。"
pendant,"垂饰， 下垂物","She was wearing a beautiful pendant.","她戴着一个漂亮的吊坠。"
repress,"克制， 抑制； 镇压， 压制","He repressed his anger.","他抑制住了自己的愤怒。"
riddle,"谜；谜语；难解之谜；粗筛, 使布满窟窿","I can't solve this riddle.","我解不开这个谜。"
apprise,"通知， 告诉","Please apprise me of any changes.","如有任何变动，请通知我。"
candid,"坦白的， 直率的， 直言不讳的","He was very candid about his past.","他对自己的过去很坦率。"
client,"委托人， 当事人； 顾客","He is a client of a law firm.","他是律师事务所的客户。"
plankton,"浮游生物","Plankton are the small organisms that drift in the water.","浮游生物是漂浮在水中的小生物。"
conversion,"转变， 变换； 改变信仰， 皈依","The conversion of the old factory into a museum was a great success.","把旧工厂改建成博物馆非常成功。"
brilliant,"给人印象深刻的； 闪耀的； 杰出的， 卓越的","She is a brilliant scientist.","她是一位杰出的科学家。"
practical,"实用的； 实际的； 现实的","This is a very practical tool.","这是一个非常实用的工具。"
deductive,"演绎的， 推论的","Deductive reasoning is a type of reasoning in which a conclusion is based on the combination of multiple premises that are generally assumed to be true.","演绎推理是一种推理类型，其中结论基于通常被认为是真实的多个前提的组合。"
breathing,"呼吸","His breathing was shallow.","他呼吸很浅。"
bound,"被束缚的，有义务的, 跳跃； 弹回； 形成…的界线， 给…划界","He is bound to succeed.","他一定会成功。"
falter,"衰退， 衰落； 发抖， 结巴地说； 蹒跚","His voice faltered as he told the story.","他讲故事时声音发抖。"
breed,"〔动物〕交配繁殖, 〔宠物或牲畜的〕品种","What breed of dog is it?","这是什么品种的狗？"
elusive,"难以理解的， 难懂的； 难捕捉的； 逃避的","The answer is elusive.","答案是难以捉摸的。"
appraise,"估价； 估量； 评价， 评定","The house was appraised at $200,000.","这所房子估价为20万美元。"
pyramid,"金字塔； 锥体； 金字塔形物； 金字塔式的组织","The Great Pyramid of Giza is one of the Seven Wonders of the Ancient World.","吉萨大金字塔是古代世界七大奇迹之一。"
realm,"王国， 国度； 界， 范围， 领域","He is a king in his own realm.","他在自己的领域里是国王。"
avoid,"避免， 规避","You should avoid fatty foods.","你应该避免吃油腻的食物。"
comprehensive,"全面的； 综合的","The book is a comprehensive guide to the city.","这本书是这座城市的综合指南。"
entourage,"〈总称〉随从， 随行人员","The president was accompanied by a large entourage.","总统由一大群随行人员陪同。"
prompt,"敏捷的；及时的，迅速的, 促进，推动；提示；鼓励, 提词， 提示","He is always prompt to reply to my emails.","他总是及时回复我的电子邮件。"
tunnel,"开凿隧道； 挖地道, 隧道；地道","The train went through a tunnel.","火车穿过隧道。"
elaborate,"精心制作的， 复杂精美的, 详述； 详细制订， 精心制作","She had an elaborate hairstyle.","她的发型很精致。"
fulfill,"履行； 实现； 符合， 具备","He fulfilled his promise.","他履行了诺言。"
advanced,"先进的； 高级的， 高等的； 晚期的， 后期的","This is an advanced course in mathematics.","这是一门高等数学课程。"
output,"产量； 输出； 产生","The company's output has increased this year.","今年公司的产量有所增加。"
fatigue,"劳累； 疲劳","I was suffering from fatigue.","我感到疲劳。"
inactive,"不活动的； 怠惰的","He is very inactive.","他很懒惰。"
modem,"调制解调器","I have a cable modem.","我有一个电缆调制解调器。"
costume,"服饰； 服装， 装束； 戏装","She was wearing a beautiful costume.","她穿着漂亮的服装。"
crown,"加冕； 使圆满， 使完美, 王冠；花冠","The queen wore a crown.","女王戴着王冠。"
inquire,"打听， 询问","I'm calling to inquire about the job.","我打电话来询问这份工作。"
gymnasium,"体育馆； 健身房","I go to the gymnasium every day.","我每天都去健身房。"
vain,"徒然的， 无效的； 自负的， 虚荣的","She is very vain about her appearance.","她很虚荣，很在乎自己的外表。"
harmonious,"和谐的， 协调的； 和睦的， 融洽的","The two colors are very harmonious.","这两种颜色非常和谐。"
filament,"灯丝； 细丝","The filament of the light bulb was broken.","灯泡的灯丝断了。"
spheroid,"球状体， 椭球体","The Earth is a spheroid.","地球是一个球状体。"
operate,"运转， 开动； 动手术； 经营， 管理； 起作用","The machine is not operating properly.","这台机器运转不正常。"
verdict,"裁定； 判断； 意见","The jury reached a verdict of guilty.","陪审团做出了有罪的裁决。"
stereo,"立体声的, 立体声","I have a new stereo system.","我有一套新的音响系统。"
doctrine,"教条， 教义； 学说","The church has a strict doctrine.","教会教义严格。"
template,"模板， 样板","You can use this template to create your own website.","你可以用这个模板来创建你自己的网站。"
proportion,"比例； 部分； 均衡， 相称","A large proportion of the population is unemployed.","大部分人口失业。"
crystal,"水晶；晶体，","The water is crystal clear.","水清澈见底。"
prophet,"先知； 预言者； 拥护者， 鼓吹者","He is a prophet of doom.","他是末日预言家。"
pursuit,"追求；","He is in pursuit of his dreams.","他正在追求自己的梦想。"
cowhand,"牛仔， 牧牛工","The cowhand was riding a horse.","牛仔骑着马。"
plate,"盘子；板条，板材；号码牌, 镀， 电镀； 覆盖","I had a plate of pasta for dinner.","我晚饭吃了一盘意大利面。"
tournament,"比赛； 锦标赛","He won the tennis tournament.","他赢得了网球锦标赛。"
ruthless,"无情的， 残酷的， 冷酷的； 坚决的， 彻底的","He is a ruthless businessman.","他是个无情的商人。"
lure,"吸引，诱惑, 诱惑力； 诱饵","He was lured into a trap.","他被引诱进了陷阱。"
simile,"明喻","'As brave as a lion' is a simile.","“像狮子一样勇敢”是一个明喻。"
inflammation,"炎症， 发炎","He has an inflammation of the throat.","他喉咙发炎了。"
dissolve,"溶解； 清除； 解散， 结束","The sugar dissolved in the water.","糖在水里溶解了。"
prejudice,"偏见，成见, 使产生偏见； 使…受到损害， 有损于","He has a prejudice against foreigners.","他对外国人有偏见。"
angle,"把…放置成一角度； 使带上倾向性, 角；角度，立场，观点","The two lines meet at an angle of 90 degrees.","两条线成90度角。"
immigrant,"移来的，移民的, 移民； 侨民","He is an immigrant from Ireland.","他是来自爱尔兰的移民。"
urgent,"急迫的， 紧迫的","This is an urgent matter.","这是紧急事件。"
optic,"眼的；视觉的；光学上的, 光学仪器","The optic nerve connects the eye to the brain.","视神经连接眼睛和大脑。"
bundle,"捆，束；包袱, 收集， 归拢； 把…塞入","He was carrying a bundle of sticks.","他扛着一捆柴火。"
soybean,"大豆","Soybeans are a good source of protein.","大豆是蛋白质的良好来源。"
counseling,"咨询； 辅导","She is receiving counseling for her depression.","她正在接受抑郁症的咨询。"
thorn,"刺， 荆棘； 带刺小灌木","The rose has thorns.","玫瑰有刺。"
break,"破，裂，碎；使中止，打断，断절；损坏，弄坏；违犯；打破；破晓, 打断， 中止； 休息时间； 破裂","I need a break from work.","我需要休息一下。"
composer,"作曲家， 作曲者","Mozart was a famous composer.","莫扎特是一位著名的作曲家。"
predominate,"统治， 支配， 占优势","Men predominate in the engineering profession.","男性在工程界占主导地位。"
porous,"有孔的， 多孔的； 能渗透的","The soil is very porous.","土壤非常疏松。"
systematic,"系统的， 体系的","He has a very systematic approach to his work.","他工作很有条理。"
vogue,"流行的， 时髦的, 时尚，风气，流行","Short skirts are in vogue this summer.","今年夏天短裙很流行。"
combustible,"可燃的， 易燃的","Gasoline is a combustible liquid.","汽油是一种可燃液体。"
reapply,"再申请； 再利用","I need to reapply for my visa.","我需要重新申请签证。"
likewise,"同样； 也","She is a talented musician, and her brother is likewise.","她是一位才华横溢的音乐家，她的哥哥也是如此。"
bacon,"咸肉， 熏肉","I had bacon and eggs for breakfast.","我早餐吃了咸肉和鸡蛋。"
hide,"躲藏；掩藏；掩盖, 兽皮","He hid the money under the bed.","他把钱藏在床底下。"
polygon,"多角形， 多边形","A polygon is a closed figure with three or more sides.","多边形是三条或更多条边的封闭图形。"
corporate,"法人的， 公司的； 共同的， 全体的","This is a corporate event.","这是一次公司活动。"
instruction,"说明用法的, 教导；","Please follow the instructions carefully.","请仔细按照说明操作。"
shuffle,"拖着脚走； 洗； 蒙混； 搅乱","He shuffled his feet nervously.","他紧张地拖着脚走。"
infatuate,"使迷恋； 使糊涂","He was infatuated with her.","他迷恋上了她。"
constant,"坚定的；稳定的；不变的，持续的, 常数， 恒量","The temperature is constant.","温度是恒定的。"
debatable,"有争议的","It's debatable whether he is the best player in the world.","他是否是世界上最好的球员是有争议的。"
lament,"挽歌，悼词, 抱怨； 痛惜","She lamented the loss of her friend.","她为失去朋友而悲痛。"
outrage,"暴行；","The public was outraged by the decision.","公众对这个决定感到愤怒。"
diffuse,"散播， 传播； 漫射， 扩散, 扩散的， 漫射的； 冗长的","The light was diffuse.","光线是漫射的。"
communal,"公共的， 共享的； 社区的","The kitchen is communal.","厨房是公用的。"
split,"分开，分裂；撕裂；分担，分享；断绝关系，分手, 裂口； 分化， 分裂","He split the log in two.","他把圆木劈成两半。"
contagious,"传染性的； 有感染力的","The disease is contagious.","这种疾病具有传染性。"
immerse,"使浸没于； 使沉浸于， 使陷入","She immersed herself in her work.","她沉浸在工作中。"
publication,"出版， 发行； 出版物； 公布， 发表","The publication of the book was a major event.","这本书的出版是一件大事。"
lust,"对…有强烈的欲望, 性欲；强烈的欲望","He has a lust for power.","他渴望权力。"
sardonic,"嘲笑的， 讥讽的","He has a sardonic sense of humor.","他有一种讽刺的幽默感。"
squirt,"喷射，喷；向…喷射, 喷射； 〈口， 贬〉无名小辈","He squirted water at me.","他朝我喷水。"
sow,"播种， 种； 灌输； 煽动","The farmer sowed the seeds.","农夫播种了。"
petroleum,"石油","Petroleum is a fossil fuel.","石油是一种化石燃料。"
novice,"生手， 新手； 新信徒","He is a novice at chess.","他是个国际象棋新手。"
portraiture,"画像技法； 肖像， 画像","He is a master of portraiture.","他是肖像画大师。"
peripheral,"不重要的； 外围的","This is a peripheral issue.","这是个次要问题。"
incoming,"引入的；新任的；正来临的，刚收到的, 进来，到来；","The incoming president will take office in January.","即将上任的总统将于一月份就职。"
inanimate,"无生命的； 无生气的","A rock is an inanimate object.","岩石是无生命的物体。"
level,"平坦的；等高的, 水平；高度；级别, 夷平， 使平坦","The water is level with the top of the glass.","水与杯口齐平。"
preserve,"保护， 维护； 保存， 保养","We must preserve our historical monuments.","我们必须保护我们的历史古迹。"
lush,"茂盛的","The garden is lush and green.","花园里绿树成荫。"
establish,"建立， 设立； 安置， 使定居； 确定， 证实","The company was established in 1990.","这家公司成立于1990年。"
mammoth,"巨大的, 猛犸， 毛象","A mammoth is an extinct elephant-like animal.","猛犸是一种已灭绝的类似大象的动物。"
relevant,"相关的， 有关的； 中肯的， 贴切的； 有价值的， 有意义的","Your comments are not relevant to the discussion.","你的评论与讨论无关。"
deter,"威慑， 阻止","The high price of the tickets will deter many people from going.","高昂的票价会让许多人望而却步。"
synthetic,"合成的，综合的；人造的","This is a synthetic material.","这是一种合成材料。"
proclaim,"宣布， 声明； 显示","The king proclaimed a holiday.","国王宣布放假。"
bunch,"捆成一束； 聚集, 簇，束，捆；帮，伙","A bunch of flowers.","一束花。"
jolt,"震动，颠簸；震惊, 震动， 颠簸； 震惊； 一阵强烈的感情等","The car jolted to a halt.","汽车颠簸着停了下来。"
jeopardize,"破坏， 危及","His foolish actions jeopardized the whole project.","他愚蠢的行为危及了整个项目。"
provincialism,"地方主义， 乡土性","Provincialism can be a barrier to progress.","地方主义可能成为进步的障碍。"
predominant,"占优势的， 主导的， 支配的； 显著的， 盛行的","The predominant color in the painting is blue.","这幅画的主色调是蓝色。"
domesticate,"驯养， 驯化； 使精于家务， 使喜爱家居","Dogs were domesticated thousands of years ago.","狗在几千年前就被驯化了。"
recipe,"食谱； 方法， 秘诀， 诀窍","I have a great recipe for chocolate cake.","我有一个很棒的巧克力蛋糕食谱。"
roost,"栖息, 栖息处， 鸟巢","The chickens have come home to roost.","鸡回笼了。"
apportion,"分配； 分派","The teacher apportioned the tasks among the students.","老师把任务分配给学生。"
mental,"精神的； 智力的； 精神健康的","He has a mental illness.","他有精神病。"
decent,"体面的； 适当的， 得体的； 令人满意的； 正派的","He's a decent guy.","他是个正派的人。"
afloat,"漂浮地, 漂浮的；有偿债能力的，能维持下去的","The boat was afloat on the water.","船漂浮在水面上。"
switch,"转变， 改变； 交换， 掉换, 开关，电闸；转换，改变；枝条，鞭子","He switched on the light.","他打开了灯。"
auxiliary,"辅助的， 补助的， 补充的； 备用的， 后备的","The auxiliary engine is used in case of emergency.","备用发动机用于紧急情况。"
savage,"凶残的；野蛮的，未开化的, 野蛮人，未开化的人, 残害； 激烈抨击","The savage dog attacked the child.","那只野蛮的狗袭击了孩子。"
viable,"可行的， 可实施的； 可生长发育的","Is this a viable option?","这是一个可行的选择吗？"
facial,"面部的； 面部用的","She had a facial expression of surprise.","她脸上露出惊讶的表情。"
by-product,"副产品； 副作用， 意外结果","Molasses is a by-product of sugar refining.","糖蜜是炼糖的副产品。"
console,"安慰， 抚慰","I tried to console her after her dog died.","在她狗死后，我试图安慰她。"
auspicious,"吉兆的， 吉利的； 幸运的","It was an auspicious beginning to the new year.","这是新年的一个好兆头。"
chance,"碰巧， 偶然发生； 冒…的险, 机会；可能性，偶然性；偶然的事","I have a chance to win the lottery.","我有机会中彩票。"
medication,"药物治疗； 药物","He is on medication for his heart condition.","他正在服用治疗心脏病的药物。"
demanding,"苛求的， 难满足的； 需要高的， 费力的","This is a very demanding job.","这是一份要求很高的工作。"
drill,"钻，打眼；训练, 钻； 训练","He drilled a hole in the wall.","他在墙上钻了一个洞。"
corollary,"必然的结果； 推断","The corollary of his argument is that we should all be vegetarians.","他论点的必然结果是，我们都应该是素食主义者。"
conjure,"变魔术， 变戏法； 召唤","The magician conjured a rabbit out of a hat.","魔术师从帽子里变出了一只兔子。"
acknowledge,"承认， 确认； 对…表示感谢","He acknowledged his mistake.","他承认了自己的错误。"
receptor,"感受器； 受体","The eye is a receptor for light.","眼睛是光的感受器。"
dormant,"静止的； 休眠的； 隐匿的","The volcano is dormant.","这座火山是休眠的。"
lobby,"游说, 休息室，大厅；游说团","We waited in the lobby of the hotel.","我们在旅馆的大厅里等候。"
pulse,"脉搏， 脉率； 脉冲","The doctor checked my pulse.","医生检查了我的脉搏。"
descriptive,"描述性的， 叙述的","The book is a descriptive account of his travels.","这本书是对他旅行的描述性记述。"
reconstruction,"复兴； 改造， 再建","The reconstruction of the city after the war was a long and difficult process.","战后城市的重建是一个漫长而艰难的过程。"
hereditary,"遗传的； 可继承的， 世袭的","Hemophilia is a hereditary disease.","血友病是一种遗传性疾病。"
stumble,"绊脚； 蹒跚而行； 结巴","He stumbled and fell.","他绊倒摔了一跤。"
lineage,"宗系， 世系， 血统","He comes from a long lineage of doctors.","他出身于一个医生世家。"
lighthearted,"无忧无虑的； 愉快的","She is a lighthearted and carefree person.","她是个无忧无虑、无忧无虑的人。"
hoard,"贮藏，囤积, 储藏， 贮存","He hoards his money.","他囤积钱财。"
vary,"改变， 变化","The weather varies from day to day.","天气一天天变化。"
coherent,"条理清楚的， 连贯的； 有表达能力的","His argument was coherent and well-reasoned.","他的论点条理清楚，理由充分。"
ledge,"突出部分； 暗礁","He was sitting on a ledge of rock.","他坐在岩石的突出部分上。"
delta,"三角洲； 希腊字母表的第四个字母","The Nile Delta is a large delta in Egypt.","尼罗河三角洲是埃及的一个大三角洲。"
episode,"一段时期； 片段， 插曲； 一集","This is the last episode of the series.","这是这个系列的最后一集。"
infrared,"红外线的；产生红外线的, 红外线","Infrared radiation is invisible to the human eye.","红外辐射是人眼看不见的。"
respondent,"回答的, 回答者，响应者；调查对象；被告","The respondent in a divorce case is the person who is being sued for divorce.","离婚案件的被告是被起诉离婚的人。"
ponder,"思索， 沉思","He pondered the meaning of life.","他思索着人生的意义。"
animate,"活的， 有生命的, 赋予生命， 使有活力","The animator brought the cartoon characters to life.","动画师把卡通人物活灵活现地表现了出来。"
scene,"地点， 现场； 景色； 一场， 一个镜头； 场面； 活动领域， 圈子","The police arrived at the scene of the crime.","警察赶到了犯罪现场。"
objective,"客观的, 目标，目的","What is the objective of this project?","这个项目的目标是什么？"
exert,"运用， 行使； 施加； 努力， 竭力","He exerted all his strength to lift the heavy box.","他用尽全力举起沉重的箱子。"
scandal,"丑事， 丑闻； 恶意诽谤， 流言蜚语； 可耻的行为","The politician was involved in a scandal.","这位政治家卷入了一桩丑闻。"
dormancy,"休眠； 催眠状态； 隐匿","The seeds are in a state of dormancy.","种子处于休眠状态。"
hinder,"阻碍， 妨碍","The bad weather hindered our progress.","恶劣的天气阻碍了我们的进展。"
scent,"香味，香气；气味；踪迹，线索；香水, 闻出； 察觉","The dog followed the scent of the rabbit.","狗循着兔子的气味追踪。"
exhibit,"陈列，展览；显示，表现, 展览， 陈列","The museum is exhibiting the works of a local artist.","博物馆正在展出一位当地艺术家的作品。"
adjunct,"附加物， 附件； 附加语， 修饰语","The new building is an adjunct to the main hospital.","新大楼是主医院的附属建筑。"
mushroom,"迅速成长, 蘑菇","Mushrooms are a type of fungus.","蘑菇是一种真菌。"
pinpoint,"准确的， 精确的, 精准定位；准确解释, 极小的范围；光点","The police were able to pinpoint the location of the stolen car.","警察能够精确定位被盗汽车的位置。"
altruistic,"利他的， 无私心的， 为他人着想的","He is a very altruistic person.","他是个非常无私的人。"
extremity,"末端； 极端， 极度","He suffered from frostbite in his extremities.","他的四肢被冻伤了。"
deny,"否认； 拒绝承认； 拒绝给予","He denied the accusation.","他否认了指控。"
alchemist,"炼金术士","The alchemists tried to turn lead into gold.","炼金术士试图把铅变成金。"
trench,"挖沟, 沟渠，壕沟；战壕","The soldiers dug a trench to protect themselves from enemy fire.","士兵们挖了一条壕沟来保护自己免受敌人的炮火攻击。"
miserable,"痛苦的； 可怜的； 令人不快的","I'm feeling miserable.","我觉得很难过。"
subtract,"减去","If you subtract 2 from 5, you get 3.","如果你从5中减去2，你会得到3。"
dent,"使凹下；挫伤，损害, 缺口， 凹痕","The car has a dent in the fender.","汽车的挡泥板上有一个凹痕。"
hurricane,"飓风， 暴风","A hurricane is a powerful storm with strong winds and heavy rain.","飓风是一种风力强、雨量大的强风暴。"
asthma,"哮喘","He suffers from asthma.","他患有哮喘病。"
hike,"徒步旅行， 远足","We went for a hike in the mountains.","我们去山里徒步旅行了。"
zigzag,"曲折行进, 之字形的，弯弯曲曲的, 之字形","The road zigzags up the mountain.","这条路蜿蜒曲折地通向山上。"
mission,"代表团， 使团； 任务， 使命","He was sent on a mission to a foreign country.","他被派往一个外国执行任务。"
generalization,"概括， 归纳","This is a sweeping generalization.","这是一个笼统的概括。"
biologist,"生物学家","She is a marine biologist.","她是海洋生物学家。"
rancher,"牧场主； 大农场工人","The rancher has a large herd of cattle.","牧场主有一大群牛。"
hustle,"推搡，硬挤, 忙碌；喧闹","I had to hustle to get to the airport on time.","我不得不赶着去机场。"
mercantile,"贸易的， 商业的； 重商主义的","This is a mercantile city.","这是一座商业城市。"
dosage,"剂量","The doctor prescribed a high dosage of the drug.","医生开了一剂大剂量的药。"
motor,"机动的；肌肉运动的, 发动机， 电动机","The car has a powerful motor.","这辆车有一个强大的发动机。"
access,"通道；接近，进入；机会, 进入； 使用； 存取","I have access to the internet.","我能上网。"
primitive,"原始的，远古的；简单的，粗糙的, 原始人； 原始事物","The tribe lives a primitive life.","这个部落过着原始的生活。"
advisable,"可取的， 适当的； 明智的","It is advisable to book your tickets in advance.","最好提前预订机票。"
dormitory,"宿舍","I live in a dormitory.","我住在宿舍。"
hind,"后面的， 在后的","The hind legs of a horse are very powerful.","马的后腿很有力。"
overcome,"战胜， 克服","He overcame his fear of heights.","他克服了恐高症。"
sum,"共计， 合计， 总计, 和，总数；金额，数额；算术","The sum of 2 and 3 is 5.","2加3的和是5。"
stratigraphy,"地层学； 地层中的岩石组成","Stratigraphy is the study of rock layers and layering.","地层学是研究岩层和分层的学科。"
obliterate,"覆盖； 消灭； 忘却","The building was obliterated by the bomb.","大楼被炸弹夷为平地。"
current,"现行的， 当前的； 流通的； 最近的, 流；潮流，趋势","What is the current situation?","目前情况如何？"
bookstore,"书店","I bought this book at the bookstore.","这本书是我在书店买的。"
obligate,"使负义务， 强迫","He was obligated to pay for the damage.","他有义务赔偿损失。"
democrat,"民主主义者； [D-]民主党人","He is a Democrat.","他是民主党人。"
angiosperm,"被子植物","Flowering plants are also known as angiosperms.","开花植物也被称为被子植物。"
audit,"旁听； 审计","The company has an annual audit.","这家公司每年进行一次审计。"
cactus,"仙人掌","A cactus is a plant that grows in the desert.","仙人掌是一种生长在沙漠中的植物。"
copper,"铜； 铜币","Copper is a good conductor of electricity.","铜是电的良导体。"
audio,"音频的； 声音的","The audio quality of the recording is very good.","录音的音质非常好。"
patriarchy,"父权制， 父系社会， 家长统治","Patriarchy is a social system in which men hold primary power.","父权制是一种男性掌握主要权力的社会制度。"
incense,"〔燃烧时发出怡人香味的〕香, 使〔某人〕十分愤怒","The smell of incense filled the room.","房间里弥漫着香的味道。"
offensive,"攻击性的；冒犯的，使人不快的；攻方的, 进攻， 攻击； 攻势","His comments were offensive to many people.","他的评论冒犯了许多人。"
texture,"质地； 纹理； 结构","The fabric has a soft texture.","这种织物质地柔软。"
amid,"在…中， 被…围绕","He was standing amid the ruins of the old city.","他站在古城的废墟中。"
launch,"发动，发起；推出；使下水；","The company is launching a new product next month.","这家公司下个月将推出一款新产品。"
silt,"阻塞, 淤泥","The river is full of silt.","河里全是淤泥。"
quell,"制止， 镇压； 缓解， 减轻","The police were called in to quell the riot.","警察被召来平息骚乱。"
understate,"轻描淡写， 避重就轻地说","He understated the seriousness of the problem.","他轻描淡写了问题的严重性。"
confirm,"证实； 使巩固； 批准","Please confirm your reservation.","请确认您的预订。"
detectable,"可发觉的， 可察觉的","The difference is barely detectable.","差异几乎察觉不到。"
bud,"发芽， 萌芽, 芽；蓓蕾","The flowers are in bud.","花儿含苞待放。"
uppermost,"在最上面， 在最重要的位置, 最高的，最上面的；最重要的","The uppermost layer of the cake is made of chocolate.","蛋糕的最上层是巧克力。"
expeditious,"迅速而有效的， 迅速完成的","We need to find an expeditious solution to this problem.","我们需要找到一个迅速有效的解决办法。"
gallop,"飞奔， 疾驰","The horse galloped across the field.","马飞奔过田野。"
neoclassical,"新古典主义的","The building is designed in a neoclassical style.","这座建筑采用新古典主义风格设计。"
mortality,"死亡率","The mortality rate from cancer is decreasing.","癌症死亡率正在下降。"
vast,"巨大的； 大量的； 范围广的","The universe is vast.","宇宙是浩瀚的。"
dissent,"不同意，持异议, 不同意见， 异议","There was a lot of dissent about the new law.","对新法律有很多异议。"
symbol,"符号， 标志； 象征","The dove is a symbol of peace.","鸽子是和平的象征。"
ignite,"点燃， 着火","He ignited the fire with a match.","他用火柴点燃了火。"
declare,"表明； 断言， 声称； 申报","He declared his love for her.","他向她表白了他的爱。"
calamitous,"灾难性的","The earthquake was a calamitous event.","地震是一场灾难性的事件。"
available,"可得到的， 可找到的； 有空的","Are you available to meet tomorrow?","你明天有空见面吗？"
unequal,"不同的， 不相等的； 不平等的， 不相称的； 不胜任的","The two pieces of wood are unequal in length.","这两块木头长度不一。"
confine,"限制； 禁闭","He was confined to his room for a week.","他被关在房间里一个星期。"
advocate,"提倡, 倡导者","He is an advocate for human rights.","他是人权倡导者。"
posthumous,"死后的， 身后的","He was awarded a posthumous medal for his bravery.","他因英勇而被追授一枚奖章。"
horizontal,"水平的； 与地面平行的","Draw a horizontal line.","画一条水平线。"
consort,"结交； 鬼混, 配偶； 团伙","The prince's consort is a beautiful woman.","王子的配偶是一位美丽的女人。"
drawback,"缺点， 障碍， 不利条件； 退款， 退税","The main drawback of this plan is the cost.","这个计划的主要缺点是成本。"
missile,"发射物； 导弹， 飞弹","The missile was launched from a submarine.","导弹是从潜艇上发射的。"
variant,"不同的， 变异的, 变体，变形","There are several variants of this virus.","这种病毒有几种变体。"
generate,"产生； 引起， 导致","The new power plant will generate enough electricity for the entire city.","新发电厂将产生足夠的电力供应整个城市。"
beaver,"忙于, 海狸； 海狸毛皮","The beaver is a large rodent that builds dams.","海狸是一种筑坝的大型啮齿动物。"
passion,"激情， 热情","She has a passion for music.","她对音乐充满热情。"
extreme,"极度的；极端的, 极端","He lives in extreme poverty.","他生活在赤贫之中。"
anecdotal,"轶话的， 逸闻趣事的","The book is full of anecdotal stories.","这本书充满了轶事。"
coordinate,"协调， 相配合, 同等物； 坐标","We need to coordinate our efforts.","我们需要协调我们的努力。"
athlete,"运动员， 体育家","He is a professional athlete.","他是一名职业运动员。"
despoil,"夺取， 掠夺； 蹂躏","The invaders despoiled the city.","侵略者洗劫了这座城市。"
query,"向…提问； 对…表示怀疑, 疑问，问题","I have a query about my bill.","我对我的账单有疑问。"
degree,"程度； 度数； 学位； 等级","The temperature is 30 degrees Celsius.","温度是30摄氏度。"
dismal,"阴沉的， 阴郁的； 忧郁的， 沮丧的； 差劲的","The weather is dismal today.","今天天气阴沉。"
vocalize,"用言语表达； 说， 唱， 发声","She vocalized her feelings of anger.","她用语言表达了她的愤怒。"
astronomy,"天文学","Astronomy is the study of the stars and planets.","天文学是研究恒星和行星的学科。"
ranch,"大牧场， 饲养场","He owns a large ranch in Texas.","他在德克萨斯州拥有一个大牧场。"
tube,"管； 管状物； 管状器官","The water flows through a tube.","水流过一根管子。"
discord,"不一致； 不和， 纷争； 不和谐","There was a lot of discord among the members of the group.","小组成员之间有很多不和。"
ripple,"起涟漪； 扩散, 细浪，涟漪","The stone created a ripple in the water.","石头在水中激起涟漪。"
dismay,"使气馁，使沮丧；使诧异, 灰心， 气馁； 诧异","She was dismayed by the news.","她对这个消息感到沮丧。"
naval,"海军的","He is a naval officer.","他是一名海军军官。"
hint,"暗示， 示意, 暗示，提示；","He gave me a hint about the answer.","他给了我一个关于答案的提示。"
myopic,"近视的； 缺乏远见的","He has a myopic view of the world.","他对世界有短浅的看法。"
illegible,"难以辨认的， 模糊的","His handwriting is illegible.","他的笔迹难以辨认。"
demonstrate,"论证， 证明； 表现， 显露； 示范， 演示； 游行示威","He demonstrated how to use the new software.","他演示了如何使用新软件。"
decompose,"分解； 腐烂","The dead leaves will decompose over time.","枯叶会随着时间的推移而腐烂。"
throng,"群集， 拥向, 一大群人","A throng of people gathered to see the celebrity.","一大群人聚集在一起看名人。"
monument,"纪念碑； 历史遗迹","The Lincoln Memorial is a famous monument in Washington, D.C.","林肯纪念堂是华盛顿特区的一座著名纪念碑。"
inventory,"目录， 清单； 库存","We need to take an inventory of our stock.","我们需要盘点一下我们的库存。"
saunter,"闲逛， 漫步","He sauntered down the street.","他在街上闲逛。"
vivid,"清晰的； 鲜明的； 生动的； 活泼的","She has a vivid imagination.","她有丰富的想象力。"
blues,"布鲁斯音乐， 蓝调","I like to listen to the blues.","我喜欢听布鲁斯音乐。"
defecate,"排便； 澄清","It is important to defecate regularly.","定期排便是很重要的。"
assent,"同意， 赞成","He assented to the proposal.","他同意了这项提议。"
virtue,"美德； 优点","Honesty is a virtue.","诚实是一种美德。"
coverage,"新闻报道； 覆盖范围","The news coverage of the event was extensive.","这次事件的新闻报道很广泛。"
perishable,"易腐的， 易变质的","Meat is a perishable food.","肉是一种易腐烂的食物。"
gradual,"逐渐的， 逐步的； 坡度平缓的， 不陡的","There has been a gradual improvement in his health.","他的健康状况已逐渐好转。"
figure,"身材，体形；轮廓；数字；图形，图表；人物，","The figure on the left is a triangle.","左边的图形是三角形。"
corrupt,"堕落的，腐化的；腐败的，","He is a corrupt politician.","他是个腐败的政客。"
commemorate,"庆祝， 纪念","This statue commemorates the soldiers who died in the war.","这座雕像是为了纪念在战争中牺牲的士兵。"
transmit,"传送， 传递， 输送； 传播， 传染","The disease is transmitted by mosquitoes.","这种疾病是由蚊子传播的。"
consumption,"消耗； 消费； 食用","The consumption of alcohol is harmful to your health.","饮酒有害健康。"
repertory,"保留剧目； 保留剧目轮演； 库存， 储备； 仓库","The theater has a large repertory of plays.","这家剧院有大量的保留剧目。"
hazel,"榛树, 〔眼睛〕绿褐色的","She has hazel eyes.","她有淡褐色的眼睛。"
voltage,"电压， 伏特数","The voltage of the outlet is 110 volts.","插座的电压是110伏特。"
vaccine,"疫苗","The vaccine can protect you from the flu.","疫苗可以保护你免受流感的侵袭。"
zest,"趣味； 热情， 狂热","She has a great zest for life.","她对生活充满热情。"
drought,"干旱， 旱灾","The drought has caused a lot of damage to the crops.","干旱对庄稼造成了很大损失。"
periodical,"周期的， 定期的, 期刊，杂志","I subscribe to a number of periodicals.","我订阅了一些期刊。"
bluff,"虚张声势，吓唬, 直率的， 坦率的, 悬崖，峭壁；虚张声势，唬人","He was bluffing.","他在虚张声势。"
punctual,"守时的","He is always punctual.","他总是很守时。"
compromise,"妥协， 折中","They reached a compromise.","他们达成了妥协。"
advertise,"为…做广告， 宣传； 公告， 公布","The company is advertising its new product on TV.","这家公司正在电视上为它的新产品做广告。"
yogurt,"酸奶","I like to eat yogurt for breakfast.","我喜欢早餐吃酸奶。"
comparative,"比较的；比较级的；相对的, 比较级","This is a comparative study of two different cultures.","这是对两种不同文化的比较研究。"
hesitant,"犹豫的， 吞吞吐吐的， 犹豫不定的","She was hesitant to answer the question.","她对回答这个问题犹豫不决。"
feedback,"反馈； 反馈信息","I'd appreciate some feedback on my work.","我很感谢你对我的工作提出一些反馈意见。"
folklore,"民间传说； 民俗学","The story is part of the local folklore.","这个故事是当地民间传说的一部分。"
credential,"证书； 文凭； 资格","He has the right credentials for the job.","他有胜任这份工作的资历。"
justify,"证明…是正当的； 为…辩护","Can you justify your actions?","你能为你的行为辩解吗？"
review,"审查； 复习； 回顾； 评论； 检阅","I need to review my notes before the exam.","考试前我需要复习一下笔记。"
entrench,"使根深蒂固， 牢固确立","The habit has been entrenched in our society.","这个习惯在我们的社会中根深蒂固。"
timber,"木材， 木料","The house is made of timber.","这所房子是用木头盖的。"
roam,"漫游，漫步，闲逛, 漫步， 漫游","He likes to roam the countryside.","他喜欢在乡间漫步。"
simulate,"模仿， 模拟； 假装， 伪装","The game simulates a real-life situation.","这个游戏模拟了一个真实的生活情景。"
tenet,"原则； 信条； 教义","This is a central tenet of their religion.","这是他们宗教的一个中心信条。"
spectacle,"精彩的表演；壮观的场面；奇观；壮丽的景象；","The fireworks display was a spectacular spectacle.","烟花表演是一场壮观的奇观。"
efficiency,"效率， 功效","The new machine has greatly increased our efficiency.","新机器大大提高了我们的效率。"
ethnic,"种族的； 民族的","There are many different ethnic groups in this city.","这个城市有许多不同的民族。"
lettuce,"生菜； 莴苣","I'd like a salad with lettuce and tomatoes.","我想要一份生菜和西红柿的沙拉。"
intact,"无损伤的， 完整的","The package arrived intact.","包裹完好无损地送到了。"
motto,"座右铭； 箴言， 格言","'Honesty is the best policy' is a well-known motto.","“诚实是最好的策略”是一句著名的格言。"
juvenile,"幼稚的， 不成熟的； 少年的， 未成年的, 幼体；未成年人，少年","He is a juvenile delinquent.","他是个少年犯。"
pervasive,"普遍深入的； 遍及的， 弥漫的","The influence of the media is pervasive.","媒体的影响是无处不在的。"
tableland,"高原， 台地","The Tibetan Plateau is a vast tableland in Central Asia.","青藏高原是中亚一个广阔的高原。"
hive,"入蜂箱；群居, 蜂箱， 蜂房； 闹市， 忙碌之地","The bees were buzzing around the hive.","蜜蜂在蜂巢周围嗡嗡叫。"
laborious,"艰苦的， 费力的， 艰难的； 勤劳的","It was a long and laborious task.","这是一项漫长而艰苦的任务。"
flag,"标记, 旗帜；标记","The flag was flying at half-mast.","旗帜降半旗。"
racing,"比赛的, 比赛， 竞赛","He is a racing driver.","他是一名赛车手。"
sympathetic,"感应的， 交感的； 有同情心的； 体谅的","She is a very sympathetic person.","她是个很有同情心的人。"
freight,"货运；运费, 运送， 货运； 使充满","The goods were transported by freight train.","货物是用货运火车运输的。"
wear,"穿，戴；留；面露，面带；磨损，用旧, 穿戴， 衣着； 服装， 穿戴物； 磨损， 损坏","She was wearing a beautiful dress.","她穿着一件漂亮的连衣裙。"
botany,"植物学； 植物","Botany is the study of plants.","植物学是研究植物的学科。"
range,"变动； 散布； 漫游, 范围；山脉；一系列；射程，距离","The store has a wide range of products.","这家商店有各种各样的产品。"
topsoil,"表层土","The topsoil is very fertile.","表层土非常肥沃。"
aurora,"极光","The aurora borealis is a beautiful natural phenomenon.","北极光是一种美丽的自然现象。"
glamorous,"富有魅力的， 迷人的","She is a glamorous movie star.","她是一位迷人的电影明星。"
disprove,"证明…不成立， 证明…是错误的","He disproved the theory.","他驳斥了这个理论。"
derive,"取得； 起源","The word 'derive' is derived from the Latin word 'derivare'.","“derive”这个词来源于拉丁语“derivare”。"
overseas,"在海外，在国外, 海外的， 国外的","He works overseas.","他在海外工作。"
leak,"漏，渗出，泄漏, 漏洞， 裂缝； 泄露； 走漏","The roof is leaking.","屋顶漏水了。"
complacence,"自满， 满足","His complacence is his own worst enemy.","他的自满是他自己最大的敌人。"
assert,"断言， 声称","He asserted his innocence.","他声称自己是无辜的。"
recall,"回忆起，回想起；召回，叫回；收回，撤销, 记忆力， 记性； 召回","I can't recall his name.","我想不起他的名字了。"
flap,"拍打；振翅；封盖，","The bird flapped its wings.","鸟儿拍打着翅膀。"
leap,"跳跃； 急速行动； 骤变； 激增, 跳跃；骤变；激增","He leaped over the fence.","他跳过篱笆。"
regular,"规则的， 有规律的； 整齐的， 匀称的； 频繁的， 经常的； 正常的； 经常的； 正规的， 正式的","He has a regular heartbeat.","他心跳正常。"
glacial,"冰川期的， 冰河时代的； 寒冷的， 冰冷的； 冷若冰霜的","The glacial period was a time when much of the Earth was covered in ice.","冰川期是地球大部分地区被冰覆盖的时期。"
picturesque,"如画的； 别致的； 生动的","The village is very picturesque.","这个村庄风景如画。"
informed,"有学识的； 见多识广的， 有见识的","He is a well-informed man.","他是个见多识广的人。"
dispute,"争论； 对…表示异议, 争论；纠纷","There was a dispute over the land.","对这块土地有争议。"
aggression,"侵略； 敌对的情绪或行为","The country was accused of aggression.","该国被指控侵略。"
refurbish,"再装修， 重新装饰","They refurbished the old house.","他们翻新了旧房子。"
rugged,"崎岖的， 凹凸不平的； 艰难的； 粗犷的； 结实的， 耐用的； 粗野的， 不文雅的","The terrain is very rugged.","地形非常崎岖。"
lead,"领导，引导；领先，占首位；通向，导致，","He led the team to victory.","他带领球队取得了胜利。"
fraction,"小部分， 一点儿， 少许","Only a fraction of the students passed the exam.","只有一小部分学生通过了考试。"
token,"象征性的, 表示，标志，象征；记号；信物；代币；礼券，代价券","This is a token of my appreciation.","这是我的一点心意。"
filter,"过滤；筛选；走漏；渗入，透过, 过滤器； 筛选","We filtered the water to make it clean.","我们过滤了水使之干净。"
expect,"预期， 期望， 指望","I expect to be back next week.","我预计下周回来。"
emotion,"感情， 激情， 情绪","She was overcome with emotion.","她激动得不知所措。"
soothe,"缓和， 减轻； 抚慰， 安慰","The music soothed her nerves.","音乐使她神经平静下来。"
cease,"结束， 终止， 停止","The rain ceased.","雨停了。"
assess,"估价； 评定","The damage was assessed at $10,000.","损失被估价为1万美元。"
etiquette,"礼节， 礼仪","It's important to have good etiquette.","讲究礼节很重要。"
prescription,"处方， 药方； 开处方， 开药方","I have a prescription for some medicine.","我有一张药方。"
spectator,"观众； 旁观者","The stadium was full of spectators.","体育场里坐满了观众。"
submission,"屈服， 服从； 提交， 呈递； 提交物； 看法， 意见","The deadline for submissions is next Friday.","提交的截止日期是下周五。"
scarce,"缺乏的； 稀有的， 罕见的","Food is scarce in some parts of the world.","世界上有些地方食物短缺。"
obsess,"迷住； 牵挂","He is obsessed with his work.","他痴迷于他的工作。"
utter,"完全的, 出声；说","He uttered a cry of pain.","他发出了一声痛苦的叫声。"
adequate,"适当的； 足够的； 适当的， 胜任的","We have adequate food for everyone.","我们有足够的食物供大家吃。"
fauna,"动物群","The fauna of this region is very diverse.","这个地区的动物群非常多样化。"
uniformity,"同样， 一致； 一致性","There is a uniformity of opinion on this issue.","在这个问题上意见是一致的。"
bustle,"奔忙， 匆匆忙忙, 忙乱嘈杂，喧嚣","The city is a bustle of activity.","这座城市一片繁忙景象。"
dozen,"一打， 十二个","I bought a dozen eggs.","我买了一打鸡蛋。"
tremendous,"惊人的； 巨大的","He has a tremendous amount of energy.","他精力充沛。"
condense,"压缩； 凝结","The steam condensed into water.","蒸汽凝结成水。"
substantiate,"证实， 证明","Can you substantiate your claim?","你能证实你的说法吗？"
divert,"转移…的注意力， 使分心； 使娱乐； 使转向， 使改道","The loud noise diverted my attention.","巨大的噪音分散了我的注意力。"
hygiene,"卫生； 卫生学","Good hygiene is important for good health.","良好的卫生对身体健康很重要。"
sage,"贤明的；审慎的, 智者， 圣人","He is a wise old sage.","他是一位睿智的老圣人。"
tycoon,"巨头， 大亨","He is a real estate tycoon.","他是房地产大亨。"
conspicuous,"显眼的， 明显的","He has a conspicuous scar on his face.","他脸上有一道明显的疤痕。"
justice,"法官； 司法； 正义， 公正","He is a man of justice.","他是个正直的人。"
verse,"诗歌； 韵文； 诗节","I wrote a verse for her birthday.","我为她的生日写了一首诗。"
furious,"狂怒的， 狂暴的； 强烈的， 猛烈的","He was furious with me.","他对我大发雷霆。"
individual,"单独的；独特的, 个人， 个体","Each individual is unique.","每个人都是独一无二的。"
salmon,"鲑鱼， 大马哈鱼","I had salmon for dinner.","我晚饭吃三文鱼。"
bouquet,"花束； 香味， 芬芳","He gave her a bouquet of flowers.","他送给她一束花。"
instinctual,"本能的","It's an instinctual reaction.","这是一种本能的反应。"
constrain,"束缚， 限制","He was constrained by his financial situation.","他受制于他的经济状况。"
empress,"女皇， 皇后","The empress was a powerful ruler.","女皇是一位强大的统治者。"
informant,"提供消息或情报的人， 线人； 提供资料的人； 合作者","The police have an informant in the gang.","警方在帮派里有一个线人。"
tendon,"腱","He tore a tendon in his knee.","他膝盖的肌腱撕裂了。"
interim,"暂时的， 过渡的, 间歇，过渡期间","This is an interim report.","这是一份中期报告。"
testimony,"证词； 证据， 证明","His testimony was a crucial part of the trial.","他的证词是审判的关键部分。"
enforce,"实施， 生效， 执行； 强迫， 迫使","The police are responsible for enforcing the law.","警察负责执法。"
glitter,"闪烁，闪耀, 灿烂的光辉； 诱惑力， 魅力","The stars glittered in the night sky.","星星在夜空中闪烁。"
destined,"注定的； 以…为目的地的","She was destined for greatness.","她注定要成就一番伟业。"
fragile,"易碎的； 脆弱的； 纤巧的； 虚弱的","The glass is fragile, so be careful.","玻璃易碎，请小心。"
painstaking,"煞费苦心的， 勤勉的","She is a painstaking worker.","她是个勤奋的工人。"
sociology,"社会学","Sociology is the study of human society.","社会学是研究人类社会的学科。"
stout,"结实的， 强壮的； 肥胖的； 顽强的","He is a stout man.","他是个结实的男人。"
gigantic,"巨大的， 庞大的","The elephant is a gigantic animal.","大象是一种巨大的动物。"
distinct,"明显的， 清楚的； 确实的； 截然不同的","There is a distinct difference between the two a
forage,"觅食；搜寻, 草料， 饲料","The deer were foraging for food in the forest.","鹿在森林里觅食。"
nomadic,"游牧的； 流浪的","The nomadic tribes of the desert move from place to place in search of food and water.","沙漠中的游牧部落为了寻找食物和水而四处迁徙。"
geology,"地质学； 地质概况","Geology is the study of the Earth's physical structure and substance.","地质学是研究地球物理结构和物质的学科。"
hedge,"用篱笆围； 避免直接回答, 树篱；防止损失的措施；防备","He hedged his bets by investing in a variety of stocks.","他通过投资各种股票来分散风险。"
dragonfly,"蜻蜓","A dragonfly is an insect with a long body and two pairs of wings.","蜻蜓是一种有长身体和两对翅膀的昆虫。"
aware,"知道的； 意识到的","I am aware of the problem.","我知道这个问题。"
eligible,"符合条件的， 合格的； 适合的","You are not eligible for this job.","你不符合这份工作的资格。"
alarm,"闹钟；警报, 使惊恐； 使担心","The fire alarm went off.","火警响了。"
weed,"杂草； 水草","The garden is full of weeds.","花园里长满了杂草。"
Babylonian,"巴比伦的；奢华的, 巴比伦人","The Babylonian empire was one of the most powerful empires in ancient history.","巴比伦帝国是古代历史上最强大的帝国之一。"
glacier,"冰川， 冰河","A glacier is a large mass of ice that moves slowly over land.","冰川是一大块在陆地上缓慢移动的冰。"
ultimatum,"最后通牒","He gave her an ultimatum: either she quit her job or he would leave her.","他给了她一个最后通牒：要么她辞掉工作，要么他离开她。"
horde,"一大群人； 游牧部落","A horde of tourists descended on the small town.","一大群游客涌入小镇。"
rainfall,"降雨； 降雨量","The average annual rainfall in this area is very low.","这个地区的年平均降雨量很低。"
racism,"种族主义， 种族歧视","Racism is a serious problem in many countries.","在许多国家，种族主义是一个严重的问题。"
orientation,"方向， 方位； 定位； 培训； 情况介绍","The company provides a two-week orientation for new employees.","公司为新员工提供为期两周的入职培训。"
luxurious,"奢侈的， 奢华的","He lives a luxurious lifestyle.","他过着奢侈的生活。"
motion,"做动作， 示意, 运动，移动；动作；提议，动议","The motion of the planets is very regular.","行星的运动非常有规律。"
idle,"懒散的；没有工作的，闲散的；空闲的；漫无目的的；无用的，无效的, 无所事事， 虚度","He was idle all day.","他整天无所事事。"
plight,"困境， 苦境","The plight of the refugees is a serious problem.","难民的困境是一个严重的问题。"
match,"匹配, 比赛；对手","This is a good match for my skills.","这很适合我的技能。"
fault,"过错， 过失； 缺点， 弱点； 断层","It's not my fault.","不是我的错。"
interplay,"相互作用， 相互影响","The interplay of light and shadow is beautiful.","光影的相互作用很美。"
hail,"招呼； 高呼； 赞扬， 称颂； 下冰雹, 冰雹；一阵","He was hailed as a hero.","他被誉为英雄。"
accent,"重音； 口音； 重音符号, 重读","She has a strong French accent.","她有很重的法国口音。"
passive,"被动的， 消极的； 被动语态的","He is a very passive person.","他是个很被动的人。"
nauseous,"恶心的； 令人作呕的， 令人厌恶的","The smell of the food made me nauseous.","食物的味道让我恶心。"
fragment,"分裂， 成碎片, 碎片， 断片","The vase broke into a thousand fragments.","花瓶碎成了一千块。"
granite,"花岗岩， 花岗石","The countertop is made of granite.","台面是用花岗岩制成的。"
response,"回答； 反应， 响应","I'm waiting for a response to my letter.","我正在等我信的回音。"
refreshing,"使人耳目一新的； 提神的， 使人精神振作的","It was a refreshing change to see a movie with a happy ending.","看一部结局圆满的电影，真是一种令人耳目一新的改变。"
oblivious,"遗忘的； 未注意的， 不知不觉的","She was oblivious to the danger.","她对危险浑然不觉。"
category,"种类； 范畴","This book belongs to the category of fiction.","这本书属于小说类。"
rival,"竞争的， 对抗的, 与…相匹敌，比得上, 竞争对手","He is my main rival for the job.","他是我的主要工作竞争对手。"